horse_id	年度	順位	出走頭数	勝馬頭数	出走回数	勝利回数	重賞/出走	重賞/勝利	特別/出走	特別/勝利	平場/出走	平場/勝利	芝/出走	芝/勝利	ダート/出走	ダート/勝利	勝馬率	EI	入着賞金(万円)	平均距離(芝)	平均距離(ダ)	代表馬
2001100650	2021	312	9	1	36	1	0.0	0.0	4.0	0.0	32.0	1.0	3.0	0.0	33.0	1.0	0.111	0.35	1476.0	0.0	1800.0	2018103195.0
2001100650	2020	320	10	1	42	2	0.0	0.0	8.0	0.0	34.0	2.0	19.0	0.0	23.0	2.0	0.1	0.46	2838.0	0.0	1400.0	2017105807.0
2001100650	2019	465	4	0	14	0	0.0	0.0	7.0	0.0	7.0	0.0	3.0	0.0	11.0	0.0	0.0	0.48	1174.0	0.0	0.0	2015102824.0
2001100650	2018	287	4	1	16	2	1.0	0.0	2.0	1.0	13.0	1.0	6.0	0.0	10.0	2.0	0.25	1.37	3412.8	0.0	1200.0	2015102824.0
2001100650	2017	480	5	1	14	1	0.0	0.0	0.0	0.0	14.0	1.0	8.0	0.0	6.0	1.0	0.2	0.29	905.0	0.0	1400.0	2015102824.0
2001100650	2016	629	2	0	5	0	0.0	0.0	0.0	0.0	5.0	0.0	3.0	0.0	2.0	0.0	0.0	0.13	160.0	0.0	0.0	2014103511.0
1999106738	2021	478	3	0	10	0	0.0	0.0	2.0	0.0	8.0	0.0	3.0	0.0	7.0	0.0	0.0	0.36	502.0	0.0	0.0	2018100195.0
1999106738	2020	631	6	0	20	0	0.0	0.0	2.0	0.0	18.0	0.0	12.0	0.0	8.0	0.0	0.0	0.08	284.0	0.0	0.0	2016103601.0
1999106738	2019	693	3	0	5	0	0.0	0.0	0.0	0.0	5.0	0.0	3.0	0.0	2.0	0.0	0.0	0.0	0.0	0.0	0.0	2016103601.0
1999106738	2018	559	3	1	9	1	0.0	0.0	3.0	0.0	6.0	1.0	5.0	1.0	4.0	0.0	0.3329999999999999	0.27	500.0	1000.0	0.0	2016103925.0
1999106738	2017	682	3	0	11	0	0.0	0.0	0.0	0.0	11.0	0.0	4.0	0.0	7.0	0.0	0.0	0.0	0.0	0.0	0.0	2015101044.0
1999106738	2016	669	1	0	1	0	0.0	0.0	0.0	0.0	1.0	0.0	0.0	0.0	1.0	0.0	0.0	0.0	0.0	0.0	0.0	2014105491.0
000a0114b8	2021	233	7	2	25	3	1.0	0.0	3.0	0.0	21.0	3.0	11.0	0.0	14.0	3.0	0.286	0.8	2617.0	0.0	1400.0	2018101929.0
000a0114b8	2020	232	9	1	29	2	0.0	0.0	7.0	2.0	22.0	0.0	26.0	2.0	3.0	0.0	0.111	0.91	5053.4	1200.0	0.0	2015101571.0
000a0114b8	2019	301	6	1	26	1	0.0	0.0	5.0	1.0	21.0	0.0	18.0	1.0	8.0	0.0	0.1669999999999999	0.85	3159.2	1200.0	0.0	2015101571.0
000a0114b8	2018	495	3	1	9	1	0.0	0.0	2.0	0.0	7.0	1.0	9.0	1.0	0.0	0.0	0.3329999999999999	0.43	810.0	1400.0	0.0	2015101571.0
000a0114b8	2017	595	3	0	5	0	0.0	0.0	0.0	0.0	5.0	0.0	3.0	0.0	2.0	0.0	0.0	0.15	280.0	0.0	0.0	2015101571.0
000a0114b8	2016	669	1	0	4	0	0.0	0.0	0.0	0.0	4.0	0.0	3.0	0.0	1.0	0.0	0.0	0.0	0.0	0.0	0.0	2014105193.0
2003102991	2021	44	81	3	249	4	6.0	0.0	44.0	1.0	199.0	3.0	102.0	2.0	145.0	2.0	0.037	0.47	17770.4	2200.0	1800.0	2018103369.0
2003102991	2020	30	106	21	391	25	7.0	0.0	72.0	8.0	312.0	17.0	190.0	9.0	201.0	16.0	0.198	0.72	47423.3	1733.3	1428.1	2016105885.0
2003102991	2019	54	83	19	302	23	4.0	0.0	39.0	2.0	259.0	21.0	155.0	15.0	145.0	8.0	0.2289999999999999	0.57	28937.3	1600.0	1393.8	2016105669.0
2003102991	2018	62	60	13	234	19	4.0	0.0	21.0	4.0	209.0	15.0	110.0	7.0	124.0	12.0	0.217	0.67	24912.0	1742.9	1541.7	2015102979.0
2003102991	2017	153	33	6	124	7	3.0	0.0	6.0	0.0	115.0	7.0	67.0	6.0	56.0	1.0	0.182	0.47	9681.4	1733.3	1150.0	2015105082.0
2003102991	2016	474	11	0	31	0	0.0	0.0	0.0	0.0	31.0	0.0	20.0	0.0	11.0	0.0	0.0	0.14	935.0	0.0	0.0	2014103301.0
2000101561	2021	105	14	4	54	4	1.0	0.0	12.0	2.0	41.0	2.0	35.0	4.0	19.0	0.0	0.286	1.09	7101.8	1950.0	0.0	2016100970.0
2000101561	2020	153	17	3	88	5	0.0	0.0	18.0	1.0	70.0	4.0	44.0	2.0	44.0	3.0	0.176	0.82	8603.7	2000.0	1200.0	2016100970.0
2000101561	2019	255	12	2	69	2	1.0	0.0	10.0	1.0	58.0	1.0	42.0	1.0	27.0	1.0	0.1669999999999999	0.58	4258.6	2000.0	1400.0	2016100269.0
2000101561	2018	266	9	3	30	3	1.0	0.0	5.0	0.0	24.0	3.0	22.0	3.0	8.0	0.0	0.3329999999999999	0.71	3996.7	1666.7	0.0	2016100970.0
2000101561	2017	672	6	0	9	0	0.0	0.0	0.0	0.0	9.0	0.0	7.0	0.0	2.0	0.0	0.0	0.01	50.0	0.0	0.0	2015101963.0
2000101561	2016	669	1	0	1	0	0.0	0.0	0.0	0.0	1.0	0.0	1.0	0.0	0.0	0.0	0.0	0.0	0.0	0.0	0.0	2014100866.0
000a010cdf	2021	75	8	4	25	5	5.0	0.0	7.0	2.0	13.0	3.0	15.0	4.0	10.0	1.0	0.5	3.17	11808.6	1750.0	1200.0	2016100915.0
000a010cdf	2020	100	11	3	25	3	5.0	1.0	3.0	0.0	17.0	2.0	16.0	3.0	7.0	0.0	0.273	2.12	14413.7	1866.7	0.0	2016100915.0
000a010cdf	2019	196	6	3	32	5	2.0	0.0	9.0	1.0	21.0	4.0	16.0	3.0	6.0	1.0	0.5	1.73	6401.2	2133.3	1900.0	2016100915.0
000a010cdf	2018	315	3	2	21	3	0.0	0.0	4.0	1.0	17.0	2.0	9.0	2.0	9.0	1.0	0.667	1.52	2848.0	1900.0	1900.0	2015110020.0
000a010cdf	2017	455	3	1	6	1	0.0	0.0	0.0	0.0	6.0	1.0	4.0	0.0	2.0	1.0	0.3329999999999999	0.59	1110.0	0.0	2000.0	2014100870.0
000a010cdf	2016	669	1	0	3	0	0.0	0.0	0.0	0.0	3.0	0.0	1.0	0.0	2.0	0.0	0.0	0.0	0.0	0.0	0.0	2013102083.0
000a010a64	2021	457	2	0	12	0	0.0	0.0	0.0	0.0	12.0	0.0	0.0	0.0	12.0	0.0	0.0	0.58	542.0	0.0	0.0	2018100424.0
000a010a64	2020	584	3	0	17	0	0.0	0.0	3.0	0.0	14.0	0.0	2.0	0.0	15.0	0.0	0.0	0.26	490.0	0.0	0.0	2016103101.0
000a010a64	2019	381	2	2	12	2	0.0	0.0	0.0	0.0	12.0	2.0	0.0	0.0	12.0	2.0	1.0	1.6	1975.0	0.0	1400.0	2016103101.0
000a010a64	2018	515	2	0	9	0	0.0	0.0	0.0	0.0	9.0	0.0	2.0	0.0	7.0	0.0	0.0	0.59	730.0	0.0	0.0	2015101378.0
000a010a64	2017	656	1	0	5	0	0.0	0.0	0.0	0.0	5.0	0.0	5.0	0.0	0.0	0.0	0.0	0.12	75.0	0.0	0.0	2014101972.0
000a010a64	2016	669	1	0	1	0	0.0	0.0	0.0	0.0	1.0	0.0	1.0	0.0	0.0	0.0	0.0	0.0	0.0	0.0	0.0	2014101972.0
000a011099	2021	207	11	3	33	3	0.0	0.0	3.0	0.0	30.0	3.0	5.0	0.0	28.0	3.0	0.273	0.61	3119.0	0.0	1600.0	2018100993.0
000a011099	2020	319	12	2	39	2	0.0	0.0	1.0	0.0	38.0	2.0	11.0	0.0	28.0	2.0	0.1669999999999999	0.38	2850.0	0.0	1200.0	2017100275.0
000a011099	2019	376	4	1	16	1	0.0	0.0	0.0	0.0	16.0	1.0	1.0	0.0	15.0	1.0	0.25	0.82	2010.0	0.0	1000.0	2015101952.0
000a011099	2018	601	2	0	4	0	0.0	0.0	0.0	0.0	4.0	0.0	0.0	0.0	4.0	0.0	0.0	0.18	230.0	0.0	0.0	2015101952.0
000a011099	2017	682	1	0	1	0	0.0	0.0	1.0	0.0	0.0	0.0	1.0	0.0	0.0	0.0	0.0	0.0	0.0	0.0	0.0	2015101952.0
000a011099	2016	669	1	0	1	0	0.0	0.0	0.0	0.0	1.0	0.0	1.0	0.0	0.0	0.0	0.0	0.0	0.0	0.0	0.0	2013104052.0
2002102324	2021	145	14	3	41	4	1.0	0.0	4.0	1.0	36.0	3.0	3.0	0.0	35.0	4.0	0.214	0.73	4752.4	0.0	1450.0	2018100590.0
2002102324	2020	250	17	3	74	3	0.0	0.0	2.0	0.0	72.0	3.0	26.0	0.0	44.0	3.0	0.176	0.43	4510.5	0.0	1533.3	2017103184.0
2002102324	2019	448	10	1	32	1	0.0	0.0	1.0	0.0	31.0	1.0	8.0	0.0	24.0	1.0	0.1	0.21	1310.0	0.0	1600.0	2016105843.0
2002102324	2018	581	6	0	17	0	1.0	0.0	0.0	0.0	16.0	0.0	12.0	0.0	5.0	0.0	0.0	0.09	320.0	0.0	0.0	2016105843.0
2002102324	2017	682	3	0	7	0	0.0	0.0	0.0	0.0	7.0	0.0	3.0	0.0	4.0	0.0	0.0	0.0	0.0	0.0	0.0	2014104602.0
2002102324	2016	669	3	0	6	0	0.0	0.0	0.0	0.0	6.0	0.0	4.0	0.0	2.0	0.0	0.0	0.0	0.0	0.0	0.0	2014104602.0
000a0116a1	2021	39	9	5	23	6	1.0	1.0	4.0	0.0	18.0	5.0	15.0	5.0	8.0	1.0	0.556	4.58	19182.2	1400.0	1800.0	2015102377.0
000a0116a1	2020	54	13	6	50	9	7.0	3.0	5.0	1.0	38.0	5.0	29.0	6.0	21.0	3.0	0.462	3.59	28884.9	1300.0	1766.7	2015102377.0
000a0116a1	2019	71	11	6	44	8	5.0	2.0	14.0	1.0	25.0	5.0	14.0	3.0	30.0	5.0	0.545	3.28	22222.2	1333.3	1280.0	2015102377.0
000a0116a1	2018	95	7	5	39	7	8.0	1.0	10.0	1.0	21.0	5.0	15.0	3.0	24.0	4.0	0.7140000000000001	3.65	15916.8	1200.0	1200.0	2015102377.0
000a0116a1	2017	190	5	4	18	6	1.0	0.0	1.0	1.0	16.0	5.0	8.0	3.0	10.0	3.0	0.8	2.31	7198.2	1466.7	1500.0	2015102377.0
000a0116a1	2016	572	2	0	2	0	0.0	0.0	0.0	0.0	2.0	0.0	1.0	0.0	1.0	0.0	0.0	0.29	360.0	0.0	0.0	2014101093.0
000a0113a0	2021	406	3	1	4	1	1.0	0.0	0.0	0.0	3.0	1.0	0.0	0.0	4.0	1.0	0.3329999999999999	0.57	800.0	0.0	1800.0	2018106466.0
000a0113a0	2020	347	5	1	10	1	0.0	0.0	2.0	1.0	8.0	0.0	2.0	0.0	8.0	1.0	0.2	0.79	2443.6	0.0	1800.0	2015103311.0
000a0113a0	2019	384	3	1	4	1	0.0	0.0	1.0	1.0	3.0	0.0	1.0	0.0	3.0	1.0	0.3329999999999999	1.04	1916.6	0.0	1800.0	2015103311.0
000a0113a0	2018	337	2	1	5	1	1.0	0.0	3.0	1.0	1.0	0.0	2.0	0.0	3.0	1.0	0.5	1.96	2445.6	0.0	1800.0	2015103311.0
000a0113a0	2017	411	2	1	8	2	0.0	0.0	1.0	0.0	7.0	2.0	4.0	0.0	4.0	2.0	0.5	1.19	1490.0	0.0	1800.0	2015103311.0
000a0113a0	2016	513	1	1	1	1	0.0	0.0	0.0	0.0	1.0	1.0	1.0	1.0	0.0	0.0	1.0	1.13	700.0	2000.0	0.0	2014103487.0
000a0109d5	2021	120	10	3	32	3	0.0	0.0	7.0	1.0	25.0	2.0	2.0	0.0	30.0	3.0	0.3	1.24	5751.7	0.0	1466.7	2017106085.0
000a0109d5	2020	269	9	2	49	3	0.0	0.0	3.0	0.0	46.0	3.0	8.0	0.0	41.0	3.0	0.222	0.7	3893.1	0.0	1800.0	2017106085.0
000a0109d5	2019	385	5	2	17	2	0.0	0.0	1.0	0.0	16.0	2.0	3.0	1.0	14.0	1.0	0.4	0.62	1910.0	1600.0	1000.0	2014104123.0
000a0109d5	2018	407	4	1	25	1	0.0	0.0	0.0	0.0	25.0	1.0	3.0	0.0	19.0	1.0	0.25	0.6	1500.0	0.0	1300.0	2016102722.0
000a0109d5	2017	538	3	1	11	1	0.0	0.0	0.0	0.0	11.0	1.0	8.0	1.0	3.0	0.0	0.3329999999999999	0.33	625.0	1200.0	0.0	2014106503.0
000a0109d5	2016	669	1	0	1	0	0.0	0.0	0.0	0.0	1.0	0.0	1.0	0.0	0.0	0.0	0.0	0.0	0.0	0.0	0.0	2014104123.0
000a010dc8	2021	128	9	3	25	3	0.0	0.0	11.0	0.0	14.0	3.0	10.0	1.0	14.0	2.0	0.3329999999999999	1.29	5386.9	2000.0	1300.0	2015102750.0
000a010dc8	2020	158	8	3	32	3	6.0	0.0	5.0	1.0	21.0	2.0	13.0	1.0	14.0	2.0	0.375	1.64	8136.9	2000.0	1250.0	2017103572.0
000a010dc8	2019	240	5	3	23	4	0.0	0.0	1.0	0.0	22.0	4.0	16.0	3.0	7.0	1.0	0.6	1.53	4710.0	1800.0	1200.0	2016105768.0
000a010dc8	2018	390	4	1	16	1	0.0	0.0	2.0	0.0	14.0	1.0	4.0	0.0	12.0	1.0	0.25	0.66	1637.0	0.0	1400.0	2015102750.0
000a010dc8	2017	504	2	1	5	1	0.0	0.0	0.0	0.0	5.0	1.0	2.0	0.0	3.0	1.0	0.5	0.62	775.0	0.0	1200.0	2015100547.0
000a010dc8	2016	644	1	0	4	0	0.0	0.0	0.0	0.0	4.0	0.0	4.0	0.0	0.0	0.0	0.0	0.12	75.0	0.0	0.0	2014102932.0
1999102595	2021	601	1	0	4	0	0.0	0.0	2.0	0.0	2.0	0.0	4.0	0.0	0.0	0.0	0.0	0.16	73.0	0.0	0.0	2018101729.0
1999102595	2020	560	1	1	6	1	0.0	0.0	0.0	0.0	6.0	1.0	5.0	1.0	1.0	0.0	1.0	0.95	587.0	2000.0	0.0	2018101729.0
1999102595	2019	693	1	0	2	0	0.0	0.0	0.0	0.0	2.0	0.0	0.0	0.0	2.0	0.0	0.0	0.0	0.0	0.0	0.0	2016100340.0
1999102595	2018	669	2	0	6	0	0.0	0.0	0.0	0.0	6.0	0.0	1.0	0.0	5.0	0.0	0.0	0.0	0.0	0.0	0.0	2015100331.0
1999102595	2017	501	2	0	10	0	0.0	0.0	0.0	0.0	10.0	0.0	2.0	0.0	8.0	0.0	0.0	0.62	780.0	0.0	0.0	2014100327.0
1999102595	2016	658	1	0	2	0	0.0	0.0	0.0	0.0	2.0	0.0	1.0	0.0	1.0	0.0	0.0	0.11	70.0	0.0	0.0	2014100327.0
1997110152	2021	373	4	1	13	1	0.0	0.0	6.0	0.0	7.0	1.0	11.0	1.0	2.0	0.0	0.25	0.54	1003.5	1600.0	0.0	2018100445.0
1997110152	2020	412	5	1	21	1	0.0	0.0	12.0	0.0	9.0	1.0	16.0	1.0	5.0	0.0	0.2	0.52	1597.0	1600.0	0.0	2018103143.0
1997110152	2019	198	7	2	31	3	0.0	0.0	7.0	1.0	24.0	2.0	18.0	3.0	13.0	0.0	0.286	1.47	6347.2	1333.3	0.0	2015101399.0
1997110152	2018	341	5	1	18	2	0.0	0.0	1.0	0.0	17.0	2.0	11.0	2.0	7.0	0.0	0.2	0.76	2355.0	1300.0	0.0	2015101399.0
1997110152	2017	656	3	0	10	0	0.0	0.0	0.0	0.0	10.0	0.0	6.0	0.0	4.0	0.0	0.0	0.04	75.0	0.0	0.0	2015103974.0
1997110152	2016	617	1	0	2	0	0.0	0.0	0.0	0.0	2.0	0.0	2.0	0.0	0.0	0.0	0.0	0.29	180.0	0.0	0.0	2014101992.0
000a01169b	2021	513	2	0	7	0	0.0	0.0	1.0	0.0	6.0	0.0	4.0	0.0	3.0	0.0	0.0	0.35	330.0	0.0	0.0	2018103918.0
000a01169b	2020	491	2	1	6	1	0.0	0.0	2.0	0.0	4.0	1.0	3.0	0.0	3.0	1.0	0.5	0.74	910.0	0.0	1000.0	2016101139.0
000a01169b	2019	496	1	1	8	1	0.0	0.0	0.0	0.0	8.0	1.0	0.0	0.0	8.0	1.0	1.0	1.42	875.0	0.0	1200.0	2016101139.0
000a01169b	2018	399	3	1	8	1	0.0	0.0	3.0	0.0	5.0	1.0	0.0	0.0	8.0	1.0	0.3329999999999999	0.84	1564.3	0.0	1800.0	2013110091.0
000a01169b	2017	439	2	1	10	1	0.0	0.0	1.0	0.0	9.0	1.0	2.0	0.0	8.0	1.0	0.5	0.99	1235.0	0.0	1600.0	2013110091.0
000a01169b	2016	557	1	1	3	1	0.0	0.0	1.0	0.0	2.0	1.0	1.0	0.0	2.0	1.0	1.0	0.77	480.0	0.0	1400.0	2013110091.0
000a011187	2021	569	1	0	2	0	0.0	0.0	0.0	0.0	2.0	0.0	0.0	0.0	2.0	0.0	0.0	0.32	150.0	0.0	0.0	2018110121.0
000a011187	2019	693	1	0	3	0	0.0	0.0	0.0	0.0	3.0	0.0	0.0	0.0	3.0	0.0	0.0	0.0	0.0	0.0	0.0	2016101733.0
000a011187	2018	654	1	0	2	0	0.0	0.0	0.0	0.0	2.0	0.0	2.0	0.0	0.0	0.0	0.0	0.11	70.0	0.0	0.0	2014103102.0
000a011187	2017	682	1	0	4	0	0.0	0.0	0.0	0.0	4.0	0.0	2.0	0.0	2.0	0.0	0.0	0.0	0.0	0.0	0.0	2013103316.0
000a011187	2016	617	1	0	2	0	0.0	0.0	0.0	0.0	2.0	0.0	2.0	0.0	0.0	0.0	0.0	0.29	180.0	0.0	0.0	2014103102.0
000a01139e	2021	379	6	1	14	1	0.0	0.0	1.0	0.0	13.0	1.0	8.0	0.0	5.0	1.0	0.1669999999999999	0.34	954.0	0.0	2100.0	2018105973.0
000a01139e	2020	400	6	1	22	1	0.0	0.0	2.0	0.0	20.0	1.0	11.0	1.0	9.0	0.0	0.1669999999999999	0.46	1691.1	2000.0	0.0	2018106795.0
000a01139e	2019	509	7	0	23	0	0.0	0.0	5.0	0.0	18.0	0.0	15.0	0.0	8.0	0.0	0.0	0.19	819.7	0.0	0.0	2014100721.0
000a01139e	2018	535	5	0	15	0	0.0	0.0	4.0	0.0	11.0	0.0	14.0	0.0	1.0	0.0	0.0	0.22	675.0	0.0	0.0	2016104806.0
000a01139e	2017	571	3	0	17	0	0.0	0.0	5.0	0.0	12.0	0.0	11.0	0.0	6.0	0.0	0.0	0.23	425.0	0.0	0.0	2014100721.0
000a01139e	2016	468	3	1	10	1	0.0	0.0	3.0	0.0	7.0	1.0	8.0	1.0	2.0	0.0	0.3329999999999999	0.53	990.0	1800.0	0.0	2014100721.0
000a010bca	2021	381	2	1	5	1	0.0	0.0	0.0	0.0	5.0	1.0	0.0	0.0	5.0	1.0	0.5	1.01	940.0	0.0	1200.0	2018103007.0
000a010bca	2020	529	2	1	7	1	0.0	0.0	2.0	0.0	5.0	1.0	2.0	0.0	5.0	1.0	0.5	0.59	730.0	0.0	1200.0	2017102792.0
000a010bca	2019	475	2	1	6	1	0.0	0.0	2.0	0.0	4.0	1.0	2.0	0.0	4.0	1.0	0.5	0.89	1100.0	0.0	1150.0	2017102792.0
000a010bca	2018	669	3	0	10	0	0.0	0.0	1.0	0.0	9.0	0.0	1.0	0.0	9.0	0.0	0.0	0.0	0.0	0.0	0.0	2013102798.0
000a010bca	2017	387	1	1	7	2	0.0	0.0	0.0	0.0	7.0	2.0	0.0	0.0	7.0	2.0	1.0	2.7	1685.0	0.0	1200.0	2013102798.0
000a010bca	2016	498	1	1	6	1	0.0	0.0	1.0	0.0	5.0	1.0	1.0	0.0	5.0	1.0	1.0	1.25	780.0	0.0	1200.0	2013102798.0
000a011c22	2021	235	2	1	8	1	0.0	0.0	3.0	1.0	5.0	0.0	4.0	0.0	4.0	1.0	0.5	2.74	2551.2	0.0	1200.0	2017102899.0
000a011c22	2020	410	1	1	6	2	0.0	0.0	1.0	0.0	5.0	2.0	0.0	0.0	6.0	2.0	1.0	2.6	1610.0	0.0	1400.0	2017102899.0
000a011c22	2019	652	1	0	1	0	0.0	0.0	0.0	0.0	1.0	0.0	0.0	0.0	1.0	0.0	0.0	0.18	110.0	0.0	0.0	2017102899.0
000a011c22	2018	669	1	0	2	0	0.0	0.0	2.0	0.0	0.0	0.0	2.0	0.0	0.0	0.0	0.0	0.0	0.0	0.0	0.0	2014110063.0
000a011c22	2017	558	1	1	4	1	0.0	0.0	2.0	0.0	2.0	1.0	4.0	1.0	0.0	0.0	1.0	0.8	500.0	1200.0	0.0	2014110063.0
000a011c22	2016	575	1	0	7	0	0.0	0.0	0.0	0.0	7.0	0.0	6.0	0.0	1.0	0.0	0.0	0.53	330.0	0.0	0.0	2014110063.0
000a002169	2019	670	1	0	4	0	0.0	0.0	0.0	0.0	4.0	0.0	4.0	0.0	0.0	0.0	0.0	0.12	75.0	0.0	0.0	2016102157.0
000a002169	2017	603	1	0	5	0	0.0	0.0	0.0	0.0	5.0	0.0	4.0	0.0	1.0	0.0	0.0	0.44	275.0	0.0	0.0	2014103537.0
000a002169	2016	669	1	0	1	0	0.0	0.0	0.0	0.0	1.0	0.0	1.0	0.0	0.0	0.0	0.0	0.0	0.0	0.0	0.0	2014103537.0
000a01124c	2021	358	2	1	6	1	0.0	0.0	0.0	0.0	6.0	1.0	4.0	1.0	2.0	0.0	0.5	1.16	1077.0	2000.0	0.0	2018104732.0
000a01124c	2020	606	4	0	10	0	0.0	0.0	1.0	0.0	9.0	0.0	4.0	0.0	6.0	0.0	0.0	0.15	380.0	0.0	0.0	2018104732.0
000a01124c	2019	461	5	1	26	1	0.0	0.0	5.0	0.0	21.0	1.0	16.0	0.0	10.0	1.0	0.2	0.4	1220.0	0.0	1400.0	2015103236.0
000a01124c	2018	272	6	3	27	3	0.0	0.0	5.0	1.0	22.0	2.0	9.0	1.0	16.0	2.0	0.5	1.02	3804.3	1200.0	1200.0	2014103389.0
000a01124c	2017	451	3	1	11	1	1.0	0.0	3.0	0.0	7.0	1.0	11.0	1.0	0.0	0.0	0.3329999999999999	0.6	1130.0	1400.0	0.0	2014103389.0
000a01124c	2016	513	1	1	4	1	0.0	0.0	3.0	0.0	1.0	1.0	4.0	1.0	0.0	0.0	1.0	1.13	700.0	1600.0	0.0	2014103389.0
000a011b6e	2021	590	2	0	4	0	0.0	0.0	0.0	0.0	4.0	0.0	1.0	0.0	2.0	0.0	0.0	0.08	77.0	0.0	0.0	2018105980.0
000a011b6e	2020	702	3	0	4	0	0.0	0.0	0.0	0.0	4.0	0.0	2.0	0.0	2.0	0.0	0.0	0.0	0.0	0.0	0.0	2017104759.0
000a011b6e	2019	626	2	0	3	0	0.0	0.0	0.0	0.0	3.0	0.0	2.0	0.0	1.0	0.0	0.0	0.15	180.0	0.0	0.0	2017105313.0
000a011b6e	2018	633	2	0	2	0	0.0	0.0	0.0	0.0	2.0	0.0	1.0	0.0	1.0	0.0	0.0	0.09	110.0	0.0	0.0	2014105915.0
000a011b6e	2017	279	2	1	6	1	0.0	0.0	5.0	0.0	1.0	1.0	6.0	1.0	0.0	0.0	0.5	2.77	3457.6	2200.0	0.0	2013105870.0
000a011b6e	2016	249	2	1	7	3	0.0	0.0	3.0	1.0	4.0	2.0	7.0	3.0	0.0	0.0	0.5	3.3	4107.2	2066.7	0.0	2013105870.0
000a010d05	2020	671	2	0	8	0	1.0	0.0	1.0	0.0	6.0	0.0	1.0	0.0	7.0	0.0	0.0	0.09	110.0	0.0	0.0	2017103229.0
000a010d05	2019	188	2	1	9	4	0.0	0.0	5.0	3.0	4.0	1.0	0.0	0.0	9.0	4.0	0.5	5.51	6791.8	0.0	1150.0	2016110139.0
000a010d05	2018	420	2	2	2	2	0.0	0.0	0.0	0.0	2.0	2.0	0.0	0.0	2.0	2.0	1.0	1.12	1400.0	0.0	1300.0	2016110139.0
000a010d05	2017	682	1	0	1	0	0.0	0.0	0.0	0.0	1.0	0.0	0.0	0.0	1.0	0.0	0.0	0.0	0.0	0.0	0.0	2014104212.0
000a010d05	2016	489	1	1	4	1	0.0	0.0	1.0	0.0	3.0	1.0	0.0	0.0	4.0	1.0	1.0	1.3	810.0	0.0	1400.0	2014104212.0
000a010612	2021	285	4	1	17	1	0.0	0.0	0.0	0.0	17.0	1.0	8.0	1.0	9.0	0.0	0.25	0.94	1744.0	2000.0	0.0	2018102158.0
000a010612	2020	488	3	1	16	1	0.0	0.0	0.0	0.0	16.0	1.0	3.0	0.0	13.0	1.0	0.3329999999999999	0.5	924.0	0.0	1300.0	2017109086.0
000a010612	2019	389	5	0	20	0	0.0	0.0	7.0	0.0	13.0	0.0	13.0	0.0	7.0	0.0	0.0	0.6	1842.0	0.0	0.0	2014103163.0
000a010612	2018	616	4	0	14	0	0.0	0.0	1.0	0.0	13.0	0.0	5.0	0.0	9.0	0.0	0.0	0.07	185.0	0.0	0.0	2015103844.0
000a010612	2017	350	3	1	19	1	3.0	0.0	4.0	0.0	12.0	1.0	15.0	1.0	4.0	0.0	0.3329999999999999	1.15	2160.2	2000.0	0.0	2014103163.0
000a010612	2016	470	2	1	4	1	0.0	0.0	0.0	0.0	4.0	1.0	4.0	1.0	0.0	0.0	0.5	0.76	950.0	1800.0	0.0	2014103163.0
2000107407	2021	513	1	0	3	0	0.0	0.0	0.0	0.0	3.0	0.0	1.0	0.0	2.0	0.0	0.0	0.71	330.0	0.0	0.0	2018101728.0
2000107407	2020	620	2	0	4	0	0.0	0.0	0.0	0.0	4.0	0.0	3.0	0.0	1.0	0.0	0.0	0.25	310.0	0.0	0.0	2018101728.0
2000107407	2019	693	1	0	4	0	0.0	0.0	0.0	0.0	4.0	0.0	3.0	0.0	1.0	0.0	0.0	0.0	0.0	0.0	0.0	2017101547.0
2000107407	2017	682	1	0	5	0	0.0	0.0	0.0	0.0	5.0	0.0	1.0	0.0	4.0	0.0	0.0	0.0	0.0	0.0	0.0	2014104096.0
2000107407	2016	658	1	0	2	0	0.0	0.0	0.0	0.0	2.0	0.0	0.0	0.0	2.0	0.0	0.0	0.11	70.0	0.0	0.0	2014104096.0
000a011651	2021	618	1	0	2	0	2.0	0.0	0.0	0.0	0.0	0.0	2.0	0.0	0.0	0.0	0.0	0.0	0.0	0.0	0.0	2017104753.0
000a011651	2020	164	1	1	6	2	5.0	1.0	1.0	1.0	0.0	0.0	6.0	2.0	0.0	0.0	1.0	12.72	7868.1	1700.0	0.0	2017104753.0
000a011651	2019	535	2	1	2	1	0.0	0.0	0.0	0.0	2.0	1.0	2.0	1.0	0.0	0.0	0.5	0.57	700.0	1600.0	0.0	2017104753.0
000a011651	2018	464	1	0	9	0	0.0	0.0	2.0	0.0	7.0	0.0	9.0	0.0	0.0	0.0	0.0	1.61	1000.0	0.0	0.0	2014105497.0
000a011651	2017	509	1	1	4	1	0.0	0.0	2.0	0.0	2.0	1.0	4.0	1.0	0.0	0.0	1.0	1.21	755.1	1600.0	0.0	2014105497.0
000a011651	2016	571	2	0	6	0	0.0	0.0	0.0	0.0	6.0	0.0	2.0	0.0	4.0	0.0	0.0	0.3	378.0	0.0	0.0	2014105497.0
000a011480	2021	490	4	0	13	0	0.0	0.0	0.0	0.0	13.0	0.0	3.0	0.0	10.0	0.0	0.0	0.23	431.0	0.0	0.0	2019101749.0
000a011480	2020	443	4	1	20	1	0.0	0.0	0.0	0.0	20.0	1.0	7.0	0.0	13.0	1.0	0.25	0.52	1286.5	0.0	1000.0	2017101400.0
000a011480	2019	642	3	0	5	0	0.0	0.0	0.0	0.0	5.0	0.0	4.0	0.0	1.0	0.0	0.0	0.07	135.0	0.0	0.0	2014102650.0
000a011480	2018	669	1	0	1	0	0.0	0.0	1.0	0.0	0.0	0.0	0.0	0.0	1.0	0.0	0.0	0.0	0.0	0.0	0.0	2014102650.0
000a011480	2017	682	1	0	5	0	0.0	0.0	0.0	0.0	5.0	0.0	3.0	0.0	2.0	0.0	0.0	0.0	0.0	0.0	0.0	2015101484.0
000a011480	2016	669	1	0	1	0	0.0	0.0	0.0	0.0	1.0	0.0	1.0	0.0	0.0	0.0	0.0	0.0	0.0	0.0	0.0	2014105873.0
000a010bac	2021	347	2	2	8	2	0.0	0.0	2.0	0.0	6.0	2.0	7.0	2.0	1.0	0.0	1.0	1.29	1198.0	1900.0	0.0	2017103050.0
000a010bac	2020	573	3	0	7	0	0.0	0.0	5.0	0.0	2.0	0.0	6.0	0.0	1.0	0.0	0.0	0.3	550.0	0.0	0.0	2017103050.0
000a010bac	2019	223	2	1	12	2	2.0	0.0	8.0	1.0	2.0	1.0	12.0	2.0	0.0	0.0	0.5	4.16	5121.8	1700.0	0.0	2016105026.0
000a010bac	2018	299	4	3	13	3	2.0	0.0	4.0	1.0	7.0	2.0	11.0	3.0	2.0	0.0	0.75	1.26	3148.6	1600.0	0.0	2015104331.0
000a010bac	2017	464	4	2	9	2	0.0	0.0	0.0	0.0	9.0	2.0	8.0	2.0	1.0	0.0	0.5	0.42	1050.0	1400.0	0.0	2014105499.0
000a010bac	2016	669	1	0	2	0	0.0	0.0	0.0	0.0	2.0	0.0	0.0	0.0	2.0	0.0	0.0	0.0	0.0	0.0	0.0	2014101568.0
000a0111b5	2021	314	2	0	16	0	0.0	0.0	0.0	0.0	16.0	0.0	10.0	0.0	6.0	0.0	0.0	1.57	1465.0	0.0	0.0	2018103927.0
000a0111b5	2020	321	7	2	31	2	1.0	0.0	6.0	0.0	24.0	2.0	26.0	2.0	5.0	0.0	0.286	0.65	2833.3	1600.0	0.0	2017103667.0
000a0111b5	2019	400	6	1	17	1	0.0	0.0	2.0	0.0	15.0	1.0	11.0	0.0	6.0	1.0	0.1669999999999999	0.46	1716.1	0.0	1200.0	2015105783.0
000a0111b5	2018	380	4	1	17	1	0.0	0.0	1.0	0.0	16.0	1.0	14.0	1.0	3.0	0.0	0.25	0.7	1740.0	2000.0	0.0	2015105783.0
000a0111b5	2017	543	3	0	10	0	0.0	0.0	0.0	0.0	10.0	0.0	7.0	0.0	3.0	0.0	0.0	0.32	600.0	0.0	0.0	2014109049.0
000a0111b5	2016	669	1	0	5	0	0.0	0.0	0.0	0.0	5.0	0.0	3.0	0.0	2.0	0.0	0.0	0.0	0.0	0.0	0.0	2013105369.0
1999109275	2021	497	2	0	8	0	0.0	0.0	6.0	0.0	2.0	0.0	6.0	0.0	2.0	0.0	0.0	0.41	385.1	0.0	0.0	2015100023.0
1999109275	2020	379	2	1	13	2	1.0	0.0	5.0	0.0	7.0	2.0	13.0	2.0	0.0	0.0	0.5	1.62	2003.2	2300.0	0.0	2017101230.0
1999109275	2019	506	1	0	6	0	0.0	0.0	3.0	0.0	3.0	0.0	6.0	0.0	0.0	0.0	0.0	1.34	823.4	0.0	0.0	2015100023.0
1999109275	2018	463	1	1	5	1	1.0	0.0	2.0	0.0	2.0	1.0	5.0	1.0	0.0	0.0	1.0	1.62	1010.0	1400.0	0.0	2015100023.0
1999109275	2017	417	3	1	7	1	1.0	0.0	1.0	0.0	5.0	1.0	6.0	1.0	1.0	0.0	0.3329999999999999	0.77	1450.0	1400.0	0.0	2015100023.0
1999109275	2016	644	1	0	3	0	0.0	0.0	0.0	0.0	3.0	0.0	1.0	0.0	2.0	0.0	0.0	0.12	75.0	0.0	0.0	2014109029.0
000a000396	2021	623	2	0	4	0	0.0	0.0	2.0	0.0	2.0	0.0	0.0	0.0	4.0	0.0	0.0	0.0	0.0	0.0	0.0	2014104192.0
000a000396	2020	281	5	1	22	1	1.0	0.0	13.0	1.0	8.0	0.0	1.0	0.0	21.0	1.0	0.2	1.17	3616.2	0.0	1800.0	2014102848.0
000a000396	2019	242	5	2	32	2	0.0	0.0	16.0	1.0	16.0	1.0	1.0	0.0	31.0	2.0	0.4	1.46	4492.0	0.0	1700.0	2014102848.0
000a000396	2018	317	3	2	20	2	0.0	0.0	4.0	0.0	16.0	2.0	0.0	0.0	20.0	2.0	0.667	1.51	2825.0	0.0	1750.0	2014100285.0
000a000396	2017	282	3	3	21	4	0.0	0.0	3.0	0.0	18.0	4.0	2.0	0.0	19.0	4.0	1.0	1.82	3405.0	0.0	2025.0	2014102848.0
000a000396	2016	513	2	1	5	1	0.0	0.0	0.0	0.0	5.0	1.0	2.0	0.0	3.0	1.0	0.5	0.56	700.0	0.0	1800.0	2009105621.0
000a011b18	2021	473	1	1	1	1	0.0	0.0	0.0	0.0	1.0	1.0	0.0	0.0	1.0	1.0	1.0	1.08	510.0	0.0	1800.0	2018104124.0
000a011b18	2020	637	1	0	6	0	0.0	0.0	0.0	0.0	6.0	0.0	4.0	0.0	2.0	0.0	0.0	0.42	260.0	0.0	0.0	2017103841.0
000a011b18	2019	633	1	0	2	0	0.0	0.0	0.0	0.0	2.0	0.0	2.0	0.0	0.0	0.0	0.0	0.26	160.0	0.0	0.0	2017103841.0
000a011b18	2017	664	1	0	3	0	0.0	0.0	0.0	0.0	3.0	0.0	0.0	0.0	3.0	0.0	0.0	0.12	72.0	0.0	0.0	2014110113.0
000a011b18	2016	513	1	1	1	1	0.0	0.0	0.0	0.0	1.0	1.0	0.0	0.0	1.0	1.0	1.0	1.13	700.0	0.0	1200.0	2014110113.0
2001110220	2021	422	1	1	3	1	0.0	0.0	0.0	0.0	3.0	1.0	0.0	0.0	3.0	1.0	1.0	1.6	760.0	0.0	1200.0	2018104280.0
2001110220	2020	532	1	0	7	0	0.0	0.0	0.0	0.0	7.0	0.0	0.0	0.0	7.0	0.0	0.0	1.15	710.0	0.0	0.0	2018104280.0
2001110220	2019	670	2	0	4	0	0.0	0.0	0.0	0.0	4.0	0.0	1.0	0.0	3.0	0.0	0.0	0.06	75.0	0.0	0.0	2016104043.0
2001110220	2018	599	3	0	5	0	0.0	0.0	1.0	0.0	4.0	0.0	1.0	0.0	4.0	0.0	0.0	0.13	240.0	0.0	0.0	2016105892.0
2001110220	2017	682	1	0	1	0	0.0	0.0	0.0	0.0	1.0	0.0	1.0	0.0	0.0	0.0	0.0	0.0	0.0	0.0	0.0	2015100409.0
2001110220	2016	669	1	0	1	0	0.0	0.0	0.0	0.0	1.0	0.0	1.0	0.0	0.0	0.0	0.0	0.0	0.0	0.0	0.0	2014101546.0
000a011591	2021	464	3	0	6	0	0.0	0.0	1.0	0.0	5.0	0.0	3.0	0.0	3.0	0.0	0.0	0.39	560.0	0.0	0.0	2016104745.0
000a011591	2020	461	4	0	13	0	0.0	0.0	5.0	0.0	8.0	0.0	11.0	0.0	2.0	0.0	0.0	0.44	1096.0	0.0	0.0	2016104745.0
000a011591	2019	246	4	2	17	2	0.0	0.0	10.0	0.0	7.0	2.0	9.0	0.0	8.0	2.0	0.5	1.79	4413.5	0.0	1600.0	2014105886.0
000a011591	2018	277	3	3	13	3	0.0	0.0	3.0	0.0	10.0	3.0	9.0	2.0	4.0	1.0	1.0	1.96	3657.8	1600.0	1800.0	2014105886.0
000a011591	2017	406	1	1	8	2	0.0	0.0	1.0	0.0	7.0	2.0	8.0	2.0	0.0	0.0	1.0	2.43	1516.6	1400.0	0.0	2014105886.0
000a011591	2016	575	1	0	2	0	0.0	0.0	0.0	0.0	2.0	0.0	2.0	0.0	0.0	0.0	0.0	0.53	330.0	0.0	0.0	2014105886.0
000a010bed	2021	365	1	1	4	1	0.0	0.0	2.0	0.0	2.0	1.0	0.0	0.0	4.0	1.0	1.0	2.32	1100.0	0.0	2400.0	2015104412.0
000a010bed	2020	590	1	0	8	0	0.0	0.0	0.0	0.0	8.0	0.0	0.0	0.0	8.0	0.0	0.0	0.73	452.0	0.0	0.0	2015104412.0
000a010bed	2019	487	1	0	7	0	0.0	0.0	0.0	0.0	7.0	0.0	0.0	0.0	7.0	0.0	0.0	1.57	970.0	0.0	0.0	2015104412.0
000a010bed	2018	491	2	1	7	1	0.0	0.0	0.0	0.0	7.0	1.0	2.0	0.0	5.0	1.0	0.5	0.67	830.0	0.0	2100.0	2015104412.0
000a010bed	2017	682	2	0	7	0	0.0	0.0	0.0	0.0	7.0	0.0	2.0	0.0	5.0	0.0	0.0	0.0	0.0	0.0	0.0	2014105569.0
000a010bed	2016	669	1	0	2	0	0.0	0.0	0.0	0.0	2.0	0.0	0.0	0.0	2.0	0.0	0.0	0.0	0.0	0.0	0.0	2014105569.0
1994100530	2017	682	1	0	1	0	0.0	0.0	0.0	0.0	1.0	0.0	0.0	0.0	1.0	0.0	0.0	0.0	0.0	0.0	0.0	2013100688.0
1994100530	2016	669	1	0	1	0	0.0	0.0	0.0	0.0	1.0	0.0	0.0	0.0	1.0	0.0	0.0	0.0	0.0	0.0	0.0	2013100688.0
000a0112dc	2017	672	1	0	6	0	0.0	0.0	0.0	0.0	6.0	0.0	1.0	0.0	5.0	0.0	0.0	0.08	50.0	0.0	0.0	2014106441.0
000a0112dc	2016	669	1	0	2	0	0.0	0.0	0.0	0.0	2.0	0.0	0.0	0.0	2.0	0.0	0.0	0.0	0.0	0.0	0.0	2014106441.0
000a011154	2021	629	1	0	2	0	0.0	0.0	2.0	0.0	0.0	0.0	2.0	0.0	0.0	0.0	0.0	0.0	0.0	0.0	0.0	2014110111.0
000a011154	2020	504	1	0	4	0	0.0	0.0	4.0	0.0	0.0	0.0	4.0	0.0	0.0	0.0	0.0	1.36	841.4	0.0	0.0	2014110111.0
000a011154	2019	383	1	1	4	1	0.0	0.0	3.0	1.0	1.0	0.0	4.0	1.0	0.0	0.0	1.0	3.14	1933.9	1200.0	0.0	2014110111.0
000a011154	2018	669	1	0	2	0	0.0	0.0	2.0	0.0	0.0	0.0	2.0	0.0	0.0	0.0	0.0	0.0	0.0	0.0	0.0	2014110111.0
000a011154	2017	632	1	0	3	0	0.0	0.0	1.0	0.0	2.0	0.0	2.0	0.0	1.0	0.0	0.0	0.24	150.0	0.0	0.0	2014110111.0
000a011154	2016	513	1	1	1	1	0.0	0.0	0.0	0.0	1.0	1.0	1.0	1.0	0.0	0.0	1.0	1.13	700.0	1400.0	0.0	2014110111.0
000a002320	2018	669	1	0	1	0	0.0	0.0	0.0	0.0	1.0	0.0	0.0	0.0	1.0	0.0	0.0	0.0	0.0	0.0	0.0	2014110088.0
000a002320	2017	575	1	0	4	0	0.0	0.0	0.0	0.0	4.0	0.0	3.0	0.0	1.0	0.0	0.0	0.64	400.0	0.0	0.0	2014110088.0
000a002320	2016	474	1	1	2	1	0.0	0.0	0.0	0.0	2.0	1.0	1.0	0.0	1.0	1.0	1.0	1.5	935.0	0.0	1400.0	2014110088.0
1995105589	2019	693	1	0	4	0	0.0	0.0	2.0	0.0	2.0	0.0	4.0	0.0	0.0	0.0	0.0	0.0	0.0	0.0	0.0	2013103576.0
1995105589	2018	604	1	0	8	0	0.0	0.0	3.0	0.0	5.0	0.0	6.0	0.0	2.0	0.0	0.0	0.34	210.0	0.0	0.0	2013103576.0
1995105589	2017	567	1	0	7	0	0.0	0.0	3.0	0.0	4.0	0.0	6.0	0.0	1.0	0.0	0.0	0.72	451.2	0.0	0.0	2013103576.0
1995105589	2016	427	1	1	6	1	0.0	0.0	3.0	0.0	3.0	1.0	6.0	1.0	0.0	0.0	1.0	2.12	1321.8	2000.0	0.0	2013103576.0
000a011288	2016	669	1	0	4	0	0.0	0.0	0.0	0.0	4.0	0.0	0.0	0.0	4.0	0.0	0.0	0.0	0.0	0.0	0.0	2013105561.0
000a011bb4	2016	669	1	0	1	0	0.0	0.0	0.0	0.0	1.0	0.0	0.0	0.0	1.0	0.0	0.0	0.0	0.0	0.0	0.0	2013110106.0
2002102324	2021	140	18	4	56	5	1.0	0.0	7.0	1.0	48.0	4.0	11.0	1.0	42.0	4.0	0.222	0.69	6462.4	1200.0	1450.0	2018100590.0
2002102324	2020	250	17	3	74	3	0.0	0.0	2.0	0.0	72.0	3.0	26.0	0.0	44.0	3.0	0.176	0.43	4510.5	0.0	1533.3	2017103184.0
2002102324	2019	448	10	1	32	1	0.0	0.0	1.0	0.0	31.0	1.0	8.0	0.0	24.0	1.0	0.1	0.21	1310.0	0.0	1600.0	2016105843.0
2002102324	2018	581	6	0	17	0	1.0	0.0	0.0	0.0	16.0	0.0	12.0	0.0	5.0	0.0	0.0	0.09	320.0	0.0	0.0	2016105843.0
2002102324	2017	682	3	0	7	0	0.0	0.0	0.0	0.0	7.0	0.0	3.0	0.0	4.0	0.0	0.0	0.0	0.0	0.0	0.0	2014104602.0
2002102324	2016	669	3	0	6	0	0.0	0.0	0.0	0.0	6.0	0.0	4.0	0.0	2.0	0.0	0.0	0.0	0.0	0.0	0.0	2014104602.0
1999109275	2021	548	2	0	9	0	0.0	0.0	7.0	0.0	2.0	0.0	7.0	0.0	2.0	0.0	0.0	0.37	385.1	0.0	0.0	2015100023.0
1999109275	2020	379	2	1	13	2	1.0	0.0	5.0	0.0	7.0	2.0	13.0	2.0	0.0	0.0	0.5	1.62	2003.2	2300.0	0.0	2017101230.0
1999109275	2019	506	1	0	6	0	0.0	0.0	3.0	0.0	3.0	0.0	6.0	0.0	0.0	0.0	0.0	1.34	823.4	0.0	0.0	2015100023.0
1999109275	2018	463	1	1	5	1	1.0	0.0	2.0	0.0	2.0	1.0	5.0	1.0	0.0	0.0	1.0	1.62	1010.0	1400.0	0.0	2015100023.0
1999109275	2017	417	3	1	7	1	1.0	0.0	1.0	0.0	5.0	1.0	6.0	1.0	1.0	0.0	0.333	0.77	1450.0	1400.0	0.0	2015100023.0
1999109275	2016	644	1	0	3	0	0.0	0.0	0.0	0.0	3.0	0.0	1.0	0.0	2.0	0.0	0.0	0.12	75.0	0.0	0.0	2014109029.0
1999106738	2021	500	3	0	13	0	0.0	0.0	2.0	0.0	11.0	0.0	4.0	0.0	9.0	0.0	0.0	0.35	553.0	0.0	0.0	2018100195.0
1999106738	2020	631	6	0	20	0	0.0	0.0	2.0	0.0	18.0	0.0	12.0	0.0	8.0	0.0	0.0	0.08	284.0	0.0	0.0	2016103601.0
1999106738	2019	693	3	0	5	0	0.0	0.0	0.0	0.0	5.0	0.0	3.0	0.0	2.0	0.0	0.0	0.0	0.0	0.0	0.0	2016103601.0
1999106738	2018	559	3	1	9	1	0.0	0.0	3.0	0.0	6.0	1.0	5.0	1.0	4.0	0.0	0.333	0.27	500.0	1000.0	0.0	2016103925.0
1999106738	2017	682	3	0	11	0	0.0	0.0	0.0	0.0	11.0	0.0	4.0	0.0	7.0	0.0	0.0	0.0	0.0	0.0	0.0	2015101044.0
1999106738	2016	669	1	0	1	0	0.0	0.0	0.0	0.0	1.0	0.0	0.0	0.0	1.0	0.0	0.0	0.0	0.0	0.0	0.0	2014105491.0
2003102991	2021	38	93	5	344	6	8.0	0.0	65.0	3.0	271.0	3.0	159.0	3.0	182.0	3.0	0.054	0.53	25795.8	2133.3	1766.7	2018103369.0
2003102991	2020	30	106	21	391	25	7.0	0.0	72.0	8.0	312.0	17.0	190.0	9.0	201.0	16.0	0.198	0.72	47423.3	1733.3	1428.1	2016105885.0
2003102991	2019	54	83	19	302	23	4.0	0.0	39.0	2.0	259.0	21.0	155.0	15.0	145.0	8.0	0.229	0.57	28937.3	1600.0	1393.8	2016105669.0
2003102991	2018	62	60	13	234	19	4.0	0.0	21.0	4.0	209.0	15.0	110.0	7.0	124.0	12.0	0.217	0.67	24912.0	1742.9	1541.7	2015102979.0
2003102991	2017	153	33	6	124	7	3.0	0.0	6.0	0.0	115.0	7.0	67.0	6.0	56.0	1.0	0.182	0.47	9681.4	1733.3	1150.0	2015105082.0
2003102991	2016	474	11	0	31	0	0.0	0.0	0.0	0.0	31.0	0.0	20.0	0.0	11.0	0.0	0.0	0.14	935.0	0.0	0.0	2014103301.0
1994100530	2017	682	1	0	1	0	0.0	0.0	0.0	0.0	1.0	0.0	0.0	0.0	1.0	0.0	0.0	0.0	0.0	0.0	0.0	2013100688.0
1994100530	2016	669	1	0	1	0	0.0	0.0	0.0	0.0	1.0	0.0	0.0	0.0	1.0	0.0	0.0	0.0	0.0	0.0	0.0	2013100688.0
2001100650	2021	247	9	2	48	2	0.0	0.0	6.0	0.0	42.0	2.0	7.0	1.0	41.0	1.0	0.222	0.65	3063.4	1200.0	1800.0	2018103195.0
2001100650	2020	320	10	1	42	2	0.0	0.0	8.0	0.0	34.0	2.0	19.0	0.0	23.0	2.0	0.1	0.46	2838.0	0.0	1400.0	2017105807.0
2001100650	2019	465	4	0	14	0	0.0	0.0	7.0	0.0	7.0	0.0	3.0	0.0	11.0	0.0	0.0	0.48	1174.0	0.0	0.0	2015102824.0
2001100650	2018	287	4	1	16	2	1.0	0.0	2.0	1.0	13.0	1.0	6.0	0.0	10.0	2.0	0.25	1.37	3412.8	0.0	1200.0	2015102824.0
2001100650	2017	480	5	1	14	1	0.0	0.0	0.0	0.0	14.0	1.0	8.0	0.0	6.0	1.0	0.2	0.29	905.0	0.0	1400.0	2015102824.0
2001100650	2016	629	2	0	5	0	0.0	0.0	0.0	0.0	5.0	0.0	3.0	0.0	2.0	0.0	0.0	0.13	160.0	0.0	0.0	2014103511.0
1997110152	2021	375	5	1	16	1	0.0	0.0	6.0	0.0	10.0	1.0	14.0	1.0	2.0	0.0	0.2	0.5	1303.5	1600.0	0.0	2018100445.0
1997110152	2020	412	5	1	21	1	0.0	0.0	12.0	0.0	9.0	1.0	16.0	1.0	5.0	0.0	0.2	0.52	1597.0	1600.0	0.0	2018103143.0
1997110152	2019	198	7	2	31	3	0.0	0.0	7.0	1.0	24.0	2.0	18.0	3.0	13.0	0.0	0.286	1.47	6347.2	1333.3	0.0	2015101399.0
1997110152	2018	341	5	1	18	2	0.0	0.0	1.0	0.0	17.0	2.0	11.0	2.0	7.0	0.0	0.2	0.76	2355.0	1300.0	0.0	2015101399.0
1997110152	2017	656	3	0	10	0	0.0	0.0	0.0	0.0	10.0	0.0	6.0	0.0	4.0	0.0	0.0	0.04	75.0	0.0	0.0	2015103974.0
1997110152	2016	617	1	0	2	0	0.0	0.0	0.0	0.0	2.0	0.0	2.0	0.0	0.0	0.0	0.0	0.29	180.0	0.0	0.0	2014101992.0
