	track	direction	distance	weather	going	start_at	title	grade	date	round	place	days	requirement	rule	単勝:的中	単勝:配当	単勝:人気	複勝_1:的中	複勝_1:配当	複勝_1:人気	複勝_2:的中	複勝_2:配当	複勝_2:人気	馬連:的中	馬連:配当	馬連:人気	ワイド_1:的中	ワイド_1:配当	ワイド_1:人気	ワイド_2:的中	ワイド_2:配当	ワイド_2:人気	ワイド_3:的中	ワイド_3:配当	ワイド_3:人気	馬単:的中	馬単:配当	馬単:人気	三連複:的中	三連複:配当	三連複:人気	三連単:的中	三連単:配当	三連単:人気	spacing_on_corner:1	spacing_on_corner:2	spacing_on_corner:3	spacing_on_corner:4	laptime	pacemaker	複勝_3:的中	複勝_3:配当	複勝_3:人気	枠連:的中	枠連:配当	枠連:人気
200956010101	ダ	右	1300	曇	良	10:45	サラ系3歳ー7組		2009-1-1	11	荒尾	4	(定量)		2	860	3	2.0	170.0	3.0	4.0	120	1.0	2-4	760	3	2-4	320	3.0	2-3	630	11.0	3-4	130	1.0	2=>4	1250	5	2-3-4	630.0	2.0	2=>4=>3	3400	11		2317465	2431765	2,4,3,6,1,7-5								
200956010102	ダ	右	1300	曇	良	11:15	サラ系3歳ー6組		2009-1-1	11	荒尾	4	(定量)		5	350	2	5.0	100.0	2.0	1.0	100	1.0	1-5	140	1	1-5	110	1.0	3-5	140	2.0	1-3	180	3.0	5=>1	480	2	1-3-5	200.0	1.0	5=>1=>3	850	3		(2,4),5,1,6,3	254136	513246								
200956010103	ダ	右	1400	晴	良	11:45	サラ系3歳ー5組		2009-1-1	11	荒尾	4	(定量)		2	300	2	2.0	110.0	2.0	6.0	100	1.0	2-6	190	1	2-6	130	1.0	2-4	2,590	20.0	4-6	2,170	18.0	2=>6	440	2	2-4-6	6140.0	14.0	2=>6=>4	21290	46	68472531.0	68427531	68427531	62485317			4.0	560.0	8.0			
200956010104	ダ	右	1400	晴	良	12:15	サラ系3歳ー4組		2009-1-1	11	荒尾	4	(定量)		7	210	2	7.0	100.0	2.0	3.0	100	1.0	3-7	170	1	3-7	110	1.0	5-7	470	8.0	3-5	520	10.0	7=>3	190	1	3-5-7	910.0	4.0	7=>3=>5	1380	4	25713468.0	2,5,7,1,3,6,4-8	2,5,7,1,3,4,6-8	7,2,3,1,5,6,4-8			5.0	420.0	6.0			
200956010105	ダ	右	1400	晴	良	12:55	サラ系Cー14組		2009-1-1	11	荒尾	4	(定量)		4	120	1	4.0	190.0	2.0	6.0	810	7.0	4-6	1090	5	4-6	480	8.0	3-4	170	1.0	3-6	850	13.0	4=>6	1550	6	3-4-6	940.0	4.0	4=>6=>3	5490	18	4627351.0	2467351	4267315	4632517								
200956010106	ダ	右	1400	晴	良	13:25	サラ系3歳ー3組		2009-1-1	11	荒尾	4	(定量)		4	140	1	4.0	120.0	2.0	3.0	460	7.0	3-4	900	3	3-4	360	5.0	4-7	330	4.0	3-7	2,060	17.0	4=>3	650	3	3-4-7	2340.0	8.0	4=>3=>7	5290	17	23546781.0	2,3,5,4,6,8,(1,7)	23546871	34258761			7.0	260.0	4.0			
200956010107	ダ	右	1400	晴	良	13:55	サラ系3歳ー2組		2009-1-1	11	荒尾	4	(定量)		6	170	1	6.0	130.0	2.0	3.0	130	1.0	3-6	150	1	3-6	100	1.0	4-6	360	6.0	3-4	210	2.0	6=>3	310	1	3-4-6	690.0	2.0	6=>3=>4	1490	3	1635274.0	1635742	1635472	6,3,4,5,1-2,7								
200956010108	ダ	右	1400	晴	良	14:25	勇一君祝厄明け!サラ		2009-1-1	11	荒尾	4	(定量)		7	1070	4	7.0	140.0	2.0	4.0	110	1.0	4-7	480	3	4-7	210	3.0	5-7	420	7.0	4-5	170	2.0	7=>4	1290	5	4-5-7	520.0	3.0	7=>4=>5	3560	13	6257431.0	6,2,5,7,4,3-1	6,5,2,4,7,3-1	7564231								
200956010109	ダ	右	1400	晴	良	14:55	ニューイヤー特設サラ		2009-1-1	11	荒尾	4	(定量)		3	220	1	3.0	150.0	2.0	7.0	210	3.0	3-7	430	1	3-7	170	1.0	3-4	1,120	14.0	4-7	610	7.0	3=>7	660	1	3-4-7	1650.0	6.0	3=>7=>4	6890	26	2675431.0	2,6,7,5,4,3-1	2,(6,7),4,3,5-1	6,2,7,3,4,5-1								
200956010110	ダ	右	1500	晴	良	15:25	門松賞	G	2009-1-1	11	荒尾	4	(別定)		5	490	4	5.0	210.0	4.0	7.0	140	1.0	5-7	1420	8	5-7	730	8.0	1-5	5,650	27.0	1-7	6,770	31.0	5=>7	2350	14	1-5-7	32910.0	39.0	5=>7=>1	135310	168	85123910746.0	85123710964	85172310946	58172103469			1.0	580.0	7.0	5-7	700.0	5.0
200956011401	ダ	右	950	曇	良	10:45	サラ系Cー27組		2009-1-14	12	荒尾	1	(定量)		9	110	1	9.0	110.0	1.0	1.0	430	6.0	1-9	7400	15	1-9	790	8.0	6-9	180	1.0	1-6	2,560	18.0	9=>1	5770	14	1-6-9	5950.0	18.0	9=>1=>6	21460	51			9,7,1,6,4,8,3=2,5	9,7,1,4,6,8,3=2,5			6.0	230.0	4.0	1-8	2070.0	8.0
200956011402	ダ	右	1300	曇	良	11:15	サラ系Cー25組		2009-1-14	12	荒尾	1	(定量)		5	820	4	5.0	130.0	1.0	8.0	230	4.0	5-8	2180	10	5-8	1,050	14.0	5-6	1,940	21.0	6-8	780	7.0	5=>8	4580	17	5-6-8	5710.0	21.0	5=>8=>6	31140	89		34852617	34856271	8,5,3,2,6,4,7-1			6.0	310.0	5.0			
200956011403	ダ	右	1300	曇	良	11:45	サラ系Cー24組		2009-1-14	12	荒尾	1	(定量)		2	770	4	2.0	450.0	7.0	6.0	140	1.0	2-6	3590	17	2-6	660	11.0	2-7	620	10.0	6-7	260	1.0	2=>6	5170	28	2-6-7	2680.0	10.0	2=>6=>7	24970	96		176398425.0	173694825.0	716329485.0			7.0	230.0	5.0	2-6	1670.0	9.0
200956011404	ダ	右	1400	曇	良	12:15	サラ系Cー23組		2009-1-14	12	荒尾	1	(定量)		4	1000	4	4.0	180.0	4.0	2.0	110	1.0	2-4	590	3	2-4	230	4.0	4-6	310	6.0	2-6	140	1.0	4=>2	1570	6	2-4-6	460.0	2.0	4=>2=>6	3590	13	4682375.0	4628375	4628375	4,2,6,8,3,7-5								
200956011405	ダ	右	1400	曇	良	12:50	サラ系Cー22組		2009-1-14	12	荒尾	1	(定量)		8	120	1	8.0	100.0	1.0	3.0	150	2.0	3-8	680	2	3-8	300	3.0	4-8	160	1.0	3-4	490	7.0	8=>3	970	5	3-4-8	900.0	3.0	8=>3=>4	2340	8	2,3,9,8,4,10,1,5,7-6	2,3,8,4,9,1,5,10,7=6	2,3,8,9,4,10,1,5,7=6	2,3,8,4,9,10,5,1,7=6			4.0	160.0	4.0	3-7	960.0	4.0
200956011406	ダ	右	950	曇	良	13:25	サラ系Cー26組		2009-1-14	12	荒尾	1	(定量)		4	140	1	4.0	100.0	2.0	5.0	100	1.0	4-5	400	1	4-5	150	1.0	4-8	170	2.0	5-8	390	6.0	4=>5	660	1	4-5-8	590.0	1.0	4=>5=>8	1570	1			43567812.0	43568712.0			8.0	140.0	4.0			
200956011407	ダ	右	1400	曇	良	14:00	サラ系Cー21組		2009-1-14	12	荒尾	1	(定量)		3	400	3	3.0	130.0	2.0	4.0	120	1.0	3-4	290	1	3-4	110	1.0	3-8	290	3.0	4-8	310	4.0	3=>4	450	1	3-4-8	830.0	3.0	3=>4=>8	3060	8	389251674	382915674	389215467	389421657			8.0	210.0	5.0	3-4	370.0	1.0
200956011408	ダ	右	1400	曇	良	14:35	三栄バースディカップ		2009-1-14	12	荒尾	1	(定量)		8	2950	7	8.0	150.0	2.0	2.0	100	1.0	2-8	940	5	2-8	400	5.0	7-8	880	10.0	2-7	240	2.0	8=>2	4160	14	2-7-8	1230.0	5.0	8=>2=>7	17650	59	24751931068	24751391068	27451368910	27815106394			7.0	150.0	2.0	2-7	290.0	1.0
200956011409	ダ	右	1400	曇	良	15:10	早梅特設サラ系Cー1		2009-1-14	12	荒尾	1	(定量)		4	1040	3	4.0	170.0	3.0	10.0	130	1.0	4-10	440	2	4-10	160	1.0	4-7	990	16.0	7-10	290	4.0	4=>10	1740	7	4-7-10	920.0	3.0	4=>10=>7	8220	24	72835961014	72831659104	72831596104	72341081659			7.0	170.0	4.0	4-8	350.0	1.0
200956011410	ダ	右	1500	曇	良	15:45	新春特設サラ系Cー1		2009-1-14	12	荒尾	1	(定量)		10	590	4	10.0	190.0	5.0	3.0	100	1.0	3-10	720	3	3-10	340	4.0	9-10	840	12.0	3-9	220	1.0	10=>3	3250	11	3-9-10	1750.0	7.0	10=>3=>9	12890	46	39102654178	39210561478	39102516874	3,10,9,2,1,5,7,8,6-4			9.0	150.0	3.0	3-8	320.0	1.0
200956012801	ダ	右	950	晴	良	10:45	サラ系Cー27組		2009-1-28	12	荒尾	4	(定量)		4	590	2	4.0	190.0	2.0	6.0	210	3.0	4-6	1910	5	4-6	400	4.0	4-5	640	9.0	5-6	520	7.0	4=>6	3420	7	4-5-6	2720.0	7.0	4=>6=>5	16520	38			246531	2,4,6,5,3-1								
200956012802	ダ	右	1300	晴	良	11:15	サラ系Cー26組		2009-1-28	12	荒尾	4	(定量)		1	110	1	1.0	100.0	1.0	3.0	230	5.0	1-3	810	3	1-3	290	2.0	1-7	400	4.0	3-7	840	9.0	1=>3	1210	5	1-3-7	860.0	3.0	1=>3=>7	2880	11		17385426.0	17835426.0	17384526.0			7.0	220.0	4.0			
200956012803	ダ	右	1300	晴	良	11:45	サラ系Cー25組		2009-1-28	12	荒尾	4	(定量)		1	1170	5	1.0	510.0	6.0	8.0	180	2.0	1-8	1550	4	1-8	1,110	8.0	1-2	7,330	33.0	2-8	1,110	8.0	1=>8	3550	11	1-2-8	9590.0	34.0	1=>8=>2	103690	244		142389756.0	142893576.0	128945736.0			2.0	1,090	9.0	1-8	900.0	4.0
200956012804	ダ	右	1400	晴	良	12:15	サラ系Cー23組		2009-1-28	12	荒尾	4	(定量)		1	150	1	1.0	240.0	3.0	2.0	320	4.0	1-2	700	4	1-2	240	3.0	1-4	160	2.0	2-4	430	6.0	1=>2	960	6	1-2-4	630.0	2.0	1=>2=>4	2370	11	1246357	1243567	1425637	1243567								
200956012805	ダ	右	1400	晴	良	12:45	サラ系Cー22組		2009-1-28	12	荒尾	4	(定量)		4	4450	8	4.0	830.0	8.0	5.0	230	2.0	4-5	14410	24	4-5	1,340	13.0	4-10	2,190	20.0	5-10	340	3.0	4=>5	43840	54	4-5-10	10850.0	27.0	4=>5=>10	176030	239	59104218736	59410128763	51049182763	54101286793			10.0	240	3.0	4-5	9520.0	19.0
200956012806	ダ	右	950	晴	良	13:15	サラ系Cー24組		2009-1-28	12	荒尾	4	(定量)		1	240	2	1.0	120.0	3.0	6.0	120	2.0	1-6	990	3	1-6	330	4.0	1-5	740	11.0	5-6	510	6.0	1=>6	1890	7	1-5-6	2980.0	13.0	1=>6=>5	18070	61			86571432.0	68513247.0			5.0	190	4.0			
200956012807	ダ	右	1400	晴	良	13:45	サラ系Cー21組		2009-1-28	12	荒尾	4	(定量)		5	390	2	5.0	250.0	6.0	4.0	270	7.0	4-5	2140	9	4-5	780	9.0	2-5	690	7.0	2-4	1,170	14.0	5=>4	2850	12	2-4-5	3920.0	13.0	5=>4=>2	13410	47	(5,6,7),10,4,9,8,2,3,1	56741092831	56741089213	54629710813			2.0	130	1.0	4-5	2120.0	11.0
200956012808	ダ	右	1400	晴	良	14:15	サラ系Cー20組		2009-1-28	12	荒尾	4	(定量)		7	130	1	7.0	100.0	1.0	1.0	120	2.0	1-7	510	2	1-7	360	3.0	7-10	190	2.0	1-10	850	10.0	7=>1	700	3	1-7-10	1130.0	2.0	7=>1=>10	2970	7	37918645102	37198641052	37916810542	73196105482			10.0	130	3.0	1-7	880.0	2.0
200956012809	ダ	右	1400	晴	良	14:50	サラ系Cー19組		2009-1-28	12	荒尾	4	(定量)		6	500	3	6.0	250.0	3.0	7.0	220	2.0	6-7	1430	6	6-7	490	5.0	1-6	1,190	14.0	1-7	1,140	12.0	6=>7	1890	7	1-6-7	4850.0	19.0	6=>7=>1	13020	46	35109462871	35104962781	35104692718	53624710198			1.0	600	8.0	6-7	2000.0	10.0
200956012810	ダ	右	1400	晴	良	15:25	水仙特設サラ系Cー1		2009-1-28	12	荒尾	4	(定量)		5	510	3	5.0	130.0	3.0	6.0	110	2.0	5-6	280	1	5-6	150	1.0	4-5	180	2.0	4-6	220	3.0	5=>6	510	2	4-5-6	500.0	1.0	5=>6=>4	1200	1	896152437	895614273	896541273	856941327			4.0	100	1.0	5-6	390.0	1.0
200956020301	ダ	右	950	雨	不良	10:45	サラ系3歳ー6組		2009-2-3	13	荒尾	1	(定量)		7	310	2	7.0	120.0	3.0	4.0	110	2.0	4-7	490	3	4-7	150	1.0	1-7	340	5.0	1-4	170	2.0	7=>4	1250	6	1-4-7	410.0	1.0	7=>4=>1	3160	14			714852639.0	714583269.0			1.0	100	1.0	4-7	940.0	4.0
200956020302	ダ	右	1300	雨	不良	11:15	サラ系3歳ー4組		2009-2-3	13	荒尾	1	(定量)		4	170	1	4.0	200.0	4.0	5.0	220	5.0	4-5	570	2	4-5	300	4.0	1-4	210	1.0	1-5	270	3.0	4=>5	1020	2	1-4-5	520.0	1.0	4=>5=>1	2840	4		451683972	4,5,1,6,(8,9),3-7,2	415369827			1.0	140	2.0	4-5	870.0	4.0
200956020303	ダ	右	1300	雨	不良	11:45	サラ系Cー14組		2009-2-3	13	荒尾	1	(定量)		3	200	1	3.0	160.0	3.0	5.0	120	1.0	3-5	280	1	3-5	170	1.0	3-8	650	11.0	5-8	590	9.0	3=>5	520	2	3-5-8	1120.0	4.0	3=>5=>8	3610	12		58364271.0	58367421.0	58362471.0			8.0	350	7.0			
200956020304	ダ	右	1400	雨	不良	12:15	サラ系Cー12組		2009-2-3	13	荒尾	1	(定量)		3	420	2	3.0	150.0	2.0	4.0	350	6.0	3-4	2340	8	3-4	510	6.0	3-9	340	4.0	4-9	840	11.0	3=>4	4900	17	3-4-9	3620.0	13.0	3=>4=>9	30930	77	346952817	3,4,6,5,9,2-8,1,7	3,4,6,5,9,2-1,8,7	3,4,5,9,6,(1,2,8),7			9.0	240	4.0	3-4	3150.0	10.0
200956020305	ダ	右	1400	雨	不良	12:45	サラ系3歳ー2組		2009-2-3	13	荒尾	1	(定量)		6	170	1	6.0	100.0	2.0	4.0	330	7.0	4-6	3650	9	4-6	1,150	15.0	5-6	130	1.0	4-5	1,200	16.0	6=>4	7660	15	4-5-6	2380.0	6.0	6=>4=>5	22760	41	46853712	46853712	46857312	46583712			5.0	100	1.0			
200956020306	ダ	右	1400	雨	不良	13:15	サラ系Cー10組		2009-2-3	13	荒尾	1	(定量)		5	1160	3	5.0	160.0	3.0	6.0	190	5.0	5-6	1980	5	5-6	390	5.0	5-8	860	12.0	6-8	860	12.0	5=>6	6500	20	5-6-8	6250.0	17.0	5=>6=>8	31160	77	472581639	472581693	4,7,2,1,5,8,6-9,3	421857639			8.0	190	4.0	5-6	2620.0	6.0
200956020307	ダ	右	1400	雨	不良	13:50	サラ系Cー8組		2009-2-3	13	荒尾	1	(定量)		1	280	1	1.0	140.0	1.0	4.0	410	7.0	1-4	3610	14	1-4	720	11.0	1-9	240	2.0	4-9	690	10.0	1=>4	3840	17	1-4-9	2340.0	12.0	1=>4=>9	15960	66	41053986127	41053981627	45310981267	4,9,(3,5),8,1,2,6,10,7			9.0	180	4.0	1-4	2740.0	12.0
200956020308	ダ	右	1400	雨	不良	14:25	BE特設サラ系Cー6		2009-2-3	13	荒尾	1	(定量)		8	310	2	8.0	120.0	3.0	4.0	110	1.0	4-8	530	3	4-8	200	1.0	1-8	300	4.0	1-4	320	5.0	8=>4	1120	5	1-4-8	860.0	3.0	8=>4=>1	3480	10	467391582	467351982	467351892	481365729			1.0	130	4.0	4-8	430.0	2.0
200956020309	ダ	右	1400	雨	不良	15:00	ハプニン具記念		2009-2-3	13	荒尾	1	(定量)		9	120	1	9.0	100.0	1.0	1.0	140	3.0	1-9	290	1	1-9	200	1.0	7-9	240	3.0	1-7	420	7.0	9=>1	470	1	1-7-9	490.0	1.0	9=>1=>7	1080	1	9,10,(2,3),7,5,6,4,1	9102375461	9106275341	9102761435			7.0	130	2.0	1-8	260.0	1.0
200956020310	ダ	右	1500	雨	不良	15:30	阿蘇稲星山カップ 		2009-2-3	13	荒尾	1	(定量)		6	200	1	6.0	120.0	2.0	2.0	130	3.0	2-6	650	3	2-6	160	2.0	6-10	140	1.0	2-10	190	3.0	6=>2	1160	4	2-6-10	260.0	1.0	6=>2=>10	2010	6	1057428169	5107428169	5,10,8,7,2,4,6,1-9	10,8,(2,6),1,4,7,5-9			10.0	100	1.0	2-6	840.0	3.0
200956020311	ダ	右	1400	雨	不良	16:00	ミヤマキリシマ特別 		2009-2-3	13	荒尾	1	(規定)		8	220	1	8.0	100.0	2.0	10.0	100	1.0	8-10	190	1	8-10	130	1.0	7-8	240	2.0	7-10	310	5.0	8=>10	510	2	7-8-10	630.0	2.0	8=>10=>7	2260	5	58106972143	58106972413	85106279413	81075624913			7.0	150	3.0	7-8	160.0	1.0
200956021001	ダ	右	950	晴	稍重	10:45	サラ系Cー27組		2009-2-10	13	荒尾	3	(定量)		4	170	1	4.0	110.0	2.0	1.0	100	1.0	1-4	140	1	1-4	100	1.0	4-5	350	7.0	1-5	330	5.0	4=>1	200	1	1-4-5	410.0	2.0	4=>1=>5	950	2			1452367	4,1-(2,5)-3,6-7								
200956021002	ダ	右	1300	晴	稍重	11:15	サラ系Cー25組		2009-2-10	13	荒尾	3	(定量)		4	290	2	4.0	160.0	1.0	6.0	230	4.0	4-6	570	2	4-6	250	2.0	3-4	440	5.0	3-6	570	10.0	4=>6	830	3	3-4-6	1130.0	6.0	4=>6=>3	3370	10		7324615.0	7324615.0	4736512.0								
200956021003	ダ	右	1300	晴	稍重	11:45	サラ系Cー24組		2009-2-10	13	荒尾	3	(定量)		1	1580	5	1.0	200.0	5.0	7.0	170	3.0	1-7	2290	9	1-7	890	11.0	1-3	3,250	25.0	3-7	1,100	14.0	1=>7	6450	18	1-3-7	16860.0	36.0	1=>7=>3	79590	153		16452387.0	16758243.0	16758324.0			3.0	340	6.0			
200956021701	ダ	右	950	晴	良	10:45	サラ系3歳ー6組		2009-2-17	13	荒尾	4	(定量)		5	300	2	5.0	100.0	2.0	8.0	100	1.0	5-8	120	1	5-8	100	1.0	3-5	650	10.0	3-8	530	7.0	5=>8	360	2	3-5-8	720.0	3.0	5=>8=>3	3170	10			58346721	5,8,3,7,4,6,2=1			3.0	380	6.0			
200956021702	ダ	右	1300	晴	良	11:15	サラ系3歳ー4組		2009-2-17	13	荒尾	4	(定量)		9	370	3	9.0	150.0	2.0	3.0	560	6.0	3-9	4360	11	3-9	1,250	11.0	6-9	300	3.0	3-6	2,150	19.0	9=>3	2340	9	3-6-9	2960.0	8.0	9=>3=>6	16690	45		69210371854.0	69210731854.0	96231017854.0			6.0	270	3.0	3-8	2820.0	9.0
200956021703	ダ	右	1300	晴	良	11:45	サラ系Cー14組		2009-2-17	13	荒尾	4	(定量)		1	440	3	1.0	150.0	3.0	3.0	120	2.0	1-3	930	3	1-3	200	3.0	1-5	180	2.0	3-5	130	1.0	1=>3	2190	8	1-3-5	380.0	1.0	1=>3=>5	4420	15		345716982.0	354716928.0	315746289.0			5.0	100	1.0	1-3	1010.0	3.0
200956021704	ダ	右	1300	晴	良	12:15	サラ系Cー12組		2009-2-17	13	荒尾	4	(定量)		2	850	4	2.0	190.0	5.0	4.0	110	1.0	2-4	460	2	2-4	270	3.0	2-7	670	12.0	4-7	250	2.0	2=>4	2130	9	2-4-7	880.0	3.0	2=>4=>7	6540	26		924138576.0	924371685.0	924375681.0			7.0	160	3.0	2-4	550.0	3.0
200956021705	ダ	右	1400	晴	良	12:45	サラ系3歳ー2組		2009-2-17	13	荒尾	4	(定量)		6	1910	5	6.0	180.0	4.0	5.0	100	1.0	5-6	500	3	5-6	190	2.0	2-6	600	8.0	2-5	260	3.0	6=>5	2410	9	2-5-6	620.0	3.0	6=>5=>2	8250	26	58104671932	58106471923	58106741293	56107123948			2.0	140	3.0	5-6	490.0	3.0
200956021706	ダ	右	1400	晴	良	13:15	サラ系Cー10組		2009-2-17	13	荒尾	4	(定量)		3	170	1	3.0	140.0	2.0	2.0	160	3.0	2-3	240	1	2-3	150	1.0	1-3	190	2.0	1-2	300	5.0	3=>2	280	1	1-2-3	460.0	2.0	3=>2=>1	1010	2	82635174	82563147	82653147	32586174			1.0	220	5.0			
200956021707	ダ	右	1400	晴	良	13:50	サラ系Cー8組		2009-2-17	13	荒尾	4	(定量)		6	160	1	6.0	100.0	1.0	1.0	150	3.0	1-6	220	1	1-6	130	1.0	4-6	360	5.0	1-4	400	6.0	6=>1	220	1	1-4-6	590.0	3.0	6=>1=>4	940	3	589216734	582916734	185692734	619842735			4.0	240	6.0	1-6	210.0	1.0
200956021708	ダ	右	1400	晴	良	14:25	親方ディーンの写真館		2009-2-17	13	荒尾	4	(定量)		2	380	2	2.0	120.0	2.0	5.0	260	5.0	2-5	1080	5	2-5	380	7.0	2-4	130	1.0	4-5	190	2.0	2=>5	2460	13	2-4-5	980.0	4.0	2=>5=>4	6660	31	476823591	475263891	475269381	542739618			4.0	120	1.0	2-5	1260.0	8.0
200956021709	ダ	右	1400	晴	良	15:00	サラ系Cー4組		2009-2-17	13	荒尾	4	(定量)		7	140	1	7.0	110.0	1.0	6.0	220	5.0	6-7	720	4	6-7	380	4.0	7-8	360	3.0	6-8	1,430	14.0	7=>6	1050	4	6-7-8	1460.0	5.0	7=>6=>8	4980	16	38110264759	38110264795	83610127495	68713421095			8.0	220	4.0	6-7	540.0	3.0
200956021710	ダ	右	1500	晴	良	15:30	新冠特別サラ系B級 		2009-2-17	13	荒尾	4	(定量)		1	1240	5	1.0	230.0	6.0	7.0	160	4.0	1-7	2760	9	1-7	600	9.0	1-2	290	3.0	2-7	200	2.0	1=>7	4930	17	1-2-7	910.0	4.0	1=>7=>2	17320	49	78541029163	7,8,5,10,4,2,(1,9),3,6	7,8,(4,10),5,1,2,9,6,3	71841025639			2.0	140	1.0	1-7	2660.0	8.0
200956021711	ダ	右	1500	晴	良	16:00	たんぽぽ賞	G	2009-2-17	13	荒尾	4	(規定)		6	1000	5	6.0	250.0	5.0	3.0	470	7.0	3-6	3060	14	3-6	1,020	14.0	2-6	560	7.0	2-3	1,070	16.0	6=>3	5070	20	2-3-6	5140.0	19.0	6=>3=>2	39590	131	6711892341015	6711829341015	6,7,11,8,2,4,3,10,9,(1,5)	6731124191085			2.0	150	2.0	3-6	1920.0	9.0
200956022501	ダ	右	950	曇	不良	10:45	サラ系Cー26組		2009-2-25	14	荒尾	1	(定量)		5	140	1	5.0	100.0	1.0	7.0	370	5.0	5-7	1080	4	5-7	700	8.0	5-6	340	3.0	6-7	1,000	10.0	5=>7	920	5	5-6-7	1400.0	6.0	5=>7=>6	3180	12			54786312	5,7,8,4,6,3-1,2			6.0	200	4.0			
200956022502	ダ	右	1300	曇	不良	11:15	サラ系Cー24組		2009-2-25	14	荒尾	1	(定量)		3	650	3	3.0	170.0	5.0	4.0	120	1.0	3-4	1660	7	3-4	490	7.0	3-5	180	1.0	4-5	230	2.0	3=>4	3500	14	3-4-5	800.0	2.0	3=>4=>5	5860	20		1,3,4,5,6,(2,7),8	13456782	34516872			5.0	120	2.0			
200956030301	ダ	右	950	小雨	重	10:45	火星人上田氏生誕半世		2009-3-3	14	荒尾	2	(定量)		5	670	4	5.0	120.0	3.0	6.0	100	1.0	5-6	620	2	5-6	200	2.0	5-7	310	6.0	6-7	140	1.0	5=>6	1880	6	5-6-7	600.0	1.0	5=>6=>7	4900	17			6,7,3,5,1,8,4,2-9	6,7,5,3,1,8,2-4,9			7.0	110	2.0	5-6	710.0	2.0
200956030302	ダ	右	1300	小雨	重	11:20	サラ系Cー15組		2009-3-3	14	荒尾	2	(定量)		6	160	1	6.0	120.0	2.0	7.0	170	4.0	6-7	800	3	6-7	390	5.0	4-6	320	4.0	4-7	780	10.0	6=>7	780	3	4-6-7	1140.0	4.0	6=>7=>4	3100	9		36274815	36724815	6,3,7,8,(2,4),1,5			4.0	170	3.0			
200956030303	ダ	右	1300	曇	重	11:55	サラ系3歳ー3組		2009-3-3	14	荒尾	2	(定量)		8	230	2	8.0	100.0	2.0	3.0	120	3.0	3-8	570	2	3-8	210	2.0	4-8	150	1.0	3-4	240	3.0	8=>3	1000	4	3-4-8	320.0	1.0	8=>3=>4	1650	3		387452961	3,8,7,4,5,9,2,6-1	3,8,7,4,5,9,2,6=1			4.0	100	1.0	3-8	500.0	3.0
200956030304	ダ	右	1400	曇	重	12:30	サラ系Cー11組		2009-3-3	14	荒尾	2	(定量)		7	900	4	7.0	210.0	4.0	6.0	180	3.0	6-7	1160	5	6-7	310	4.0	4-7	1,940	18.0	4-6	1,210	13.0	7=>6	3330	10	4-6-7	5370.0	15.0	7=>6=>4	42510	100	45278136	45278163	45278136	45712368			4.0	500	7.0			
200956030305	ダ	右	1400	曇	重	13:00	サラ系3歳ー1組		2009-3-3	14	荒尾	2	(定量)		3	200	1	3.0	100.0	1.0	4.0	120	3.0	3-4	690	2	3-4	210	3.0	2-3	160	1.0	2-4	200	2.0	3=>4	910	3	2-3-4	420.0	1.0	3=>4=>2	1600	2	34276815	3,4,2,7,(6,8),1,5	34278615	34287615			2.0	100	2.0			
200956031701	ダ	右	950	晴	良	10:45	サラ系3歳ー6組		2009-3-17	15	荒尾	1	(定量)		3	1700	4	3.0	430.0	4.0	8.0	200	3.0	3-8	960	3	3-8	230	2.0	2-3	290	5.0	2-8	120	1.0	3=>8	2070	9	2-3-8	410.0	2.0	3=>8=>2	3830	14			38621754.0	38216754.0			2.0	180	2.0			
200956031702	ダ	右	1300	晴	良	11:15	サラ系3歳ー4組		2009-3-17	15	荒尾	1	(定量)		8	320	2	8.0	120.0	2.0	4.0	340	4.0	4-8	880	4	4-8	310	3.0	1-8	520	6.0	1-4	1,530	15.0	8=>4	900	3	1-4-8	4000.0	13.0	8=>4=>1	13590	42		8,4,3,6,1,(2,5),7	84631527	84315267			1.0	350	5.0			
200956031703	ダ	右	1400	晴	良	11:45	サラ系Cー10組		2009-3-17	15	荒尾	1	(定量)		4	260	1	4.0	150.0	1.0	5.0	230	3.0	4-5	450	1	4-5	260	3.0	2-4	300	4.0	2-5	520	8.0	4=>5	900	3	2-4-5	1690.0	7.0	4=>5=>2	4440	17	5,6,(3,4),(2,7),1	5634271	5643217	5423167								
200956031704	ダ	右	1400	晴	良	12:15	サラ系3歳ー2組		2009-3-17	15	荒尾	1	(定量)		7	740	2	7.0	130.0	2.0	1.0	110	1.0	1-7	170	1	1-7	130	1.0	5-7	250	4.0	1-5	190	3.0	7=>1	290	1	1-5-7	300.0	1.0	7=>1=>5	980	2	1564723	1564723	1564732	1574362								
200956031705	ダ	右	1300	晴	良	12:45	サラ系Cー12組		2009-3-17	15	荒尾	1	(定量)		4	340	3	4.0	140.0	2.0	7.0	140	1.0	4-7	420	2	4-7	190	1.0	2-4	250	5.0	2-7	210	2.0	4=>7	1110	5	2-4-7	280.0	1.0	4=>7=>2	1990	6		3427156.0	3472516.0	3472651.0								
200956031706	ダ	右	1400	晴	良	13:15	サラ系Cー8組		2009-3-17	15	荒尾	1	(定量)		5	240	2	5.0	160.0	2.0	3.0	1,150	5.0	3-5	4850	9	3-5	330	5.0	5-7	150	1.0	3-7	580	8.0	5=>3	3710	12	3-5-7	860.0	3.0	5=>3=>7	12500	32	1762453	1762453	1765243	7561243								
200956031708	ダ	右	1400	晴	良	14:20	サラ系Cー4組		2009-3-17	15	荒尾	1	(定量)		3	830	4	3.0	190.0	4.0	8.0	140	3.0	3-8	1460	6	3-8	360	5.0	3-4	300	4.0	4-8	130	1.0	3=>8	3450	13	3-4-8	650.0	2.0	3=>8=>4	7970	25	3,9,4,(6,8),2,1,5	39846215	39814265	39841526			4.0	130	2.0	3-8	950.0	4.0
200956031709	ダ	右	1500	晴	良	14:55	荒尾レディー 		2009-3-17	15	荒尾	1	(別定)		7	540	3	7.0	110.0	2.0	8.0	100	1.0	7-8	330	1	7-8	180	1.0	6-7	670	11.0	6-8	380	4.0	7=>8	750	2	6-7-8	1260.0	4.0	7=>8=>6	3630	13	81364725	81364725	83164725	8,(3,7),6,4,2,5-1			6.0	220	5.0			
200956032801	ダ	右	950	曇	良	10:45	サラ系3歳ー7組		2009-3-28	15	荒尾	4	(定量)		3	310	3	3.0	100.0	2.0	1.0	100	1.0	1-3	230	1	1-3	100	2.0	2-3	100	1.0	1-2	100	3.0	3=>1	540	3	1-2-3	130.0	1.0	3=>1=>2	680	3			13287564.0	13285746.0			2.0	100	3.0			
200956032802	ダ	右	1300	曇	良	11:15	サラ系3歳ー5組		2009-3-28	15	荒尾	4	(定量)		8	170	1	8.0	100.0	1.0	4.0	220	4.0	4-8	620	2	4-8	320	3.0	2-8	150	1.0	2-4	410	8.0	8=>4	700	2	2-4-8	460.0	1.0	8=>4=>2	1920	5		86742513.0	86742531.0	84273561.0			2.0	120	3.0			
200956032803	ダ	右	1400	曇	良	11:45	サラ系Cー10組		2009-3-28	15	荒尾	4	(定量)		7	1400	5	7.0	400.0	7.0	2.0	170	4.0	2-7	6320	15	2-7	1,570	17.0	5-7	660	9.0	2-5	220	3.0	7=>2	7270	23	2-5-7	2530.0	8.0	7=>2=>5	39940	95	792168354	791286534	792158634	729531684			5.0	100	1.0	2-7	4230.0	14.0
200956032804	ダ	右	1400	曇	良	12:15	サラ系3歳ー3組		2009-3-28	15	荒尾	4	(定量)		1	380	2	1.0	100.0	1.0	4.0	140	3.0	1-4	390	2	1-4	210	2.0	1-8	610	9.0	4-8	660	11.0	1=>4	790	3	1-4-8	3810.0	11.0	1=>4=>8	7190	26	45723618	45273168	42531786	14352876			8.0	320	6.0			
200956032805	ダ	右	1400	曇	良	12:45	サラ系Cー8組		2009-3-28	15	荒尾	4	(定量)		8	290	2	8.0	120.0	2.0	6.0	260	6.0	6-8	3480	8	6-8	510	6.0	7-8	100	1.0	6-7	280	3.0	8=>6	5140	11	6-7-8	450.0	2.0	8=>6=>7	11520	28	12874635	12874635	12874653	(7,8),2,6,4,5,3,1			7.0	100	1.0			
200956032806	ダ	右	1300	曇	良	13:15	サラ系Cー12組		2009-3-28	15	荒尾	4	(定量)		2	350	3	2.0	150.0	3.0	3.0	110	1.0	2-3	420	1	2-3	140	1.0	2-5	930	14.0	3-5	820	12.0	2=>3	900	3	2-3-5	6870.0	22.0	2=>3=>5	19470	50		23867154.0	23786514.0	23576814.0			5.0	440	6.0			
200956032807	ダ	右	1400	曇	良	13:50	サラ系Cー6組		2009-3-28	15	荒尾	4	(定量)		6	400	3	6.0	130.0	3.0	2.0	120	2.0	2-6	650	3	2-6	210	3.0	1-6	130	1.0	1-2	150	2.0	6=>2	1040	4	1-2-6	250.0	1.0	6=>2=>1	1920	5	34625718	34627158	34627158	63421758			1.0	100	1.0			
200956032808	ダ	右	1400	曇	良	14:25	サラ系Cー4組		2009-3-28	15	荒尾	4	(定量)		5	300	2	5.0	150.0	3.0	8.0	210	4.0	5-8	1080	6	5-8	240	6.0	2-5	220	4.0	2-8	150	1.0	5=>8	1540	9	2-5-8	400.0	2.0	5=>8=>2	3210	17	47865123	47856231	47852631	4,8,5,7,2,6,3-1			2.0	110	1.0			
200956032809	ダ	右	1500	曇	良	15:00	りんどう賞 		2009-3-28	15	荒尾	4	(定量)		5	390	4	5.0	200.0	4.0	7.0	130	1.0	5-7	310	2	5-7	210	2.0	4-5	900	12.0	4-7	650	10.0	5=>7	710	4	4-5-7	1790.0	7.0	5=>7=>4	5510	17	217546	217546	271456	724516								
200956041101	ダ	右	950	晴	良	11:00	サラ系3歳ー6組		2009-4-11	1	荒尾	1	(定量)		5	240	1	5.0	100.0	1.0	6.0	110	2.0	5-6	240	1	5-6	150	1.0	1-5	370	5.0	1-6	700	10.0	5=>6	270	1	1-5-6	840.0	3.0	5=>6=>1	1990	5			596814372.0	564918327.0			1.0	230	5.0	5-6	210.0	1.0
200956041201	ダ	右	950	晴	良	11:00	サラ系3歳ー5組		2009-4-12	1	荒尾	2	(定量)		5	130	1	5.0	100.0	1.0	4.0	100	2.0	4-5	200	1	4-5	120	1.0	5-8	210	3.0	4-8	230	4.0	5=>4	310	1	4-5-8	260.0	1.0	5=>4=>8	600	1			48513762	4,(5,8),7,1,3,2,6			8.0	160	4.0			
200956041202	ダ	右	1300	晴	良	11:25	サラ系3歳ー4組		2009-4-12	1	荒尾	2	(定量)		8	150	1	8.0	100.0	1.0	7.0	100	3.0	7-8	150	1	7-8	100	1.0	1-8	190	3.0	1-7	170	2.0	8=>7	310	2	1-7-8	210.0	1.0	8=>7=>1	630	2		7,8,1,3,(2,5),6,4	78136524	8,7-1,3,6,5,4,2			1.0	100	2.0			
200956041203	ダ	右	1400	晴	良	11:55	サラ系3歳ー2組		2009-4-12	1	荒尾	2	(定量)		6	110	1	6.0	100.0	1.0	3.0	190	5.0	3-6	840	3	3-6	260	3.0	6-8	110	1.0	3-8	310	5.0	6=>3	840	3	3-6-8	580.0	2.0	6=>3=>8	2040	6	12635874	12365874	12635874	62137854			8.0	100	2.0			
200956041204	ダ	右	1400	晴	良	12:25	サラ系Cー5組		2009-4-12	1	荒尾	2	(定量)		5	1100	5	5.0	430.0	5.0	6.0	150	2.0	5-6	730	3	5-6	310	4.0	4-5	3,350	17.0	4-6	1,100	11.0	5=>6	1930	8	4-5-6	3710.0	11.0	5=>6=>4	28410	64	4516723	4567123	4567213	4562137								
200956041205	ダ	右	1400	晴	良	12:55	サラ系Cー4組		2009-4-12	1	荒尾	2	(定量)		4	300	2	4.0	630.0	4.0	5.0	190	2.0	4-5	450	2	4-5	200	3.0	1-4	160	2.0	1-5	100	1.0	4=>5	1340	5	1-4-5	230.0	1.0	4=>5=>1	2410	7	4513872	4,(1,5),3,8,7,2	4513782	4513728								
200956041206	ダ	右	1400	晴	良	13:25	サラブレッド系3歳ー		2009-4-12	1	荒尾	2	(定量)		4	650	3	4.0	140.0	3.0	3.0	270	4.0	3-4	22510	23	3-4	1,980	15.0	4-5	210	2.0	3-5	600	8.0	4=>3	37790	37	3-4-5	2700.0	8.0	4=>3=>5	62320	89	3,4,7,(2,5),1,6,8	34725168	34725186	34527186			5.0	110	1.0			
200956041207	ダ	右	1400	晴	良	13:55	サラ系Cー3組		2009-4-12	1	荒尾	2	(定量)		5	1610	5	5.0	350.0	5.0	2.0	190	3.0	2-5	1860	7	2-5	600	9.0	5-8	510	7.0	2-8	580	8.0	5=>2	3500	10	2-5-8	2040.0	8.0	5=>2=>8	7530	31	35624178	35627184	3,5,6,2,7-8,1,4	5,3,7,2,6,8,1-4			8.0	120	2.0			
200956041208	ダ	右	1500	晴	良	14:25	上荒尾熊野座神楽特選		2009-4-12	1	荒尾	2	(定量)		4	100	1	4.0	120.0	1.0	1.0	190	3.0	1-4	730	2	1-4	170	2.0	4-5	140	1.0	1-5	280	5.0	4=>1	610	3	1-4-5	450.0	2.0	4=>1=>5	1540	5	1,5,(6,8),4,7,3	1568473	1568473	1546873								
200956041209	ダ	右	1500	晴	良	14:55	スイートピー賞サラ系 		2009-4-12	1	荒尾	2	(別定)		4	1730	5	4.0	260.0	5.0	2.0	150	2.0	2-4	2280	7	2-4	640	9.0	4-7	6,100	27.0	2-7	1,280	15.0	4=>2	8320	23	2-4-7	9060.0	28.0	4=>2=>7	52230	132	3410287965	3421078956	3421057896	3421075986			7.0	320	6.0	2-4	1830.0	8.0
200956042301	ダ	右	950	晴	良	11:00	サラ系Cー21組		2009-4-23	1	荒尾	4	(定量)		4	250	1	4.0	160.0	3.0	6.0	110	1.0	4-6	200	1	4-6	140	2.0	4-5	150	3.0	5-6	120	1.0	4=>6	670	3	4-5-6	180.0	1.0	4=>6=>5	1370	4			4657132.0	4651732.0								
200956042302	ダ	右	950	晴	良	11:30	サラブレッド系3歳ー		2009-4-23	1	荒尾	4	(定量)		8	670	2	8.0	120.0	3.0	4.0	100	1.0	4-8	400	2	4-8	110	2.0	2-8	200	3.0	2-4	110	1.0	8=>4	2040	5	2-4-8	250.0	1.0	8=>4=>2	3850	10			68347251.0	86743251.0			2.0	100	2.0			
200956042303	ダ	右	1300	晴	良	12:00	頑張れ巨人軍!九州遠		2009-4-23	1	荒尾	4	(定量)		6	330	2	6.0	120.0	2.0	8.0	110	1.0	6-8	280	1	6-8	170	1.0	2-6	690	9.0	2-8	590	8.0	6=>8	480	1	2-6-8	1020.0	3.0	6=>8=>2	2490	6		389762154.0	389627154.0	869213475.0			2.0	270	7.0	6-8	340.0	1.0
200956042304	ダ	右	1300	晴	良	12:30	サラ系Cー19組		2009-4-23	1	荒尾	4	(定量)		2	570	4	2.0	200.0	2.0	6.0	150	1.0	2-6	720	4	2-6	270	3.0	2-3	2,470	17.0	3-6	2,130	16.0	2=>6	2070	10	2-3-6	3630.0	16.0	2=>6=>3	37880	111		2675314.0	2675314.0	2675314.0								
200956042305	ダ	右	1400	晴	良	13:00	サラ系Cー18組		2009-4-23	1	荒尾	4	(定量)		4	450	2	4.0	300.0	4.0	8.0	350	5.0	4-8	3860	13	4-8	910	16.0	4-7	160	1.0	7-8	350	4.0	4=>8	8050	23	4-7-8	1440.0	6.0	4=>8=>7	18460	57	47182635	47182356	48712356	4,8,7,(1,2),3,5,6			7.0	170	2.0			
200956042306	ダ	右	1400	晴	良	13:30	サラ系3歳ー4組		2009-4-23	1	荒尾	4	(定量)		6	170	1	6.0	140.0	2.0	7.0	210	3.0	6-7	380	2	6-7	120	3.0	3-6	120	1.0	3-7	120	2.0	6=>7	450	2	3-6-7	150.0	1.0	6=>7=>3	560	2	3672541	3,6,7,2-5,4,1	3,6,7,2-4,1,5	3,6,7-2,4-5,1								
200956042307	ダ	右	1400	晴	良	14:10	サラ系Cー17組		2009-4-23	1	荒尾	4	(定量)		1	1070	4	1.0	210.0	5.0	7.0	110	1.0	1-7	550	3	1-7	220	3.0	1-3	420	6.0	3-7	170	1.0	1=>7	1600	7	1-3-7	580.0	2.0	1=>7=>3	4850	17	289731654	2,8,7,9-3,1,6,5,4	2,8,9,7-1,3,6,5,4	287913654			3.0	140	3.0	1-7	710.0	3.0
200956042308	ダ	右	1400	晴	良	14:45	サラ系Cー16組		2009-4-23	1	荒尾	4	(定量)		2	310	3	2.0	150.0	3.0	8.0	410	7.0	2-8	2980	14	2-8	800	9.0	2-4	250	3.0	4-8	770	8.0	2=>8	7390	26	2-4-8	3410.0	14.0	2=>8=>4	34010	96	837469521	387465921	387465219	384625791			4.0	130	1.0	2-8	2260.0	10.0
200956042309	ダ	右	1400	晴	良	15:20	穀雨特選サラ系Cー1		2009-4-23	1	荒尾	4	(定量)		7	480	4	7.0	340.0	5.0	8.0	110	1.0	7-8	940	5	7-8	360	6.0	5-7	260	4.0	5-8	250	2.0	7=>8	2750	14	5-7-8	750.0	3.0	7=>8=>5	6450	22	76854213	76584123	76581423	75842613			5.0	180	3.0			
200956042310	ダ	右	1500	晴	良	15:55	肥後はなしょうぶ賞サ 		2009-4-23	1	荒尾	4	(定量)		9	840	4	9.0	160.0	3.0	6.0	130	1.0	6-9	910	6	6-9	340	4.0	7-9	1,590	18.0	6-7	2,240	21.0	9=>6	2030	9	6-7-9	5730.0	20.0	9=>6=>7	24710	67	894563271	895462317	893546217	983651724			7.0	470	7.0	6-8	750.0	4.0
200956050201	ダ	右	950	晴	良	11:00	サラ系3歳ー7組		2009-5-2	2	荒尾	2	(定量)		3	140	1	3.0	100.0	1.0	2.0	150	2.0	2-3	280	1	2-3	130	1.0	3-6	150	2.0	2-6	250	5.0	3=>2	270	1	2-3-6	430.0	2.0	3=>2=>6	1100	3			236154.0	236154.0								
200956050301	ダ	右	950	曇	良	11:00	サラ系3歳ー8組		2009-5-3	2	荒尾	3	(定量)		7	140	1	7.0	130.0	2.0	5.0	100	1.0	5-7	180	1	5-7	140	2.0	3-7	310	5.0	3-5	220	4.0	7=>5	200	1	3-5-7	440.0	2.0	7=>5=>3	910	3			713546.0	735146.0								
200956050302	ダ	右	950	曇	良	11:25	サラ系Cー22組		2009-5-3	2	荒尾	3	(定量)		1	140	1							1-4	130	1										1=>4	120	1				1=>4=>2	150	1			124	1-4,2								
200956050303	ダ	右	1300	曇	良	11:55	サラ系Cー21組		2009-5-3	2	荒尾	3	(定量)		6	680	4	6.0	340.0	4.0	5.0	170	2.0	5-6	660	4	5-6	300	5.0	1-6	560	8.0	1-5	220	2.0	6=>5	2040	9	1-5-6	750.0	4.0	6=>5=>1	6380	25		3,4,6,5-1,2	465312	6,5,4,1-2,3								
200956050304	ダ	右	1300	曇	良	12:25	サラ系3歳ー6組		2009-5-3	2	荒尾	3	(定量)		2	140	1	2.0	230.0	2.0	7.0	410	3.0	2-7	430	2	2-7	140	2.0	2-4	130	1.0	4-7	190	3.0	2=>7	530	3	2-4-7	250.0	1.0	2=>7=>4	820	2		2473651	2473651	2,4,7,3,(5,6),1								
200956050305	ダ	右	1400	曇	良	12:55	サラ系Cー20組		2009-5-3	2	荒尾	3	(定量)		1	640	3	1.0	300.0	4.0	5.0	170	2.0	1-5	590	2	1-5	270	3.0	1-3	320	5.0	3-5	360	8.0	1=>5	1630	9	1-3-5	610.0	3.0	1=>5=>3	4030	19	124653	124653	1,(2,4),(5,6),3	1,4,(2,5),3,6								
200956050306	ダ	右	1400	曇	良	13:25	サラ系3歳ー4組		2009-5-3	2	荒尾	3	(定量)		1	220	1	1.0	120.0	1.0	6.0	150	2.0	1-6	190	1	1-6	120	1.0	1-3	160	2.0	3-6	220	5.0	1=>6	490	2	1-3-6	230.0	1.0	1=>6=>3	870	2	5671234	5671324	5671342	6513742								
200956050307	ダ	右	1400	曇	良	13:55	祝杏鈴高校合格&誕生		2009-5-3	2	荒尾	3	(定量)		4	1050	4	4.0	7,620	3.0	1.0	4,920	2.0	1-4	2820	7	1-4	330	5.0	4-7	150	2.0	1-7	130	1.0	4=>1	9880	14	1-4-7	370.0	1.0	4=>1=>7	16480	37	1354762	1354726	1357426	1734562								
200956050308	ダ	右	1400	曇	良	14:25	まるさん&礼ちゃん祝		2009-5-3	2	荒尾	3	(定量)		2	480	4	2.0	270	4.0	4.0	470	5.0	2-4	1960	10	2-4	460	10.0	2-7	400	6.0	4-7	440	7.0	2=>4	5770	21	2-4-7	1730.0	7.0	2=>4=>7	14090	59	2736514	2736514	2736514	2734516								
200956050309	ダ	右	1400	曇	良	14:55	二輪草特選サラ系3歳		2009-5-3	2	荒尾	3	(定量)		8	200	1	8.0	100	1.0	5.0	130	3.0	5-8	220	1	5-8	180	1.0	2-8	360	6.0	2-5	600	9.0	8=>5	350	1	2-5-8	1210.0	4.0	8=>5=>2	2740	8	26835417	26835147	26835417	26853174			2.0	180	4.0			
200956050310	ダ	右	2000	曇	良	15:25	三十四回荒尾ダービ	G	2009-5-3	2	荒尾	3	(定量)		8	120	1	8.0	100	1.0	7.0	120	2.0	7-8	180	1	7-8	150	1.0	8-9	1,550	18.0	7-9	4,240	26.0	8=>7	290	1	7-8-9	10910.0	22.0	8=>7=>9	21950	42	87962413	8,7,9,(4,6),2,1,3	87469123	86971432			9.0	710	8.0	7-8	160.0	1.0
200956052101	ダ	右	950	小雨	重	11:00	サラ系3歳ー8組		2009-5-21	3	荒尾	1	(定量)		1	150	1	1.0	130	2.0	6.0	300	3.0	1-6	250	2	1-6	150	2.0	1-4	280	5.0	4-6	240	4.0	1=>6	360	2	1-4-6	690.0	2.0	1=>6=>4	1320	5			164325	1,6,4,2,3-5								
200956052102	ダ	右	950	小雨	重	11:30	サラ系Cー23組		2009-5-21	3	荒尾	1	(定量)		2	120	1	2.0	100	1.0	3.0	130	4.0	2-3	130	1	2-3	120	1.0	2-8	160	2.0	3-8	240	4.0	2=>3	160	1	2-3-8	320.0	1.0	2=>3=>8	680	2			28531647	2,8,5,3,1,6,4-7			8.0	130	3.0			
200956052103	ダ	右	1300	曇	重	12:00	サラ系3歳ー7組		2009-5-21	3	荒尾	1	(定量)		4	700	3	4.0	150	2.0	7.0	120	1.0	4-7	330	2	4-7	200	2.0	3-4	840	9.0	3-7	820	8.0	4=>7	1250	5	3-4-7	2420.0	8.0	4=>7=>3	16800	42		6137425	3174526	7,(3,4),5,2,1-6								
200956052104	ダ	右	1300	曇	重	12:30	サラ系3歳ー6組		2009-5-21	3	荒尾	1	(定量)		5	100	1	5.0	100	1.0	1.0	110	2.0	1-5	250	1	1-5	140	1.0	5-7	170	2.0	1-7	230	4.0	5=>1	230	1	1-5-7	310.0	1.0	5=>1=>7	540	1		57128463	57128436	5,(1,7),2,3,8,4,6			7.0	150	3.0			
200956052105	ダ	右	1300	曇	重	13:00	サラ系Cー22組		2009-5-21	3	荒尾	1	(定量)		8	960	4	8.0	380	6.0	6.0	170	3.0	6-8	1500	5	6-8	520	6.0	7-8	1,520	24.0	6-7	1,270	19.0	8=>6	3490	14	6-7-8	4860.0	25.0	8=>6=>7	24270	112		43782651	4,7,(3,8),2,6,5,1	4,7,8,3,(1,2),6,5			7.0	590	8.0			
200956052106	ダ	右	1400	曇	重	13:35	サラ系3歳ー5組		2009-5-21	3	荒尾	1	(定量)		7	250	2	7.0	110	1.0	6.0	250	3.0	6-7	820	4	6-7	230	4.0	4-7	150	2.0	4-6	480	5.0	7=>6	1130	5	4-6-7	410.0	2.0	7=>6=>4	1990	8	5716432	5741623	(5,7),4,6,(1,2),3	7,6,(4,5),2,1,3								
200956052107	ダ	右	1400	曇	重	14:10	サラ系3歳ー4組		2009-5-21	3	荒尾	1	(定量)		2	330	3	2.0	110	1.0	6.0	150	3.0	2-6	2500	7	2-6	450	6.0	2-7	830	10.0	6-7	4,250	23.0	2=>6	2450	10	2-6-7	21580.0	35.0	2=>6=>7	58630	108	81526473	81526743	81276543	28761543			7.0	490	6.0			
200956052108	ダ	右	1400	雨	重	14:45	荒尾ふれあい朝市会サ		2009-5-21	3	荒尾	1	(定量)		1	160	1	1.0	150	3.0	8.0	130	1.0	1-8	300	1	1-8	240	2.0	1-4	380	6.0	4-8	360	5.0	1=>8	710	1	1-4-8	1210.0	3.0	1=>8=>4	2920	5	3,5,7,8,2,(6,9),1,4	357826194	537812649	1,8,5,6,7,(2,4),3,9			4.0	180	4.0	1-8	350.0	1.0
200956052109	ダ	右	1400	雨	重	15:20	初夏特選サラ系3歳ー		2009-5-21	3	荒尾	1	(定量)		3	340	2	3.0	150	3.0	8.0	100	1.0	3-8	370	1	3-8	250	3.0	3-6	470	7.0	6-8	960	10.0	3=>8	940	4	3-6-8	2670.0	6.0	3=>8=>6	6840	25	289371645	289376154	283976154	382697514			6.0	390	6.0	3-8	220.0	1.0
200956052110	ダ	右	1500	雨	不良	15:55	つつじ特別サラ系3歳 		2009-5-21	3	荒尾	1	(定量)		6	950	6	6.0	220	5.0	5.0	130	2.0	5-6	1690	14	5-6	760	14.0	6-8	430	3.0	5-8	550	12.0	6=>5	5570	30	5-6-8	2220.0	12.0	6=>5=>8	23030	119	564983172	564839172	568493172	568934172			8.0	300	6.0	5-6	1870.0	10.0
200956060401	ダ	右	950	曇	不良	11:00	サラ系3歳ー7組		2009-6-4	3	荒尾	4	(定量)		6	160	1	6.0	140	2.0	7.0	140	3.0	6-7	140	1	6-7	120	1.0	4-6	160	2.0	4-7	210	3.0	6=>7	210	1	4-6-7	210.0	1.0	6=>7=>4	360	1			6342751	6,3,(4,7),2-5,1								
200956060402	ダ	右	950	曇	不良	11:30	サラ系Cー23組		2009-6-4	3	荒尾	4	(定量)		3	130	1	3.0	120	1.0	4.0	180	3.0	3-4	170	1	3-4	110	1.0	2-3	130	3.0	2-4	110	2.0	3=>4	220	1	2-3-4	150.0	1.0	3=>4=>2	350	1			346251	3,4,2,6-1,5								
200956060403	ダ	右	1300	曇	不良	12:00	サラ系3歳ー6組		2009-6-4	3	荒尾	4	(定量)		7	110	1	7.0	110	1.0	4.0	150	3.0	4-7	290	1	4-7	170	1.0	5-7	660	8.0	4-5	920	11.0	7=>4	280	1	4-5-7	1130.0	4.0	7=>4=>5	2330	7		56174382	5,6,7,1,4,8,3-2	56714382			5.0	450	7.0			
200956060404	ダ	右	1300	曇	不良	12:30	サラ系3歳ー5組		2009-6-4	3	荒尾	4	(定量)		4	150	1	4.0	100	1.0	6.0	110	2.0	4-6	150	1	4-6	130	1.0	1-4	550	8.0	1-6	850	12.0	4=>6	210	1	1-4-6	1200.0	4.0	4=>6=>1	2420	8		14256738.0	14562738.0	14657382.0			1.0	380	7.0			
200956060405	ダ	右	1300	曇	不良	13:00	サラ系Cー22組		2009-6-4	3	荒尾	4	(定量)		3	1990	3	3.0	370	4.0	2.0	110	1.0	2-3	1240	7	2-3	260	4.0	3-5	180	2.0	2-5	140	1.0	3=>2	3720	15	2-3-5	670.0	3.0	3=>2=>5	6170	19		7,(3,6),5,2,4,1	7635241	7326541								
200956060406	ダ	右	1400	曇	不良	13:30	サラ系3歳ー4組		2009-6-4	3	荒尾	4	(定量)		1	100	1	1.0	100	1.0	3.0	120	3.0	1-3	420	2	1-3	110	1.0	1-2	240	4.0	2-3	400	6.0	1=>3	520	3	1-2-3	510.0	2.0	1=>3=>2	1500	4	72614385	71264853	71264358	71243658			2.0	170	4.0			
200956060407	ダ	右	1400	曇	不良	14:05	サラ系3歳ー3組		2009-6-4	3	荒尾	4	(定量)		6	720	2	6.0	150	3.0	1.0	100	1.0	1-6	200	1	1-6	150	1.0	5-6	890	12.0	1-5	400	5.0	6=>1	1080	3	1-5-6	1050.0	4.0	6=>1=>5	7680	22	53614728	56347128	56374128	5,6,3,(1,7),4-2,8			5.0	200	4.0			
200956060408	ダ	右	1400	曇	不良	14:40	サラ系Cー21組		2009-6-4	3	荒尾	4	(定量)		4	220	1	4.0	210	2.0	5.0	660	4.0	4-5	850	3	4-5	260	3.0	2-4	140	1.0	2-5	610	9.0	4=>5	1110	4	2-4-5	770.0	3.0	4=>5=>2	3350	11	5741362	5741632	5741362	5741263								
200956060409	ダ	右	1400	曇	不良	15:15	虫歯予防デー特選サラ		2009-6-4	3	荒尾	4	(定量)		6	1690	4	6.0	400	8.0	7.0	140	2.0	6-7	2560	7	6-7	630	9.0	4-6	1,110	15.0	4-7	760	10.0	6=>7	5580	18	4-6-7	7980.0	24.0	6=>7=>4	68920	139	2374861	2374861	2374861	2476831			4.0	380	7.0			
200956060410	ダ	右	1500	曇	不良	15:50	荒尾クイーン 		2009-6-4	3	荒尾	4	(別定)		8	110	1	8.0	140	3.0	4.0	100	1.0	4-8	1340	5	4-8	500	8.0	1-8	490	7.0	1-4	400	5.0	8=>4	2660	11	1-4-8	2220.0	8.0	8=>4=>1	11230	36	482379165	4,8,2,3,7,(1,6),9,5	483216957	485126937			1.0	220	4.0	4-8	1210.0	5.0
200956061701	ダ	右	950	晴	良	11:00	サラ系3歳ー9組		2009-6-17	4	荒尾	3	(定量)		6	120	1	6.0	100	1.0	4.0	180	3.0	4-6	200	1	4-6	120	1.0	3-6	140	2.0	3-4	210	4.0	6=>4	300	1	3-4-6	180.0	1.0	6=>4=>3	480	1			6,4,(3,5),1,2	(4,6),3,5,2,1								
200956061702	ダ	右	1300	晴	良	11:30	サラ系3歳ー7組		2009-6-17	4	荒尾	3	(定量)		5	140	1	5.0	100	1.0	1.0	170	2.0	1-5	510	3	1-5	200	2.0	5-6	370	6.0	1-6	790	10.0	5=>1	550	2	1-5-6	1760.0	9.0	5=>1=>6	3410	15		6,5,7,1,(2,3),4	6,5,1,7,(2,3),4	5612347								
200956061703	ダ	右	1300	晴	良	12:00	サラ系Cー10組		2009-6-17	4	荒尾	3	(定量)		4	500	4	4.0	200	3.0	7.0	270	4.0	4-7	1440	7	4-7	520	7.0	3-4	450	6.0	3-7	310	4.0	4=>7	2500	13	3-4-7	1240.0	4.0	4=>7=>3	12610	42		3741256.0	3745126.0	3741526.0								
200956061704	ダ	右	1400	晴	良	12:30	サラ系3歳ー5組		2009-6-17	4	荒尾	3	(定量)		2	170	1	2.0	110	2.0	6.0	100	1.0	2-6	150	1	2-6	110	1.0	2-3	150	2.0	3-6	280	5.0	2=>6	220	1	2-3-6	230.0	1.0	2=>6=>3	570	1	2653741	2,6,(3,5),4,1,7	2,6,(3,5),4,1,7	2365471								
200956061705	ダ	右	1400	晴	良	13:00	サラ系Cー9組		2009-6-17	4	荒尾	3	(定量)		1	760	3	1.0	300	3.0	6.0	950	4.0	1-6	1670	9	1-6	440	7.0	1-4	770	10.0	4-6	560	9.0	1=>6	2790	16	1-4-6	2180.0	10.0	1=>6=>4	9880	44	6,2,3,5,4-1	2,6,5,(3,4),1	265431	261453								
200956061706	ダ	右	1400	晴	良	13:30	サラ系3歳ー3組		2009-6-17	4	荒尾	3	(定量)		7	710	3	7.0	460	4.0	3.0	280	3.0	3-7	8810	15	3-7	3,300	14.0	2-7	670	9.0	2-3	1,530	11.0	7=>3	11200	22	2-3-7	3920.0	11.0	7=>3=>2	54980	83	4,5,7,(1,6),2,3	4517263	4572136	5274316								
200956061707	ダ	右	1400	晴	良	14:00	サラ系Cー8組		2009-6-17	4	荒尾	3	(定量)		6	300	2	6.0	150	3.0	5.0	140	1.0	5-6	170	1	5-6	160	2.0	6-7	140	1.0	5-7	230	4.0	6=>5	580	2	5-6-7	260.0	1.0	6=>5=>7	1020	3	3,5,(4,7),6,1,2	3457612	3,4,5,6,7,(1,2)	5367412								
200956061708	ダ	右	1400	晴	良	14:35	サラ系Cー7組		2009-6-17	4	荒尾	3	(定量)		5	2300	6	5.0	1,510	7.0	6.0	130	1.0	5-6	3310	13	5-6	1,120	12.0	4-5	1,260	15.0	4-6	710	10.0	5=>6	5460	25	4-5-6	9050.0	25.0	5=>6=>4	75850	139	6,7,2,3,(4,5),1	6752341	6574231	5642137								
200956061709	ダ	右	1500	晴	良	15:10	あじさい特別サラ系3 		2009-6-17	4	荒尾	3	(定量)		3	200	1	3.0	120	1.0	6.0	130	2.0	3-6	420	1	3-6	180	1.0	3-5	250	2.0	5-6	390	6.0	3=>6	690	1	3-5-6	560.0	1.0	3=>6=>5	1550	1	6,8,3,(1,5),4,2,7	68132547	63185427	63125487			5.0	140	3.0			
200956061801	ダ	右	950	晴	良	11:00	サラ系3歳ー10組		2009-6-18	4	荒尾	4	(定量)		5	740	3	5.0	150	2.0	2.0	160	3.0	2-5	340	2	2-5	130	3.0	4-5	120	1.0	2-4	130	2.0	5=>2	1150	6	2-4-5	140.0	1.0	5=>2=>4	900	3			521643	5,2,1,4,6-3								
200956061803	ダ	右	1400	晴	良	12:00	サラ系3歳ー6組		2009-6-18	4	荒尾	4	(定量)		1	350	3	1.0	240	4.0	5.0	340	5.0	1-5	630	5	1-5	210	5.0	1-6	180	2.0	5-6	320	6.0	1=>5	1230	7	1-5-6	340.0	1.0	1=>5=>6	1790	3	1537264	1537246	1576423	1,(5,6),4,2,7,3								
200956070201	ダ	右	950	曇	不良	11:00	サラ系Cー21組		2009-7-2	5	荒尾	2	(定量)		4	160	1	4.0	100	1.0	3.0	100	2.0	3-4	130	1	3-4	100	1.0	2-4	200	4.0	2-3	160	2.0	4=>3	190	1	2-3-4	150.0	1.0	4=>3=>2	320	1			436217598.0	432176598.0			2.0	130	3.0	3-4	120.0	1.0
200956070202	ダ	右	1300	曇	不良	11:30	サラ系Cー19組		2009-7-2	5	荒尾	2	(定量)		2	130	1	2.0	110	1.0	4.0	130	3.0	2-4	300	1	2-4	500	5.0	2-3	1,390	18.0	3-4	1,900	21.0	2=>4	570	2	2-3-4	2260.0	8.0	2=>4=>3	5640	19		2563110487	2563101487	2,3,(5,6),(1,4),10,8,7			3.0	200	5.0	2-4	610.0	3.0
200956070203	ダ	右	1300	曇	不良	12:00	サラ系Cー17組		2009-7-2	5	荒尾	2	(定量)		1	420	2	1.0	200	4.0	3.0	130	1.0	1-3	900	3	1-3	460	3.0	1-5	1,820	28.0	3-5	1,710	26.0	1=>3	1910	5	1-3-5	5420.0	21.0	1=>3=>5	16400	54		23487651910	2,3,4,(7,8),6,5,1,9,10	32874156109			5.0	330	7.0	1-3	1680.0	8.0
200956070204	ダ	右	1400	曇	不良	12:30	サラ系Cー15組		2009-7-2	5	荒尾	2	(定量)		2	280	2	2.0	210	3.0	6.0	240	5.0	2-6	1600	5	2-6	440	4.0	2-5	1,620	19.0	5-6	2,730	25.0	2=>6	1640	6	2-5-6	5420.0	18.0	2=>6=>5	10430	34	268953714	269835174	267859314	267584139			5.0	440	7.0	2-6	1050.0	6.0
200956070205	ダ	右	1400	曇	不良	13:00	サラ系Cー13組		2009-7-2	5	荒尾	2	(定量)		2	710	4	2.0	190	3.0	6.0	200	5.0	2-6	1040	6	2-6	440	6.0	2-4	390	4.0	4-6	350	2.0	2=>6	3460	12	2-4-6	830.0	4.0	2=>6=>4	11520	33	769584231	756942831	769452831	(2,7),6,4,9,8,5,3,1			4.0	100	1.0	2-6	980.0	7.0
200956070206	ダ	右	1400	曇	不良	13:30	サラ系Cー11組		2009-7-2	5	荒尾	2	(定量)		7	2640	7	7.0	2,730	9.0	4.0	290	4.0	4-7	29360	32	4-7	3,850	28.0	6-7	5,730	33.0	4-6	3,850	28.0	7=>4	125240	64	4-6-7	40450.0	63.0	7=>4=>6	2067950	483	68711024953	67814102953	67811042593	67410815239			6.0	1,070	6.0	4-7	8670.0	15.0
200956070207	ダ	右	1400	曇	不良	14:00	サラ系Cー9組		2009-7-2	5	荒尾	2	(定量)		1	210	1	1.0	100	2.0	5.0	160	4.0	1-5	2260	8	1-5	940	10.0	1-7	220	2.0	5-7	820	8.0	1=>5	3250	11	1-5-7	1540.0	4.0	1=>5=>7	8340	26	46105198732	4,6,(5,10),1,7,9,8,3,2	46510197832	16457108923			7.0	100	1.0	1-5	3540.0	9.0
200956070208	ダ	右	1400	曇	不良	14:30	サラ系Cー7組		2009-7-2	5	荒尾	2	(定量)		9	480	3	9.0	290	5.0	2.0	210	4.0	2-9	2460	12	2-9	1,350	17.0	9-10	970	15.0	2-10	310	1.0	9=>2	4840	23	2-9-10	7220.0	26.0	9=>2=>10	56980	172	89102567143	89102657134	89102657431	8,9,2,10,5,6,4,(3,7)			10.0	200	3.0	2-8	1410.0	8.0
200956070209	ダ	右	1400	曇	不良	15:00	サラ系Cー5組		2009-7-2	5	荒尾	2	(定量)		5	260	1	5.0	120	1.0	8.0	160	3.0	5-8	650	2	5-8	320	4.0	5-7	270	2.0	7-8	390	5.0	5=>8	1330	4	5-7-8	730.0	2.0	5=>8=>7	2630	2	538217964	358271964	5,(3,8),7,1,9,2,6,4	581793624			7.0	210	4.0	5-8	540.0	2.0
200956070210	ダ	右	1500	曇	不良	15:30	不知火賞サラ系Cー1 		2009-7-2	5	荒尾	2	(定量)		9	520	3	9.0	120	2.0	7.0	100	1.0	7-9	220	1	7-9	130	1.0	4-9	410	5.0	4-7	220	4.0	9=>7	660	2	4-7-9	790.0	3.0	9=>7=>4	3020	12	936571842	9,(3,6),5,7,1,4,8	96357418	9,6,7,3,4,1,5-8			4.0	130	4.0	7-8	190.0	1.0
200956070211	ダ	右	1500	曇	不良	16:30	阿蘇杵島岳カップ 		2009-7-2	5	荒尾	2	(別定)		2	200	1	2.0	100	1.0	1.0	120	3.0	1-2	520	2	1-2	140	2.0	2-10	100	1.0	1-10	150	3.0	2=>1	590	3	1-2-10	180.0	1.0	2=>1=>10	990	3	51017934286	5,10,1,(2,7,9),4,3,8,6	51012739684	1,10,2,5,7,6,3,8,9-4			10.0	100	2.0	1-2	400.0	2.0
200956070212	ダ	右	1400	曇	不良	17:00	サラ系Cー3組		2009-7-2	5	荒尾	2	(定量)		10	330	2	10.0	190	4.0	1.0	200	5.0	1-10	590	3	1-10	250	3.0	3-10	180	1.0	1-3	300	5.0	10=>1	1010	5	1-3-10	480.0	1.0	10=>1=>3	2130	4	81023197546	10387129456	10387194652	10,3,1,7,4,5,8,6,9-2			3.0	120	1.0	1-8	500.0	2.0
200956071501	ダ	右	950	曇	良	11:00	サラ系Cー19組		2009-7-15	5	荒尾	3	(定量)		4	170	1	4.0	100	1.0	1.0	130	4.0	1-4	200	1	1-4	130	1.0	4-10	240	3.0	1-10	270	4.0	4=>1	320	1	1-4-10	270.0	1.0	4=>1=>10	720	1			41013782695.0	4110327689.0			10.0	110	2.0	1-4	240.0	1.0
200956071502	ダ	右	1300	曇	良	11:30	サラ系Cー17組		2009-7-15	5	荒尾	3	(定量)		8	250	1	8.0	110	1.0	6.0	170	5.0	6-8	600	2	6-8	210	2.0	7-8	170	1.0	6-7	440	6.0	8=>6	1060	3	6-7-8	570.0	1.0	8=>6=>7	2630	3		68534791210	6,8,5,4,9,3,2,7,1-10	6,8,5,4,2,9,(3,7),1-10			7.0	130	2.0	6-7	480.0	1.0
200956071503	ダ	右	1300	曇	良	12:00	サラ系Cー15組		2009-7-15	5	荒尾	3	(定量)		8	610	2	8.0	170	4.0	4.0	270	6.0	4-8	1700	6	4-8	440	10.0	5-8	180	2.0	4-5	150	1.0	8=>4	2220	8	4-5-8	480.0	2.0	8=>4=>5	4700	15		7,8,1,4,(2,5),3,6	78415236	84751236			5.0	100	1.0			
200956071504	ダ	右	1400	曇	良	12:30	サラ系Cー13組		2009-7-15	5	荒尾	3	(定量)		6	420	3	6.0	100	1.0	4.0	110	2.0	4-6	230	1	4-6	160	1.0	6-7	340	6.0	4-7	400	8.0	6=>4	630	2	4-6-7	650.0	3.0	6=>4=>7	3170	10	6,7,4,8,2,5,(1,9)	67482519	67418259	67418295			7.0	120	3.0	4-6	230.0	1.0
200956071505	ダ	右	1400	曇	良	13:00	サラ系Cー12組		2009-7-15	5	荒尾	3	(定量)		1	800	4	1.0	190	4.0	4.0	100	1.0	1-4	880	3	1-4	160	2.0	1-6	1,570	19.0	4-6	760	9.0	1=>4	2530	9	1-4-6	3900.0	14.0	1=>4=>6	31590	93	34652891107	34651289107	34615102987	34165102978			6.0	410	6.0	1-4	1690.0	5.0
200956071506	ダ	右	1400	雨	良	13:30	サラ系Cー11組		2009-7-15	5	荒尾	3	(定量)		10	1440	7	10.0	380	5.0	7.0	280	4.0	7-10	4070	13	7-10	1,860	20.0	2-10	1,520	15.0	2-7	600	6.0	10=>7	7700	27	2-7-10	3570.0	11.0	10=>7=>2	38720	116	25817436910	25817436910	2,8,1,7,4,(6,9),3,10,5	28716109435			2.0	240	2.0	7-8	850.0	5.0
200956071507	ダ	右	1400	曇	良	14:00	サラ系Cー9組		2009-7-15	5	荒尾	3	(定量)		4	320	1	4.0	130	1.0	10.0	1,240	10.0	4-10	6080	20	4-10	1,360	12.0	4-9	5,190	39.0	9-10	40,960	59.0	4=>10	8290	29	4-9-10	39990.0	99.0	4=>10=>9	355940	587	125118310796124	512311781096124	531211710869142	351171069841212			9.0	3,940	12.0	4-7	2290.0	11.0
200956071508	ダ	右	1400	曇	良	14:30	サラ系Cー8組		2009-7-15	5	荒尾	3	(定量)		9	190	1	9.0	150	2.0	5.0	180	5.0	5-9	420	1	5-9	180	1.0	8-9	180	2.0	5-8	430	6.0	9=>5	560	1	5-8-9	670.0	2.0	9=>5=>8	1530	3	683792541	683972541	683972541	869537241			8.0	150	3.0	5-8	400.0	2.0
200956071509	ダ	右	1400	曇	良	15:05	サラ系Cー6組		2009-7-15	5	荒尾	3	(定量)		1	230	1	1.0	100	1.0	3.0	130	2.0	1-3	3820	12	1-3	400	4.0	1-5	270	3.0	3-5	830	10.0	1=>3	4820	12	1-3-5	3250.0	9.0	1=>3=>5	15950	40	11093584672	11093548672	11093584672	13109548672			5.0	160	4.0	1-3	4300.0	10.0
200956071510	ダ	右	1400	曇	良	15:40	おじぎそう特選サラ系		2009-7-15	5	荒尾	3	(定量)		2	360	2	2.0	130	2.0	8.0	100	1.0	2-8	360	1	2-8	170	1.0	2-5	2,270	25.0	5-8	1,760	20.0	2=>8	950	5	2-5-8	8950.0	24.0	2=>8=>5	38820	99	364825791	362485719	386274519	283579461			5.0	750	9.0	2-8	310.0	1.0
200956071801	ダ	右	950	晴	良	11:00	サラ系Cー18組		2009-7-18	5	荒尾	4	(定量)		3	110	1	3.0	100	1.0	10.0	120	2.0	3-10	610	3	3-10	270	3.0	3-6	3,010	29.0	6-10	10,320	39.0	3=>10	600	3	3-6-10	24470.0	37.0	3=>10=>6	73040	121			36451028719.0	36452107819.0			6.0	1,840	10.0	3-8	310.0	2.0
200956073001	ダ	右	1300	晴	良	11:00	サラ系Cー9組		2009-7-30	6	荒尾	1	(定量)		4	330	2	4.0	100	2.0	7.0	100	1.0	4-7	140	1	4-7	130	1.0	3-4	390	7.0	3-7	330	5.0	4=>7	530	2	3-4-7	660.0	3.0	4=>7=>3	3390	11		7431265	(4,7),3,6,1,2,5	7,4,3,6,(1,2),5								
200956073002	ダ	右	1300	晴	良	11:30	サラ系Cー8組		2009-7-30	6	荒尾	1	(定量)		3	540	4	3.0	220	4.0	4.0	1,040	8.0	3-4	15330	25	3-4	1,000	11.0	3-8	690	7.0	4-8	1,350	17.0	3=>4	38090	47	3-4-8	8770.0	23.0	3=>4=>8	65900	155		3,5,(4,7),8,1,2,6	(3,5),7,4,8,1,2,6	34518762			8.0	150	2.0			
200956073003	ダ	右	1400	晴	良	12:00	サラ系Cー7組		2009-7-30	6	荒尾	1	(定量)		1	240	1	1.0	150	2.0	5.0	230	3.0	1-5	760	3	1-5	370	3.0	1-7	770	12.0	5-7	500	8.0	1=>5	1720	8	1-5-7	1950.0	8.0	1=>5=>7	5300	18	5,7,1,6,3,(2,4)	5713642	5,7,1,(3,4,6),2	5,(1,7),(3,6),2,4								
200956073004	ダ	右	1400	晴	良	12:30	国際女性騎手招待競走		2009-7-30	6	荒尾	1	(定量)		8	660	3	8.0	160	4.0	1.0	150	3.0	1-8	1410	5	1-8	570	5.0	7-8	670	7.0	1-7	860	11.0	8=>1	1630	7	1-7-8	4910.0	14.0	8=>1=>7	11320	35	63817245	6,3,8,1,7,(2,4)-5	(3,6),8,7,1,4,2-5	8,7,3,1,6,(2,4),5			7.0	200	5.0			
200956073005	ダ	右	1400	晴	良	13:00	サラ系Cー5組		2009-7-30	6	荒尾	1	(定量)		4	240	2	4.0	130	1.0	6.0	150	3.0	4-6	190	1	4-6	120	1.0	2-4	180	3.0	2-6	170	2.0	4=>6	400	1	2-4-6	310.0	1.0	4=>6=>2	850	1	6,7,5,(1,4),2,8	6,7,5,4,(1,2),8	6754218	6475281								
200956073006	ダ	右	1400	晴	良	13:30	国際女性騎手招待競走		2009-7-30	6	荒尾	1	(定量)		8	210	2	8.0	100	1.0	1.0	100	2.0	1-8	180	1	1-8	160	1.0	2-8	530	7.0	1-2	600	9.0	8=>1	490	2	1-2-8	1050.0	4.0	8=>1=>2	2870	11	81324756	81342756	8,1,3,4,2,7-5,6	8,(1,3),2,4,7,5-6			2.0	270	5.0			
200956080801	ダ	右	950	晴	良	11:00	サラ系2歳		2009-8-8	6	荒尾	2	(定量)		6	200	1	6.0	100	1.0	1.0	210	5.0	1-6	430	2	1-6	250	2.0	3-6	150	1.0	1-3	290	3.0	6=>1	520	2	1-3-6	280.0	1.0	6=>1=>3	1180	2			36197528.0	36159287.0			3.0	100	2.0	1-6	440.0	2.0
200956080802	ダ	右	950	晴	良	11:30	サラ系Cー26組		2009-8-8	6	荒尾	2	(定量)		5	190	1	5.0	120	1.0	7.0	160	3.0	5-7	180	1	5-7	110	1.0	4-5	130	2.0	4-7	150	3.0	5=>7	320	1	4-5-7	210.0	1.0	5=>7=>4	750	1			7456213	7,5,4,2,6-1-3								
200956080803	ダ	右	1300	晴	良	12:00	サラ系Cー24組		2009-8-8	6	荒尾	2	(定量)		2	780	5	2.0	240	3.0	4.0	150	2.0	2-4	1170	5	2-4	380	4.0	1-2	1,800	22.0	1-4	1,290	17.0	2=>4	2650	12	1-2-4	4420.0	21.0	2=>4=>1	21190	60		23851746.0	23851746.0	25138746.0			1.0	560	7.0			
200956080804	ダ	右	1300	晴	良	12:35	サラ系Cー22組		2009-8-8	6	荒尾	2	(定量)		5	2810	6	5.0	260	5.0	3.0	110	1.0	3-5	3720	10	3-5	1,160	13.0	5-9	2,970	22.0	3-9	480	6.0	5=>3	20940	33	3-5-9	6700.0	22.0	5=>3=>9	79830	141		1,4,2,3,7,5,9-8,6	1,3,4,7,2,5,9-6,8	135974268			9.0	320	6.0	3-5	6090.0	13.0
200956080901	ダ	右	950	曇	良	11:00	サラ系2歳		2009-8-9	6	荒尾	3	(定量)		8	360	2	8.0	180	4.0	4.0	130	2.0	4-8	540	4	4-8	310	5.0	6-8	250	3.0	4-6	180	1.0	8=>4	1120	5	4-6-8	430.0	1.0	8=>4=>6	2380	5			864792531.0	849675213.0			6.0	150	3.0	4-8	360.0	2.0
200956080902	ダ	右	950	曇	良	11:30	サラ系Cー25組		2009-8-9	6	荒尾	3	(定量)		4	340	2	4.0	100	1.0	7.0	150	2.0	4-7	130	1	4-7	100	1.0	1-4	190	4.0	1-7	190	5.0	4=>7	490	2	1-4-7	320.0	2.0	4=>7=>1	1020	3			(4,7),1,2,6,5,3	(4,7),1,2,6,5,3								
200956080903	ダ	右	1300	曇	良	12:00	サラ系Cー23組		2009-8-9	6	荒尾	3	(定量)		6	1310	4	6.0	310	3.0	2.0	370	4.0	2-6	1170	5	2-6	500	6.0	1-6	1,290	13.0	1-2	1,750	15.0	6=>2	2810	12	1-2-6	2980.0	11.0	6=>2=>1	23710	61		27148536.0	27184563.0	27186453.0			1.0	540	6.0			
200956080904	ダ	右	1300	曇	良	12:30	サラ系Cー21組		2009-8-9	6	荒尾	3	(定量)		7	130	1	7.0	160	2.0	8.0	260	4.0	7-8	540	2	7-8	280	2.0	1-7	400	6.0	1-8	550	11.0	7=>8	630	2	1-7-8	1050.0	4.0	7=>8=>1	2520	6		71835462	7,1,(5,8),3,2,6,4	7,1,8,3,2,5,4-6			1.0	250	3.0			
200956080905	ダ	右	950	曇	良	13:00	JRA認定ストロング		2009-8-9	6	荒尾	3	(定量)		7	380	2	7.0	180	2.0	5.0	260	3.0	5-7	1610	5	5-7	280	6.0	3-7	170	1.0	3-5	240	4.0	7=>5	2020	7	3-5-7	490.0	2.0	7=>5=>3	3020	10			(3,7),5,1,8,6,4	7,3,5,6,1,8-4								
200956080906	ダ	右	1400	晴	良	13:30	サラ系Cー19組		2009-8-9	6	荒尾	3	(定量)		4	460	3	4.0	170	4.0	2.0	160	3.0	2-4	1740	9	2-4	870	11.0	4-8	350	4.0	2-8	800	9.0	4=>2	3090	14	2-4-8	2100.0	8.0	4=>2=>8	11140	43	457926138	4,5,7,2,1,6,9,(3,8)	475261983	472618395			8.0	140	2.0	2-4	1690.0	8.0
200956080907	ダ	右	1400	晴	良	14:00	サラ系Cー17組		2009-8-9	6	荒尾	3	(定量)		7	2310	5	7.0	390	6.0	3.0	200	3.0	3-7	2700	12	3-7	1,170	13.0	2-7	1,100	12.0	2-3	910	10.0	7=>3	19150	38	2-3-7	5220.0	18.0	7=>3=>2	86640	176	857142693	857142369	857124369	871324569			2.0	300	4.0	3-7	3220.0	13.0
200956080908	ダ	右	1400	晴	良	14:30	エイバット荒尾競馬来		2009-8-9	6	荒尾	3	(定量)		4	3040	7	4.0	610	8.0	7.0	200	3.0	4-7	5110	18	4-7	810	15.0	2-4	1,120	18.0	2-7	750	14.0	4=>7	10750	33	2-4-7	4890.0	20.0	4=>7=>2	87230	226	279845316	279458361	279534861	274935681			2.0	330	6.0	4-7	4840.0	13.0
200956080909	ダ	右	1400	晴	良	15:05	天の川特選サラ系Cー		2009-8-9	6	荒尾	3	(定量)		9	200	1	9.0	100	1.0	8.0	920	8.0	8-9	3490	15	8-9	1,550	16.0	9-10	650	5.0	8-10	2,890	35.0	9=>8	3930	15	8-9-10	6400.0	26.0	9=>8=>10	35350	120	98532101746	98532101746	98352107164	98352101746			10.0	230	4.0	7-8	1060.0	6.0
200956080910	ダ	右	1500	晴	良	16:10	荒尾商工会議所杯 		2009-8-9	6	荒尾	3	(別定)		5	660	4	5.0	160	4.0	4.0	120	2.0	4-5	920	3	4-5	250	3.0	3-5	160	1.0	3-4	170	2.0	5=>4	2160	10	3-4-5	380.0	1.0	5=>4=>3	4220	15	53624817	53246817	53426817	53421768			3.0	100	1.0			
200956082201	ダ	右	950	曇	良	11:00	サラ系Cー27組		2009-8-22	7	荒尾	1	(定量)		1	180	1	1.0	100	2.0	4.0	100	1.0	1-4	120	1	1-4	120	1.0	1-7	290	6.0	4-7	340	7.0	1=>4	230	2	1-4-7	190.0	1.0	1=>4=>7	580	1			4175632	4,1=7,5,6,3,2								
200956082202	ダ	右	1400	曇	良	11:30	サラ系Cー9組		2009-8-22	7	荒尾	1	(定量)		5	910	4	5.0	140	2.0	3.0	100	1.0	3-5	430	2	3-5	150	2.0	2-5	190	3.0	2-3	110	1.0	5=>3	1080	6	2-3-5	270.0	1.0	5=>3=>2	1780	8	35241	35241	35214	35214								
200956082203	ダ	右	1400	曇	良	12:00	サラ系Cー7組		2009-8-22	7	荒尾	1	(定量)		2	800	4	2.0	260	4.0	5.0	100	1.0	2-5	840	5	2-5	190	5.0	2-4	170	4.0	4-5	120	1.0	2=>5	1990	9	2-4-5	370.0	2.0	2=>5=>4	4360	19	54231	54213	52431	5,2,4,3=1								
200956082204	ダ	右	1300	曇	良	12:30	サラ系Cー25組		2009-8-22	7	荒尾	1	(定量)		5	160	1	5.0	100	1.0	4.0	160	3.0	4-5	230	1	4-5	110	1.0	5-7	120	2.0	4-7	140	3.0	5=>4	230	1	4-5-7	300.0	2.0	5=>4=>7	570	1		5724136	5,(4,7),2=1,3-6	5,7,4,2=1,3-6								
200956082205	ダ	右	1300	曇	良	13:00	サラ系Cー23組		2009-8-22	7	荒尾	1	(定量)		6	250	2	6.0	110	1.0	1.0	220	4.0	1-6	620	3	1-6	340	4.0	3-6	510	6.0	1-3	1,210	13.0	6=>1	780	3	1-3-6	2260.0	9.0	6=>1=>3	7230	27		2617354	2617354	6,1,2,3,5,7=4								
200956082206	ダ	右	1400	曇	良	13:30	サラ系Cー21組		2009-8-22	7	荒尾	1	(定量)		6	120	1	6.0	100	1.0	5.0	240	3.0	5-6	320	1	5-6	200	2.0	6-7	310	4.0	5-7	570	9.0	6=>5	460	2	5-6-7	710.0	3.0	6=>5=>7	2030	6	5712364	5713264	5713624	5,6,(1,7),3,2,4								
200956082207	ダ	右	1400	曇	良	14:00	サラ系Cー19組		2009-8-22	7	荒尾	1	(定量)		4	150	1	4.0	100	1.0	7.0	100	2.0	4-7	130	1	4-7	120	1.0	1-4	170	2.0	1-7	180	3.0	4=>7	270	1	1-4-7	350.0	2.0	4=>7=>1	670	2	7451623	7415632	7415632	7412563								
200956082208	ダ	右	1400	曇	良	14:30	サラ系Cー17組		2009-8-22	7	荒尾	1	(定量)		1	590	4	1.0	380	4.0	2.0	120	1.0	1-2	600	3	1-2	180	3.0	1-7	150	2.0	2-7	130	1.0	1=>2	2030	9	1-2-7	440.0	2.0	1=>2=>7	4810	18	256713	256713	256713	215763								
200956082209	ダ	右	1400	曇	良	15:05	あさがお特選サラ系C		2009-8-22	7	荒尾	1	(定量)		7	580	4	7.0	350	5.0	4.0	100	1.0	4-7	730	3	4-7	210	3.0	1-7	290	4.0	1-4	180	2.0	7=>4	2010	9	1-4-7	580.0	3.0	7=>4=>1	5670	20	123745	1,2,7,3,4-5	1,7,2,3,4=5	7,3,1,4,2-5								
200956082301	ダ	右	950	晴	良	11:00	サラ系Cー26組		2009-8-23	7	荒尾	2	(定量)		4	110	1	4.0	100	1.0	5.0	240	4.0	4-5	440	3	4-5	260	3.0	2-4	380	6.0	2-5	1,230	10.0	4=>5	520	3	2-4-5	590.0	3.0	4=>5=>2	1300	5			425361.0	452316.0								
200956082302	ダ	右	1300	晴	良	11:30	サラ系Cー24組		2009-8-23	7	荒尾	2	(定量)		4	190	1	4.0	150	2.0	3.0	630	5.0	3-4	1000	6	3-4	190	2.0	2-4	410	6.0	2-3	1,000	12.0	4=>3	1170	6	2-3-4	2660.0	8.0	4=>3=>2	7210	27		345162.0	345162.0	345261.0								
200956082303	ダ	右	1300	晴	良	12:00	サラ系Cー22組		2009-8-23	7	荒尾	2	(定量)		6	860	3	6.0	220	3.0	1.0	100	1.0	1-6	490	2	1-6	210	3.0	3-6	230	4.0	1-3	120	1.0	6=>1	1410	6	1-3-6	390.0	2.0	6=>1=>3	3310	12		613524	613524	6,1,3-2,5,4								
200956082304	ダ	右	1400	晴	良	12:30	サラ系Cー20組		2009-8-23	7	荒尾	2	(定量)		2	590	2	2.0	930	6.0	6.0	300	2.0	2-6	630	4	2-6	300	5.0	2-3	1,960	14.0	3-6	1,960	14.0	2=>6	1840	12	2-3-6	3100.0	12.0	2=>6=>3	27480	70	234651	236451	234561	236145								
200956082305	ダ	右	1400	晴	良	13:00	サラ系Cー10組		2009-8-23	7	荒尾	2	(定量)		1	1730	6	1.0	650	6.0	3.0	280	3.0	1-3	1610	8	1-3	520	7.0	1-2	960	13.0	2-3	270	5.0	1=>3	6690	18	1-2-3	1990.0	7.0	1=>3=>2	26450	66	2,(4,5,6),3=1	2,4,(5,6),3=1	2,4,5,6,3=1	326415								
200956082306	ダ	右	1400	晴	良	13:30	サラ系Cー8組		2009-8-23	7	荒尾	2	(定量)		5	490	2	5.0	120	2.0	6.0	100	1.0	5-6	270	1	5-6	130	1.0	4-5	380	6.0	4-6	270	4.0	5=>6	610	2	4-5-6	450.0	3.0	5=>6=>4	1670	5	254631	254631	254631	524631								
200956082307	ダ	右	1400	晴	良	14:00	サラ系Cー18組		2009-8-23	7	荒尾	2	(定量)		7	440	3	7.0	310	5.0	2.0	130	1.0	2-7	1270	7	2-7	300	3.0	3-7	770	15.0	2-3	510	10.0	7=>2	3550	16	2-3-7	1950.0	8.0	7=>2=>3	18950	77	1625374	1623547	1623475	1,2,6,3,4,7-5								
200956082308	ダ	右	1400	晴	良	14:35	サラ系Cー16組		2009-8-23	7	荒尾	2	(定量)		7	160	1	7.0	130	1.0	4.0	270	4.0	4-7	530	2	4-7	290	2.0	6-7	320	3.0	4-6	480	6.0	7=>4	940	3	4-6-7	1200.0	4.0	7=>4=>6	3010	9	3512746	3512476	3514276	3541762								
200956082309	ダ	右	1400	晴	良	15:10	芙蓉特選サラ系Cー1		2009-8-23	7	荒尾	2	(定量)		1	1310	5	1.0	840	5.0	3.0	610	4.0	1-3	2620	10	1-3	560	9.0	1-7	490	7.0	3-7	590	10.0	1=>3	5450	21	1-3-7	2840.0	10.0	1=>3=>7	19950	66	6315742	6,3,1,5,4,7-2	6,3,1,5,7,4-2	6,3,1,5,7,4-2								
200956082310	ダ	右	1500	晴	良	16:15	荒炎賞	G	2009-8-23	7	荒尾	2	(定量)		4	100	1	4.0	100	1.0	8.0	130	2.0	4-8	230	1	4-8	120	1.0	4-6	1,300	17.0	6-8	3,140	21.0	4=>8	270	1	4-6-8	2360.0	8.0	4=>8=>6	2990	11	45298361	42598361	4,5,2,9,8,3,6-1	4,2,9,8,6,5,3=1			6.0	510	7.0	4-8	150.0	1.0
200956090901	ダ	右	950	晴	良	11:00	サラ系Cー25組		2009-9-9	7	荒尾	4	(定量)		5	120	1	5.0	100	1.0	6.0	140	3.0	5-6	150	1	5-6	120	1.0	4-5	290	4.0	4-6	350	5.0	5=>6	250	1	4-5-6	540.0	2.0	5=>6=>4	1150	4			465312	6,5,4,1,3-2								
200956090902	ダ	右	1300	晴	良	11:30	サラ系Cー23組		2009-9-9	7	荒尾	4	(定量)		3	180	1	3.0	110	2.0	7.0	100	1.0	3-7	130	1	3-7	120	1.0	1-3	530	7.0	1-7	440	5.0	3=>7	280	1	1-3-7	490.0	2.0	3=>7=>1	880	3		3,6,1,7,5-4,2	3671542	3176542								
200956090903	ダ	右	1300	晴	良	12:00	サラ系Cー21組		2009-9-9	7	荒尾	4	(定量)		3	140	1	3.0	100	1.0	7.0	470	5.0	3-7	560	3	3-7	240	3.0	3-6	200	2.0	6-7	430	6.0	3=>7	670	4	3-6-7	840.0	4.0	3=>7=>6	1810	6		3716542.0	3761452.0	3761452.0								
200956090904	ダ	右	1400	晴	良	12:30	サラ系Cー19組		2009-9-9	7	荒尾	4	(定量)		4	1520	6	4.0	300	5.0	5.0	510	7.0	4-5	11570	23	4-5	1,660	17.0	1-4	870	9.0	1-5	1,060	13.0	4=>5	20030	39	1-4-5	12730.0	32.0	4=>5=>1	188960	225	78315462	78134652	17834526	18347526			1.0	130	2.0			
200956090905	ダ	右	1400	晴	良	13:00	補佐会研修旅行記念サ		2009-9-9	7	荒尾	4	(定量)		3	460	3	3.0	150	3.0	1.0	180	6.0	1-3	2350	15	1-3	730	15.0	3-4	410	4.0	1-4	230	2.0	3=>1	6770	30	1-3-4	2060.0	11.0	3=>1=>4	23040	96	35174286	35124786	35174268	35176482			4.0	140	2.0			
200956090906	ダ	右	1400	晴	良	13:30	ピヨちゃんお誕生日記		2009-9-9	7	荒尾	4	(定量)		4	620	3	4.0	220	2.0	1.0	420	4.0	1-4	2080	12	1-4	690	15.0	2-4	600	9.0	1-2	1,170	17.0	4=>1	6380	28	1-2-4	5070.0	24.0	4=>1=>2	31530	123	6,(1,7),5,3,4,2	6715342	6173524	6132547								
200956090907	ダ	右	1400	晴	良	14:00	頑張れ九州産馬サラ系		2009-9-9	7	荒尾	4	(定量)		1	130	1	1.0	110	1.0	7.0	190	3.0	1-7	400	2	1-7	150	1.0	1-5	170	3.0	5-7	260	4.0	1=>7	540	2	1-5-7	560.0	3.0	1=>7=>5	1180	3	1753462	1754362	1754632	1,7,5,6,4,3=2								
200956090908	ダ	右	1400	晴	良	14:30	音無小鳥誕生日記念「		2009-9-9	7	荒尾	4	(定量)		3	1100	5	3.0	150	4.0	4.0	100	1.0	3-4	660	3	3-4	280	3.0	3-8	620	13.0	4-8	260	2.0	3=>4	2300	10	3-4-8	1350.0	5.0	3=>4=>8	8590	32	13568742	1,3,6,(5,7,8),4,2	13865472	13856472			8.0	130	2.0			
200956090909	ダ	右	1400	晴	良	15:05	白露特選サラ系Cー7		2009-9-9	7	荒尾	4	(定量)		8	240	2	8.0	110	2.0	2.0	120	3.0	2-8	680	3	2-8	280	3.0	6-8	150	1.0	2-6	290	4.0	8=>2	2250	6	2-6-8	420.0	1.0	8=>2=>6	3470	10	625871493	625871493	6,8,2,(7,9),5,4,1,3	6,8,(2,9),7,5,4,1,3			6.0	100	1.0	2-8	970.0	3.0
200956090910	ダ	右	1500	晴	良	15:40	霧島賞	G	2009-9-9	7	荒尾	4	(規定)		8	1120	6	8.0	190	3.0	10.0	110	1.0	8-10	900	3	8-10	340	3.0	8-9	960	11.0	9-10	290	2.0	8=>10	2260	11	8-9-10	1590.0	5.0	8=>10=>9	14220	47	186210341291175	186210341291175	182106119123475	811021196124375			9.0	220	5.0	6-7	710.0	3.0
200956091901	ダ	右	1300	晴	良	11:00	サラ系Cー10組		2009-9-19	8	荒尾	1	(定量)		4	200	1	4.0	180	3.0	5.0	180	2.0	4-5	260	1	4-5	180	3.0	4-6	220	4.0	5-6	170	1.0	4=>5	610	2	4-5-6	230.0	1.0	4=>5=>6	850	2		5134672.0	5431672.0	5463721.0								
200956091902	ダ	右	1300	晴	良	11:30	サラ系Cー9組		2009-9-19	8	荒尾	1	(定量)		3	120	1	3.0	110	1.0	6.0	130	2.0	3-6	230	1	3-6	150	1.0	2-3	340	6.0	2-6	480	9.0	3=>6	270	1	2-3-6	1010.0	4.0	3=>6=>2	2710	9		361245.0	362145.0	362451.0								
200956091903	ダ	右	1400	晴	良	12:00	サラ系Cー8組		2009-9-19	8	荒尾	1	(定量)		6	400	3	6.0	120	1.0	1.0	210	3.0	1-6	480	2	1-6	310	4.0	5-6	420	8.0	1-5	490	9.0	6=>1	1180	5	1-5-6	1000.0	5.0	6=>1=>5	3890	14	5,6,(2,3),1-4	5,6,2,3,1-4	5,6,2,3,1-4	562134								
200956091904	ダ	右	1400	晴	良	12:30	サラ系Cー7組		2009-9-19	8	荒尾	1	(定量)		3	310	2	3.0	210	3.0	2.0	100	1.0	2-3	290	1	2-3	150	1.0	3-4	1,080	17.0	2-4	860	10.0	3=>2	860	3	2-3-4	1350.0	6.0	3=>2=>4	4690	16	5721463	5726413	5,7,2,6,4,3-1	2,7,4,3,6,5=1								
200956091905	ダ	右	1400	晴	良	13:00	サラ系Cー6組		2009-9-19	8	荒尾	1	(定量)		7	170	1	7.0	100	1.0	4.0	260	4.0	4-7	550	3	4-7	240	2.0	6-7	750	7.0	4-6	1,030	9.0	7=>4	900	4	4-6-7	2540.0	8.0	7=>4=>6	7530	23	5746213	5764213	5,7,6,4,2,(1,3)	7546231								
200956091906	ダ	右	1400	晴	良	13:30	サラ系Cー5組		2009-9-19	8	荒尾	1	(定量)		7	350	3	7.0	100	1.0	5.0	120	3.0	5-7	360	1	5-7	160	3.0	2-7	120	1.0	2-5	130	2.0	7=>5	680	3	2-5-7	210.0	1.0	7=>5=>2	1050	2	57823164	5,7,2,8-3,1,6,4	5,7,2-8,3,1,6,4	57236841			2.0	110	2.0			
200956091907	ダ	右	1400	晴	良	14:00	荒尾の若葉ちゃん誕生		2009-9-19	8	荒尾	1	(定量)		4	1350	4	4.0	520	4.0	6.0	810	6.0	4-6	12870	21	4-6	1,300	19.0	4-7	790	9.0	6-7	2,150	21.0	4=>6	22520	42	4-6-7	16960.0	33.0	4=>6=>7	154140	201	2613475	2613475	2613475	6,4,1,2,3,7-5								
200956092001	ダ	右	950	晴	良	11:00	サラ系Cー20組		2009-9-20	8	荒尾	2	(定量)		6	170	1	6.0	110	1.0	8.0	140	3.0	6-8	910	3	6-8	700	6.0	3-6	1,070	14.0	3-8	9,970	28.0	6=>8	980	4	3-6-8	8150.0	28.0	6=>8=>3	17330	49			68324751.0	68342571.0			3.0	520	8.0			
200956092002	ダ	右	1300	晴	良	11:30	サラ系Cー19組		2009-9-20	8	荒尾	2	(定量)		5	380	2	5.0	160	4.0	3.0	110	2.0	3-5	1150	5	3-5	460	3.0	5-7	660	8.0	3-7	430	2.0	5=>3	4500	16	3-5-7	1540.0	5.0	5=>3=>7	11260	38		56483271.0	56384721.0	53684721.0			7.0	100	1.0			
200956092003	ダ	右	1300	晴	良	12:00	サラ系Cー18組		2009-9-20	8	荒尾	2	(定量)		5	230	1	5.0	200	2.0	2.0	240	4.0	2-5	500	2	2-5	240	2.0	4-5	420	8.0	2-4	270	5.0	5=>2	730	2	2-4-5	1410.0	5.0	5=>2=>4	4030	12		234561.0	265341.0	256431.0								
200956092004	ダ	右	1400	晴	良	12:30	サラ系Cー17組		2009-9-20	8	荒尾	2	(定量)		6	490	3	6.0	380	3.0	2.0	150	2.0	2-6	780	4	2-6	470	6.0	5-6	610	7.0	2-5	850	12.0	6=>2	1740	9	2-5-6	5480.0	18.0	6=>2=>5	18090	58	6723415	6723451	6724531	6,(2,7),5,4,3,1								
200956092005	ダ	右	1400	晴	良	13:00	サラ系Cー16組		2009-9-20	8	荒尾	2	(定量)		2	1780	7	2.0	320	6.0	6.0	150	2.0	2-6	1890	6	2-6	730	10.0	2-7	570	6.0	6-7	490	4.0	2=>6	3970	15	2-6-7	2760.0	11.0	2=>6=>7	27110	97	764829153	764298153	762943581	7,6,2,4,9,(3,5),1,8			7.0	260	4.0	2-6	2730.0	12.0
200956092006	ダ	右	1400	晴	良	13:30	サラ系Cー15組		2009-9-20	8	荒尾	2	(定量)		4	630	4	4.0	230	5.0	8.0	130	3.0	4-8	2240	9	4-8	550	5.0	4-9	1,490	14.0	8-9	370	2.0	4=>8	5780	24	4-8-9	2020.0	7.0	4=>8=>9	22260	68	745618293	745168293	741586293	748612593			9.0	110	1.0	4-8	950.0	5.0
200956092601	ダ	右	950	晴	良	11:00	サラ系2歳		2009-9-26	8	荒尾	3	(定量)		3	820	4	3.0	200	3.0	5.0	100	1.0	3-5	390	2	3-5	210	2.0	3-7	1,240	10.0	5-7	550	6.0	3=>5	1820	6	3-5-7	3290.0	11.0	3=>5=>7	17730	37			3675124.0	3576124.0								
200956092602	ダ	右	950	晴	良	11:30	サラ系Cー25組		2009-9-26	8	荒尾	3	(定量)		3	160	1	3.0	120	1.0	4.0	120	2.0	3-4	350	2	3-4	160	2.0	2-3	100	1.0	2-4	260	7.0	3=>4	450	2	2-3-4	210.0	1.0	3=>4=>2	770	2			32451	3,4,2,5-1								
200956092701	ダ	右	1300	曇	良	11:00	サラ系Cー9組		2009-9-27	8	荒尾	4	(定量)		2	530	2	2.0	140	2.0	4.0	120	1.0	2-4	340	1	2-4	130	1.0	2-7	660	11.0	4-7	220	3.0	2=>4	860	3	2-4-7	450.0	1.0	2=>4=>7	1840	2		2761453.0	2761453.0	2714653.0								
200956092702	ダ	右	1300	曇	良	11:30	サラ系C選抜		2009-9-27	8	荒尾	4	(定量)		8	180	1	8.0	110	3.0	5.0	100	2.0	5-8	420	2	5-8	170	2.0	2-8	160	1.0	2-5	190	3.0	8=>5	730	2	2-5-8	330.0	1.0	8=>5=>2	1380	2		58726314.0	58723164.0	85217364.0			2.0	100	1.0			
200956092703	ダ	右	1400	曇	良	12:00	サラ系Cー8組		2009-9-27	8	荒尾	4	(定量)		4	1400	6	4.0	410	6.0	7.0	210	2.0	4-7	1520	10	4-7	670	11.0	2-4	690	13.0	2-7	280	2.0	4=>7	7330	25	2-4-7	3730.0	15.0	4=>7=>2	38670	119	2417536	2,4,1,7,5-3,6	2417536	2,4,1,7,5,3-6								
200956092704	ダ	右	1400	曇	良	12:30	サラ系Cー7組		2009-9-27	8	荒尾	4	(定量)		1	220	1	1.0	150	2.0	3.0	140	1.0	1-3	210	1	1-3	110	1.0	1-2	330	5.0	2-3	390	7.0	1=>3	430	2	1-2-3	540.0	2.0	1=>3=>2	1770	4	134526	134265	134265	132465								
200956092705	ダ	右	1400	曇	良	13:00	サラ系Cー6組		2009-9-27	8	荒尾	4	(定量)		7	120	1	7.0	100	1.0	6.0	210	3.0	6-7	290	2	6-7	160	2.0	3-7	230	3.0	3-6	390	7.0	7=>6	360	1	3-6-7	420.0	2.0	7=>6=>3	910	1	674315	674135	673145	763145								
200956092706	ダ	右	1400	曇	良	13:30	サラ系Cー5組		2009-9-27	8	荒尾	4	(定量)		4	190	1	4.0	100	2.0	2.0	100	1.0	2-4	150	1	2-4	110	1.0	4-7	110	2.0	2-7	140	3.0	4=>2	240	1	2-4-7	150.0	1.0	4=>2=>7	430	1	2674351	2674351	2746351	2746351								
200956092707	ダ	右	1400	曇	良	14:00	サラ系Cー4組		2009-9-27	8	荒尾	4	(定量)		7	290	1	7.0	110	1.0	2.0	150	2.0	2-7	340	1	2-7	250	4.0	3-7	350	7.0	2-3	280	5.0	7=>2	510	1	2-3-7	680.0	2.0	7=>2=>3	1670	3	4673251	4,6,7,3,2,5-1	4,6,7,3,2-5=1	6,7,4,3,2,5=1								
200956092708	ダ	右	1400	曇	良	14:30	九州競馬ブロガ		2009-9-27	8	荒尾	4	(定量)		6	160	1	6.0	110	1.0	3.0	710	5.0	3-6	1810	8	3-6	370	8.0	4-6	150	1.0	3-4	570	10.0	6=>3	2780	13	3-4-6	850.0	4.0	6=>3=>4	7690	29	635241	635241	6,3,2,5,4-1	632451								
200956100801	ダ	右	950	曇	良	11:00	サラ系Cー18組		2009-10-8	9	荒尾	1	(定量)		6	190	1	6.0	110	1.0	4.0	430	5.0	4-6	1960	7	4-6	680	10.0	3-6	130	1.0	3-4	930	15.0	6=>4	2200	7	3-4-6	1560.0	6.0	6=>4=>3	7390	23			6453721.0	6345271.0								
200956100802	ダ	右	1300	曇	良	11:30	サラ系Cー17組		2009-10-8	9	荒尾	1	(定量)		3	270	1	3.0	160	2.0	4.0	420	7.0	3-4	400	1	3-4	210	1.0	3-5	220	2.0	4-5	410	8.0	3=>4	650	1	3-4-5	510.0	1.0	3=>4=>5	1130	1		34175268.0	34512768.0	34521678.0			5.0	240	4.0			
200956100803	ダ	右	1400	曇	良	12:00	サラ系Cー16組		2009-10-8	9	荒尾	1	(定量)		7	260	2	7.0	190	2.0	5.0	320	6.0	5-7	490	2	5-7	260	3.0	4-7	610	8.0	4-5	870	9.0	7=>5	810	4	4-5-7	2150.0	6.0	7=>5=>4	6830	23	57183642	57136842	5,(1,7),8,3,6,4,2	51783642			4.0	270	3.0			
200956100804	ダ	右	1400	曇	良	12:30	サラ系Cー15組		2009-10-8	9	荒尾	1	(定量)		2	160	1	2.0	140	2.0	3.0	470	7.0	2-3	4280	13	2-3	910	10.0	1-2	250	3.0	1-3	1,440	16.0	2=>3	6430	22	1-2-3	3600.0	12.0	2=>3=>1	30680	105	381769254	381769254	381276954	381296754			1.0	170	3.0	2-3	3520.0	12.0
200956100805	ダ	右	1400	曇	良	13:00	サラ系Cー14組		2009-10-8	9	荒尾	1	(定量)		5	180	1	5.0	140	2.0	7.0	230	3.0	5-7	440	2	5-7	180	2.0	5-6	270	4.0	6-7	360	6.0	5=>7	530	2	5-6-7	720.0	3.0	5=>7=>6	1220	5	45627183	45627183	5,(4,6),2,7,8,1,3	56274813			6.0	230	4.0			
200956100806	ダ	右	1400	曇	良	13:30	サラ系Cー13組		2009-10-8	9	荒尾	1	(定量)		6	840	5	6.0	150	2.0	3.0	190	3.0	3-6	860	3	3-6	290	4.0	4-6	330	5.0	3-4	590	12.0	6=>3	2220	11	3-4-6	1340.0	7.0	6=>3=>4	11690	58	3465712	3461527	3641257	6342157								
200956100807	ダ	右	1400	曇	良	14:05	サラ系Cー12組		2009-10-8	9	荒尾	1	(定量)		4	1270	5	4.0	360	4.0	3.0	600	5.0	3-4	4780	12	3-4	590	10.0	4-5	230	2.0	3-5	260	4.0	4=>3	10400	21	3-4-5	910.0	5.0	4=>3=>5	16880	51	2563418	2,5,6,3,4-1,8	5634128	6,5,3,4,1,8-2								
200956100808	ダ	右	1400	曇	良	14:40	サラ系Cー11組		2009-10-8	9	荒尾	1	(定量)		5	270	2	5.0	140	2.0	8.0	270	5.0	5-8	2250	10	5-8	810	10.0	2-5	620	7.0	2-8	2,570	23.0	5=>8	2930	12	2-5-8	4540.0	16.0	5=>8=>2	25830	81	478135926	4,7,8,1,(3,5),9,2,6	487152369	854712639			2.0	230	4.0	5-8	1610.0	9.0
200956100809	ダ	右	1400	曇	良	15:15	寒露特選サラ系Cー1		2009-10-8	9	荒尾	1	(定量)		7	1180	5	7.0	490	6.0	1.0	200	2.0	1-7	1810	7	1-7	550	7.0	7-8	910	12.0	1-8	560	9.0	7=>1	6760	21	1-7-8	3200.0	11.0	7=>1=>8	34840	90	17835426	17834526	17854326	17854236			8.0	200	2.0			
200956100810	ダ	右	1500	曇	良	15:50	荒尾梨特選サラ系Cー		2009-10-8	9	荒尾	1	(定量)		7	290	1	7.0	180	2.0	8.0	460	6.0	7-8	2430	12	7-8	830	9.0	4-7	960	16.0	4-8	1,270	23.0	7=>8	3310	14	4-7-8	7520.0	31.0	7=>8=>4	42400	176	43572186	43572186	47352816	74325816			4.0	540	8.0			
200956100811	ダ	右	1400	曇	良	16:25	サラ系Cー9組		2009-10-8	9	荒尾	1	(定量)		6	430	4	6.0	140	2.0	2.0	150	3.0	2-6	1220	6	2-6	480	8.0	1-6	960	13.0	1-2	960	13.0	6=>2	2000	6	1-2-6	3550.0	16.0	6=>2=>1	16180	72	46178253	46178253	46127835	64172583			1.0	340	6.0			
200956101401	ダ	右	950	曇	良	11:00	サラ系Cー26組		2009-10-14	9	荒尾	2	(定量)		3	560	4	3.0	290	3.0	1.0	180	2.0	1-3	870	3	1-3	230	3.0	3-4	550	9.0	1-4	310	5.0	3=>1	2650	13	1-3-4	1420.0	8.0	3=>1=>4	8590	39			136425.0	136452.0								
200956101501	ダ	右	950	曇	良	11:00	サラ系2歳		2009-10-15	9	荒尾	3	(定量)		8	130	1	8.0	100	1.0	4.0	480	7.0	4-8	1260	5	4-8	640	8.0	3-8	130	1.0	3-4	500	7.0	8=>4	1010	5	3-4-8	1390.0	4.0	8=>4=>3	5680	20			84362751.0	84365271.0			3.0	130	2.0			
200956101502	ダ	右	1400	曇	良	11:30	サラ系Cー7組		2009-10-15	9	荒尾	3	(定量)		4	160	1	4.0	130	1.0	5.0	640	6.0	4-5	1280	5	4-5	940	8.0	4-7	170	2.0	5-7	2,460	17.0	4=>5	1130	4	4-5-7	2330.0	10.0	4=>5=>7	8330	33	2463517	2,4,6,(3,5),1,7	2436517	4265317								
200956101503	ダ	右	1400	曇	良	12:00	サラ系2歳		2009-10-15	9	荒尾	3	(定量)		6	290	2	6.0	140	3.0	4.0	100	1.0	4-6	250	1	4-6	120	1.0	1-6	810	11.0	1-4	360	5.0	6=>4	770	3	1-4-6	1050.0	2.0	6=>4=>1	3660	11	84635721	84653712	86435712	48631725			1.0	220	4.0			
200956101504	ダ	右	1400	曇	良	12:30	サラ系Cー6組		2009-10-15	9	荒尾	3	(定量)		3	270	1	3.0	230	2.0	7.0	2,810	7.0	3-7	13900	20	3-7	1,040	12.0	1-3	170	1.0	1-7	1,200	14.0	3=>7	19620	27	1-3-7	3950.0	12.0	3=>7=>1	26130	61	4271365	2471365	2471365	7342156								
200956101505	ダ	右	950	曇	良	13:00	JRA認定ストロング		2009-10-15	9	荒尾	3	(定量)		3	210	1	3.0	100	1.0	6.0	110	2.0	3-6	180	1	3-6	120	1.0	1-3	500	7.0	1-6	590	10.0	3=>6	360	1	1-3-6	790.0	3.0	3=>6=>1	1320	3			36187542	3,6,1,8,5,7,4-2			1.0	230	6.0			
200956101506	ダ	右	1400	曇	良	13:35	サラ系Cー5組		2009-10-15	9	荒尾	3	(定量)		4	270	2	4.0	160	2.0	2.0	130	1.0	2-4	290	1	2-4	190	1.0	4-6	310	6.0	2-6	200	2.0	4=>2	690	2	2-4-6	340.0	1.0	4=>2=>6	1870	4	614325	641325	643215	462315								
200956101507	ダ	右	1400	曇	良	14:10	サラ系Cー4組		2009-10-15	9	荒尾	3	(定量)		4	180	1	4.0	110	1.0	3.0	280	4.0	3-4	370	2	3-4	150	2.0	4-5	180	3.0	3-5	320	4.0	4=>3	520	2	3-4-5	250.0	1.0	4=>3=>5	1000	2	1475623	1,4,7,5-3,6,2	4157362	4573162								
200956102101	ダ	右	950	晴	良	11:00	サラ系Cー18組		2009-10-21	9	荒尾	4	(定量)		7	3600	6	7.0	890	7.0	2.0	410	5.0	2-7	13880	21	2-7	2,170	17.0	4-7	1,780	12.0	2-4	490	5.0	7=>2	40900	49	2-4-7	11130.0	26.0	7=>2=>4	91990	157			67254183.0	76241538.0			4.0	140	2.0			
200956102102	ダ	右	1300	晴	良	11:30	サラ系Cー17組		2009-10-21	9	荒尾	4	(定量)		2	390	2	2.0	100	1.0	5.0	100	2.0	2-5	220	1	2-5	190	1.0	2-4	1,020	14.0	4-5	550	11.0	2=>5	820	3	2-4-5	2340.0	7.0	2=>5=>4	10520	31		5,8,2,(3,7),4,1,6	52874316	52847316			4.0	220	5.0			
200956102103	ダ	右	1400	晴	良	12:00	サラ系Cー16組		2009-10-21	9	荒尾	4	(定量)		8	3630	6	8.0	180	4.0	6.0	120	2.0	6-8	1920	6	6-8	480	6.0	5-8	740	10.0	5-6	170	1.0	8=>6	4090	13	5-6-8	1130.0	3.0	8=>6=>5	12750	38	195286347	192586347	1,9,5,8,2,6,3,4-7	1,8,5,6,9,2,3-4,7			5.0	120	1.0	6-8	460.0	2.0
200956102104	ダ	右	1400	晴	良	12:30	サラ系Cー15組		2009-10-21	9	荒尾	4	(定量)		8	160	1	8.0	100	1.0	1.0	100	2.0	1-8	230	1	1-8	130	2.0	2-8	260	3.0	1-2	330	4.0	8=>1	240	1	1-2-8	480.0	2.0	8=>1=>2	790	2	87312546	87312456	8,7,1,3,2-4,6,5	8,7,1,2,3,6,4-5			2.0	110	3.0			
200956102105	ダ	右	1400	晴	良	13:00	サラ系Cー14組		2009-10-21	9	荒尾	4	(定量)		6	110	1	6.0	120	3.0	3.0	110	1.0	3-6	260	1	3-6	180	2.0	4-6	430	7.0	3-4	420	6.0	6=>3	310	1	3-4-6	540.0	2.0	6=>3=>4	1090	2	68753412	68753412	68753124	68375124			4.0	260	5.0			
200956102106	ダ	右	1400	晴	良	13:30	サラ系Cー13組		2009-10-21	9	荒尾	4	(定量)		4	140	1	4.0	110	2.0	8.0	100	1.0	4-8	230	1	4-8	130	1.0	3-4	340	3.0	3-8	670	11.0	4=>8	500	1	3-4-8	710.0	2.0	4=>8=>3	1700	3	679321485	679321485	679348215	876439215			3.0	170	4.0	4-8	190.0	1.0
200956102107	ダ	右	1400	晴	良	14:05	サラ系Cー12組		2009-10-21	9	荒尾	4	(定量)		8	400	3	8.0	140	2.0	2.0	470	8.0	2-8	7140	19	2-8	850	12.0	5-8	330	3.0	2-5	1,250	16.0	8=>2	7960	31	2-5-8	3240.0	12.0	8=>2=>5	20930	73	948137625	948371625	9,(4,8),7,3,6,5,1,2	985436712			5.0	130	1.0	2-8	4670.0	12.0
200956102108	ダ	右	1400	晴	良	14:40	サラ系Cー11組		2009-10-21	9	荒尾	4	(定量)		8	730	3	8.0	240	3.0	7.0	230	2.0	7-8	380	1	7-8	180	1.0	1-8	890	14.0	1-7	570	6.0	8=>7	830	3	1-7-8	1630.0	5.0	8=>7=>1	5570	15	457961823	457961823	457968123	749581623			1.0	1,350	8.0	7-8	190.0	1.0
200956102109	ダ	右	1400	晴	良	15:15	きんもくせい特選サラ		2009-10-21	9	荒尾	4	(定量)		3	850	6	3.0	460	8.0	4.0	140	1.0	3-4	3660	24	3-4	1,000	17.0	2-3	1,100	18.0	2-4	960	15.0	3=>4	12060	56	2-3-4	9280.0	47.0	3=>4=>2	62610	286	236145789	236147859	236149785	2,3,1,6,4,7,(8,9),5			2.0	230	5.0	3-4	4850.0	20.0
200956102701	ダ	右	950	晴	良	11:00	サラ系2歳		2009-10-27	10	荒尾	1	(定量)		3	160	1	3.0	120	1.0	2.0	130	2.0	2-3	370	1	2-3	100	1.0	3-6	1,350	12.0	2-6	2,610	18.0	3=>2	720	1	2-3-6	7170.0	16.0	3=>2=>6	11460	38			2317456.0	2371564.0								
200956102702	ダ	右	950	晴	良	11:30	サラ系Cー24組		2009-10-27	10	荒尾	1	(定量)		6	2160	4	6.0	150	3.0	1.0	100	2.0	1-6	3740	12	1-6	450	6.0	2-6	330	4.0	1-2	120	1.0	6=>1	6980	21	1-2-6	790.0	2.0	6=>1=>2	17170	57			6,9,2,7,(1,4),8,5,3	692184753			2.0	100	1.0	1-6	1710.0	6.0
200956110301	ダ	右	1300	晴	良	10:45	サラ系Cー8組		2009-11-3	10	荒尾	2	(定量)		9	1310	4	9.0	190	3.0	4.0	250	6.0	4-9	4100	13	4-9	850	12.0	8-9	210	1.0	4-8	340	5.0	9=>4	8430	20	4-8-9	1030.0	3.0	9=>4=>8	43130	102		158243769.0	152836479.0	812546739.0			8.0	200	4.0	4-8	510.0	3.0
200956110302	ダ	右	1400	晴	良	11:15	サラ系Cー7組		2009-11-3	10	荒尾	2	(定量)		2	150	1	2.0	120	1.0	4.0	430	8.0	2-4	2610	7	2-4	730	8.0	2-9	390	2.0	4-9	3,980	26.0	2=>4	5580	13	2-4-9	3150.0	16.0	2=>4=>9	17390	56	563914782	569387142	563894172	568294137			9.0	170	3.0	2-4	4340.0	10.0
200956110303	ダ	右	1400	晴	良	11:45	サラ系Cー6組		2009-11-3	10	荒尾	2	(定量)		6	730	4	6.0	340	6.0	9.0	140	1.0	6-9	1690	8	6-9	690	9.0	6-8	1,350	19.0	8-9	1,200	18.0	6=>9	3080	15	6-8-9	3640.0	17.0	6=>9=>8	19770	85	856931724	856937142	856973142	865937142			8.0	380	7.0	6-8	1020.0	5.0
200956110304	ダ	右	1400	晴	良	12:15	サラ系Cー5組		2009-11-3	10	荒尾	2	(定量)		4	1110	4	4.0	200	4.0	5.0	250	6.0	4-5	5530	16	4-5	1,180	15.0	1-4	500	8.0	1-5	720	9.0	4=>5	12080	31	1-4-5	4060.0	18.0	4=>5=>1	50070	136	76831254	76183524	76185342	71853462			1.0	150	3.0			
200956110305	ダ	右	1400	晴	良	12:45	サラ系Cー4組		2009-11-3	10	荒尾	2	(定量)		8	1430	5	8.0	340	7.0	6.0	190	3.0	6-8	3290	14	6-8	920	12.0	3-8	720	10.0	3-6	530	7.0	8=>6	6850	29	3-6-8	2520.0	12.0	8=>6=>3	19220	74	879462531	879642531	876942351	867432951			3.0	140	1.0	6-8	2210.0	10.0
200956110401	ダ	右	1300	晴	良	11:00	サラ系Cー18組		2009-11-4	10	荒尾	3	(定量)		7	650	3	7.0	100	2.0	8.0	110	3.0	7-8	680	3	7-8	170	3.0	3-7	130	2.0	3-8	130	1.0	7=>8	1210	6	3-7-8	230.0	1.0	7=>8=>3	2370	8		357129648.0	357298146.0	375289461.0			3.0	100	1.0	7-8	730.0	3.0
200956110402	ダ	右	1300	晴	良	11:30	サラ系Cー17組		2009-11-4	10	荒尾	3	(定量)		3	210	1	3.0	100	1.0	1.0	140	3.0	1-3	580	2	1-3	200	1.0	3-4	260	4.0	1-4	700	11.0	3=>1	1030	4	1-3-4	1400.0	5.0	3=>1=>4	3580	10		34716285.0	34712685.0	34721685.0			4.0	350	6.0			
200956110403	ダ	右	1400	晴	良	12:00	サラ系Cー16組		2009-11-4	10	荒尾	3	(定量)		3	500	3	3.0	120	1.0	8.0	120	2.0	3-8	370	1	3-8	230	2.0	3-6	970	16.0	6-8	840	10.0	3=>8	810	3	3-6-8	3440.0	12.0	3=>8=>6	12240	46	381642795	381642795	381642795	368147259			6.0	180	4.0	3-8	310.0	1.0
200956110404	ダ	右	1400	晴	良	12:30	サラ系Cー15組		2009-11-4	10	荒尾	3	(定量)		4	1180	3	4.0	120	2.0	2.0	480	6.0	2-4	4820	13	2-4	1,410	13.0	4-8	250	2.0	2-8	1,290	12.0	4=>2	22040	29	2-4-8	3650.0	11.0	4=>2=>8	98150	124	12375864	12378564	12387564	12375846			8.0	160	3.0			
200956110405	ダ	右	1400	晴	良	13:00	サラ系Cー14組		2009-11-4	10	荒尾	3	(定量)		1	130	1	1.0	100	1.0	2.0	270	7.0	1-2	320	1	1-2	180	2.0	1-3	200	3.0	2-3	300	5.0	1=>2	360	1	1-2-3	710.0	1.0	1=>2=>3	1590	2	78254136	78254136	78123546	13472586			3.0	120	2.0			
200956110406	ダ	右	1400	晴	良	13:30	サラ系Cー13組		2009-11-4	10	荒尾	3	(定量)		5	470	2	5.0	100	2.0	4.0	110	3.0	4-5	210	1	4-5	120	1.0	3-5	160	4.0	3-4	130	2.0	5=>4	490	2	3-4-5	200.0	1.0	5=>4=>3	1090	3	45379610821	45379610821	45379610281	45379102861			3.0	100	1.0	4-5	200.0	1.0
200956110407	ダ	右	1400	晴	良	14:05	サラ系Cー12組		2009-11-4	10	荒尾	3	(定量)		5	3170	7	5.0	790	8.0	8.0	140	1.0	5-8	5010	16	5-8	1,180	14.0	1-5	1,770	18.0	1-8	270	4.0	5=>8	19240	39	1-5-8	7430.0	21.0	5=>8=>1	82760	171	528643197	528643179	528436179	528417639			1.0	220	4.0	5-8	2190.0	9.0
200956110408	ダ	右	1400	晴	良	14:40	サラ系Cー11組		2009-11-4	10	荒尾	3	(定量)		3	1020	6	3.0	210	4.0	4.0	400	7.0	3-4	3740	15	3-4	1,400	15.0	2-3	870	7.0	2-4	1,170	14.0	3=>4	7470	30	2-3-4	4180.0	15.0	3=>4=>2	32330	97	34109286715	34210981675	34210896751	34296810751			2.0	180	2.0	3-4	5270.0	15.0
200956110409	ダ	右	1400	晴	良	15:15	立冬特選サラ系Cー9		2009-11-4	10	荒尾	3	(定量)		2	970	5	2.0	190	4.0	3.0	120	2.0	2-3	2260	10	2-3	640	10.0	2-8	630	9.0	3-8	140	1.0	2=>3	5450	21	2-3-8	1610.0	5.0	2=>3=>8	18270	53	23958710146	23598710146	23958741016	23985741016			8.0	100	1.0	2-3	2780.0	11.0
200956110410	ダ	右	1900	晴	良	15:50	火の国賞 		2009-11-4	10	荒尾	3	(定量)		9	280	1	9.0	130	1.0	1.0	450	6.0	1-9	1790	7	1-9	620	7.0	7-9	590	6.0	1-7	1,920	20.0	9=>1	2200	6	1-7-9	6670.0	19.0	9=>1=>7	38800	98	796852413	796824513	798651324	7,9,1,8,6,3,5,2-4			7.0	370	5.0	1-8	1100.0	6.0
200956110411	ダ	右	1400	晴	良	16:25	サラ系Cー10組		2009-11-4	10	荒尾	3	(定量)		2	160	1	2.0	100	1.0	9.0	290	6.0	2-9	2650	10	2-9	800	10.0	2-6	310	2.0	6-9	900	12.0	2=>9	2280	9	2-6-9	4830.0	17.0	2=>9=>6	12820	44	296874135	296874315	296783415	2,9,7,6,3,8,4,1-5			6.0	210	4.0	2-8	400.0	1.0
200956111201	ダ	右	950	晴	良	11:00	サラ系2歳		2009-11-12	10	荒尾	4	(定量)		4	1080	2	4.0	140	2.0	6.0	160	3.0	4-6	940	4	4-6	370	4.0	3-4	1,000	9.0	3-6	1,400	11.0	4=>6	1520	5	3-4-6	4100.0	12.0	4=>6=>3	21760	41			1,4,3,5,6=2	4,1,6,3,5=2								
200956111202	ダ	右	950	晴	良	11:30	サラ系Cー24組		2009-11-12	10	荒尾	4	(定量)		3	790	3	3.0	220	4.0	5.0	140	1.0	3-5	640	3	3-5	160	3.0	3-4	140	1.0	4-5	150	2.0	3=>5	900	5	3-4-5	170.0	1.0	3=>5=>4	950	3			234561.0	352461.0								
200956111203	ダ	右	1300	晴	良	12:00	サラ系2歳		2009-11-12	10	荒尾	4	(定量)		2	310	2	2.0	120	1.0	1.0	230	4.0	1-2	260	1	1-2	120	1.0	2-6	160	3.0	1-6	190	4.0	2=>1	520	1	1-2-6	260.0	1.0	2=>1=>6	1130	1		265134.0	216534.0	215643.0								
200956111204	ダ	右	1300	晴	良	12:30	サラ系Cー23組		2009-11-12	10	荒尾	4	(定量)		7	130	1	7.0	110	1.0	3.0	180	3.0	3-7	410	2	3-7	250	4.0	1-7	210	2.0	1-3	450	6.0	7=>3	610	2	1-3-7	660.0	3.0	7=>3=>1	1940	5		78142563.0	71842653.0	71325864.0			1.0	180	4.0			
200956111205	ダ	右	1400	晴	良	13:00	サラ系2歳		2009-11-12	10	荒尾	4	(定量)		6	190	1	6.0	120	1.0	7.0	240	4.0	6-7	560	3	6-7	310	4.0	3-6	150	1.0	3-7	440	7.0	6=>7	1050	5	3-6-7	600.0	2.0	6=>7=>3	3040	11	2347156	2347156	2371546	7362514								
200956111206	ダ	右	1400	晴	良	13:30	サラ系2歳		2009-11-12	10	荒尾	4	(定量)		4	810	4	4.0	1,280	6.0	6.0	180	2.0	4-6	2590	7	4-6	490	7.0	4-5	1,080	13.0	5-6	450	5.0	4=>6	11510	23	4-5-6	3820.0	12.0	4=>6=>5	46340	83	465321	465123	465213	465213								
200956111207	ダ	右	1400	晴	良	14:05	サラ系Cー22組		2009-11-12	10	荒尾	4	(定量)		3	120	1	3.0	100	1.0	8.0	150	4.0	3-8	570	3	3-8	190	2.0	3-5	160	1.0	5-8	280	5.0	3=>8	1090	4	3-5-8	500.0	3.0	3=>8=>5	2230	7	58231467	58321467	58324176	85324176			5.0	100	2.0			
200956111208	ダ	右	1400	晴	良	14:40	JRA認定ファイナル		2009-11-12	10	荒尾	4	(定量)		8	450	3	8.0	150	4.0	2.0	100	1.0	2-8	1360	5	2-8	380	6.0	8-9	200	3.0	2-9	130	1.0	8=>2	3360	13	2-8-9	490.0	2.0	8=>2=>9	7700	25	8927631051	8927610351	8297561013	8297510613			9.0	110	2.0	2-7	970.0	5.0
200956111209	ダ	右	1400	晴	良	15:15	七五三特選サラ系Cー		2009-11-12	10	荒尾	4	(定量)		4	550	3	4.0	290	5.0	5.0	260	3.0	4-5	1140	6	4-5	480	6.0	2-4	520	7.0	2-5	430	5.0	4=>5	2110	10	2-4-5	1500.0	5.0	4=>5=>2	6880	25	46582317	46825317	46832571	42638571			2.0	160	2.0			
200956111210	ダ	右	1500	晴	良	15:50	さざんか特選サラ系C		2009-11-12	10	荒尾	4	(定量)		6	200	1	6.0	100	1.0	7.0	120	3.0	6-7	490	2	6-7	160	2.0	4-6	140	1.0	4-7	180	3.0	6=>7	500	2	4-6-7	340.0	1.0	6=>7=>4	1260	3	379684521	376945821	379465128	746319528			4.0	110	2.0	6-7	540.0	2.0
200956111211	ダ	右	1400	晴	良	16:25	万田坑特選サラ系Cー		2009-11-12	10	荒尾	4	(定量)		7	160	1	7.0	110	2.0	2.0	100	1.0	2-7	240	1	2-7	130	1.0	7-8	390	4.0	2-8	510	5.0	7=>2	340	1	2-7-8	660.0	2.0	7=>2=>8	1700	5	789426531	782946513	7,8,2,(4,9),6,5,3,1	728654931			8.0	240	4.0	2-7	220.0	1.0
200956111901	ダ	右	1300	曇	良	11:00	サラ系Cー9組		2009-11-19	11	荒尾	1	(定量)		7	760	5	7.0	210	3.0	6.0	140	1.0	6-7	360	2	6-7	280	3.0	4-7	390	6.0	4-6	310	4.0	7=>6	1440	7	4-6-7	360.0	1.0	7=>6=>4	5350	20		2741635.0	2746135.0	7246351.0								
200956111902	ダ	右	1400	晴	良	11:30	サラ系Cー8組		2009-11-19	11	荒尾	1	(定量)		5	1750	5	5.0	290	3.0	2.0	470	6.0	2-5	14200	18	2-5	1,300	13.0	5-8	1,300	13.0	2-8	1,090	11.0	5=>2	8780	20	2-5-8	14970.0	33.0	5=>2=>8	64840	135	357489126	357489126	357842916	358279461			8.0	310	4.0	2-5	4770.0	12.0
200956111903	ダ	右	1400	晴	良	12:00	サラ系Cー7組		2009-11-19	11	荒尾	1	(定量)		8	140	1	8.0	130	1.0	4.0	270	4.0	4-8	1140	5	4-8	610	9.0	7-8	160	1.0	4-7	1,210	15.0	8=>4	1560	6	4-7-8	3300.0	11.0	8=>4=>7	6340	24	29845671	29485671	28495671	28459761			7.0	520	7.0	4-8	1620.0	5.0
200956111904	ダ	右	1400	晴	良	12:35	サラ系Cー6組		2009-11-19	11	荒尾	1	(定量)		2	770	4	2.0	140	3.0	6.0	430	5.0	2-6	5770	17	2-6	430	6.0	2-5	390	4.0	5-6	440	7.0	2=>6	8150	28	2-5-6	6770.0	23.0	2=>6=>5	46140	119	26158347	26153487	26534187	26354817			5.0	270	4.0			
200956111905	ダ	右	1400	晴	良	13:10	小森大将君愛実さん結		2009-11-19	11	荒尾	1	(定量)		6	220	1	6.0	200	3.0	7.0	230	5.0	6-7	1880	11	6-7	620	10.0	2-6	210	2.0	2-7	630	12.0	6=>7	5640	27	2-6-7	2100.0	11.0	6=>7=>2	14410	63	71863425	71863254	71826354	76812435			2.0	250	6.0			
200956111906	ダ	右	1400	晴	良	13:45	サラ系Cー4組		2009-11-19	11	荒尾	1	(定量)		8	1310	6	8.0	420	7.0	7.0	370	6.0	7-8	5160	17	7-8	1,090	17.0	4-8	610	8.0	4-7	1,200	18.0	8=>7	17310	44	4-7-8	5690.0	22.0	8=>7=>4	59350	155	46537281	46537821	46538721	48653721			4.0	220	3.0			
200956112301	ダ	右	950	曇	稍重	11:00	光建設特選サラ系Cー		2009-11-23	11	荒尾	2	(定量)		2	140	1	2.0	100	1.0	3.0	120	2.0	2-3	140	1	2-3	100	1.0	2-6	200	4.0	3-6	180	3.0	2=>3	170	1	2-3-6	240.0	2.0	2=>3=>6	400	2			2,3,5,6-1,4	2,3,6,5-1-4								
200956112302	ダ	右	1300	晴	稍重	11:30	浜田建設特選サラ系2		2009-11-23	11	荒尾	2	(定量)		3	120	1	3.0	150	3.0	5.0	130	2.0	3-5	140	1	3-5	100	1.0	3-4	120	2.0	4-5	160	3.0	3=>5	210	1	3-4-5	150.0	1.0	3=>5=>4	470	1		342561	3,4,5,6,2-1	3,5,4,6,2-1								
200956112303	ダ	右	1300	晴	稍重	12:00	橋本建設特選サラ系C		2009-11-23	11	荒尾	2	(定量)		2	1200	4	2.0	340	2.0	1.0	610	3.0	1-2	540	4	1-2	180	4.0	2-5	150	2.0	1-5	140	1.0	2=>1	1860	9	1-2-5	320.0	1.0	2=>1=>5	3030	12		2415367	2,(1,4),5,6,3,7	2157364								
200956112304	ダ	右	1300	晴	稍重	12:30	坂田道路特選サラ系C		2009-11-23	11	荒尾	2	(定量)		5	190	1	5.0	110	1.0	6.0	110	2.0	5-6	300	1	5-6	180	1.0	3-5	320	4.0	3-6	540	10.0	5=>6	380	1	3-5-6	700.0	3.0	5=>6=>3	1930	3		35684172.0	35684172.0	36548172.0			3.0	180	4.0			
200956112305	ダ	右	1400	晴	稍重	13:00	吉村建設特選サラ系2		2009-11-23	11	荒尾	2	(定量)		6	120	1	6.0	100	1.0	7.0	100	2.0	6-7	120	1	6-7	120	1.0	1-6	380	5.0	1-7	540	8.0	6=>7	210	1	1-6-7	460.0	3.0	6=>7=>1	660	2	4267351	4627351	6247315	6721345								
200956112306	ダ	右	1400	晴	稍重	13:35	宮本鉄工特選サラ系C		2009-11-23	11	荒尾	2	(定量)		2	230	2	2.0	100	1.0	3.0	110	2.0	2-3	140	1	2-3	160	1.0	2-7	260	4.0	3-7	320	6.0	2=>3	430	2	2-3-7	490.0	2.0	2=>3=>7	1690	7	267359148	267395184	236719584	237618945			7.0	160	4.0	2-3	200.0	1.0
200956112307	ダ	右	1400	晴	稍重	14:10	三裕建設特選サラ系C		2009-11-23	11	荒尾	2	(定量)		8	190	1	8.0	100	1.0	4.0	160	4.0	4-8	340	2	4-8	170	2.0	6-8	450	6.0	4-6	1,110	10.0	8=>4	480	2	4-6-8	1560.0	5.0	8=>4=>6	2260	9	24871356	24183756	4,2,8,(1,7),3,5,6	48176253			6.0	180	5.0			
200956112601	ダ	右	950	晴	良	10:45	サラ系2歳		2009-11-26	11	荒尾	3	(定量)		6	150	1	6.0	110	1.0	5.0	270	3.0	5-6	140	1	5-6	110	1.0	4-6	490	6.0	4-5	360	5.0	6=>5	310	1	4-5-6	750.0	3.0	6=>5=>4	1930	7			65431.0	65413.0								
200956112602	ダ	右	1300	晴	良	11:15	サラ系Cー18組		2009-11-26	11	荒尾	3	(定量)		5	150	1	5.0	110	2.0	7.0	100	1.0	5-7	500	3	5-7	210	2.0	5-8	1,190	15.0	7-8	2,730	23.0	5=>7	620	3	5-7-8	3510.0	12.0	5=>7=>8	6380	23		16257348	1,6,5,2,(3,4,7,8)	(5,6),1,2,3,(4,7,8)			8.0	740	8.0			
200956112603	ダ	右	1400	晴	良	11:45	サラ系Cー17組		2009-11-26	11	荒尾	3	(定量)		7	150	1	7.0	100	2.0	8.0	100	1.0	7-8	180	1	7-8	150	1.0	6-7	550	7.0	6-8	680	9.0	7=>8	270	1	6-7-8	940.0	4.0	7=>8=>6	2340	9	4,7,8,(2,6),3,1,5	47826135	4,7,8,2,6,(1,3),5	74863152			6.0	150	4.0			
200956112604	ダ	右	1400	晴	良	12:15	サラ系Cー16組		2009-11-26	11	荒尾	3	(定量)		6	220	1	6.0	120	2.0	4.0	240	4.0	4-6	980	3	4-6	260	3.0	1-6	180	2.0	1-4	830	7.0	6=>4	830	4	1-4-6	840.0	3.0	6=>4=>1	2150	6	349658172	346985172	346819572	436185729			1.0	130	3.0	4-6	800.0	3.0
200956112605	ダ	右	1400	晴	良	12:45	サラ系Cー15組		2009-11-26	11	荒尾	3	(定量)		6	110	1	6.0	100	1.0	2.0	100	2.0	2-6	140	1	2-6	150	2.0	4-6	290	3.0	2-4	600	5.0	6=>2	200	1	2-4-6	440.0	2.0	6=>2=>4	660	2	627934158	627934158	6-2,7,9,4,3-5,1,8	6=2,7,4,9,5,3,1,8			4.0	120	4.0	2-6	200.0	1.0
200956112606	ダ	右	1400	晴	良	13:15	サラ系Cー14組		2009-11-26	11	荒尾	3	(定量)		2	160	1	2.0	100	2.0	5.0	120	3.0	2-5	310	2	2-5	130	3.0	2-9	100	1.0	5-9	110	2.0	2=>5	520	3	2-5-9	120.0	1.0	2=>5=>9	650	3	237619584	237569184	253791684	2,5,9,7,3,8,1,4-6			9.0	100	1.0	2-5	440.0	3.0
200956112607	ダ	右	1400	晴	良	13:50	みっきみきにねてやん		2009-11-26	11	荒尾	3	(定量)		6	130	1	6.0	100	1.0	1.0	230	6.0	1-6	580	3	1-6	270	2.0	6-7	110	1.0	1-7	680	9.0	6=>1	510	3	1-6-7	760.0	2.0	6=>1=>7	2190	4	69127541083	69172541083	69174258103	6,1,7,9,8,4,10,2,5-3			7.0	170	2.0	1-6	760.0	3.0
200956112608	ダ	右	1500	晴	良	14:25	柊賞 		2009-11-26	11	荒尾	3	(定量)		6	120	1	6.0	140	2.0	1.0	100	1.0	1-6	320	1	1-6	230	3.0	3-6	220	2.0	1-3	410	4.0	6=>1	440	1	1-3-6	370.0	3.0	6=>1=>3	990	2	456132	456132	456132	456132								
200956112609	ダ	右	1400	晴	良	15:00	富士通賞サラ系Cー1 		2009-11-26	11	荒尾	3	(規定)		7	170	1	7.0	100	1.0	4.0	250	6.0	4-7	2660	15	4-7	1,050	16.0	5-7	150	1.0	4-5	910	14.0	7=>4	4820	20	4-5-7	2190.0	7.0	7=>4=>5	13000	32	76549281013	67459821103	64597821013	45796108213			5.0	120	2.0	4-7	2060.0	10.0
200956120301	ダ	右	1300	曇	良	11:00	サラ系Cー8組		2009-12-3	11	荒尾	4	(定量)		1	1300	2	1.0	130	2.0	7.0	150	4.0	1-7	7010	9	1-7	880	12.0	1-5	120	1.0	5-7	270	4.0	1=>7	16690	17	1-5-7	640.0	2.0	1=>7=>5	34730	51		157348629.0	157368492.0	157639482.0			5.0	100	1.0	1-7	10850.0	10.0
200956120302	ダ	右	1400	曇	良	11:30	サラ系Cー7組		2009-12-3	11	荒尾	4	(定量)		6	1440	6	6.0	330	5.0	9.0	170	4.0	6-9	2530	19	6-9	1,860	28.0	6-7	1,560	24.0	7-9	160	4.0	6=>9	16550	67	6-7-9	8790.0	28.0	6=>9=>7	46240	117	56719342	5,6,7,3,1,9,4-2	5,6,7,9,1,3,4-2	56791342			7.0	100	1.0	6-8	6780.0	10.0
200956120303	ダ	右	1400	曇	良	12:00	サラ系Cー6組		2009-12-3	11	荒尾	4	(定量)		8	1060	3	8.0	390	5.0	6.0	490	6.0	6-8	9240	19	6-8	1,390	14.0	1-8	440	4.0	1-6	500	7.0	8=>6	31810	41	1-6-8	2460.0	9.0	8=>6=>1	41570	90	67851342	67851342	68713542	86137452			1.0	150	2.0			
200956120304	ダ	右	1400	曇	良	12:30	JRA認定ファイナル		2009-12-3	11	荒尾	4	(定量)		1	180	1	1.0	100	1.0	10.0	7,260	12.0	1-10	14160	25	1-10	16,230	38.0	1-11	1,320	10.0	10-11	10,850	35.0	1=>10	5490	16	1-10-11	28470.0	54.0	1=>10=>11	99140	178	112584710611293	112875410116293	112857104112693	110125781146239			11.0	480	6.0	1-7	4720.0	10.0
200956120305	ダ	右	1400	曇	良	13:00	サラ系Cー5組		2009-12-3	11	荒尾	4	(定量)		4	530	3	4.0	110	1.0	5.0	250	3.0	4-5	2360	9	4-5	400	4.0	4-7	460	7.0	5-7	350	3.0	4=>5	4520	14	4-5-7	1660.0	6.0	4=>5=>7	10050	32	1237654	1236754	1236754	1342657								
200956120306	ダ	右	1400	曇	良	13:30	サラ系Cー4組		2009-12-3	11	荒尾	4	(定量)		2	2980	7	2.0	650	6.0	3.0	690	7.0	2-3	11960	20	2-3	3,480	21.0	1-2	1,130	12.0	1-3	2,550	17.0	2=>3	36690	44	1-2-3	10130.0	24.0	2=>3=>1	186260	195	23568417	23568147	23856174	28356174			1.0	590	5.0			
200956120307	ダ	右	1400	曇	良	14:05	サラ系Cー3組		2009-12-3	11	荒尾	4	(定量)		5	240	1	5.0	170	2.0	2.0	360	5.0	2-5	2960	8	2-5	640	7.0	5-9	410	4.0	2-9	780	9.0	5=>2	4460	12	2-5-9	4690.0	12.0	5=>2=>9	27950	68	128673945	128673954	128697354	126859473			9.0	220	3.0	2-5	3170.0	7.0
200956121001	ダ	右	950	曇	重	11:00	サラ系Cー18組		2009-12-10	12	荒尾	1	(定量)		8	140	1	8.0	130	2.0	3.0	490	6.0	3-8	2510	3	3-8	1,420	7.0	2-8	1,490	10.0	2-3	6,620	21.0	8=>3	1730	3	2-3-8	6620.0	20.0	8=>3=>2	11350	29			36842571.0	38642751.0			2.0	350	3.0			
200956121002	ダ	右	1300	曇	重	11:30	サラ系Cー17組		2009-12-10	12	荒尾	1	(定量)		8	110	1	8.0	110	1.0	5.0	160	4.0	5-8	170	1	5-8	140	1.0	7-8	550	7.0	5-7	1,660	15.0	8=>5	190	1	5-7-8	2020.0	6.0	8=>5=>7	1880	6		486295317.0	486253917.0	845271369.0			7.0	610	6.0	5-8	120.0	1.0
200956121003	ダ	右	1400	曇	重	12:00	サラ系Cー16組		2009-12-10	12	荒尾	1	(定量)		6	130	1	6.0	160	2.0	2.0	180	3.0	2-6	180	1	2-6	170	2.0	5-6	490	4.0	2-5	520	7.0	6=>2	250	1	2-5-6	580.0	2.0	6=>2=>5	1090	3	61283574	61283574	62185374	62158374			5.0	660	7.0			
200956121004	ダ	右	1400	曇	重	12:30	サラ系Cー15組		2009-12-10	12	荒尾	1	(定量)		4	120	1	4.0	100	1.0	3.0	150	4.0	3-4	650	3	3-4	170	1.0	4-7	230	3.0	3-7	330	6.0	4=>3	1080	4	3-4-7	650.0	3.0	4=>3=>7	2810	4	856473921	586493721	584396271	543879261			7.0	120	2.0	3-4	460.0	1.0
200956121005	ダ	右	1400	雨	不良	13:05	サラ系Cー14組		2009-12-10	12	荒尾	1	(定量)		5	1240	3	5.0	100	3.0	4.0	100	1.0	4-5	600	3	4-5	180	3.0	5-8	140	1.0	4-8	140	2.0	5=>4	1610	7	4-5-8	210.0	1.0	5=>4=>8	2520	8	598243671	592834617	598423617	598463127			8.0	100	2.0	4-5	700.0	3.0
200956121006	ダ	右	1400	雨	不良	13:40	サラ系Cー13組		2009-12-10	12	荒尾	1	(定量)		9	130	1	9.0	100	1.0	7.0	420	7.0	7-9	450	3	7-9	450	4.0	8-9	190	2.0	7-8	830	8.0	9=>7	550	3	7-8-9	680.0	2.0	9=>7=>8	1840	4	45729386101	45792386101	45793286101	97432851016			8.0	220	4.0	7-8	150.0	1.0
200956121007	ダ	右	1400	雨	不良	14:15	サラ系Cー12組		2009-12-10	12	荒尾	1	(定量)		5	760	4	5.0	120	1.0	3.0	130	3.0	3-5	1850	8	3-5	360	5.0	5-9	260	4.0	3-9	170	1.0	5=>3	3440	11	3-5-9	610.0	2.0	5=>3=>9	6130	21	538249671	538294176	538921476	539624871			9.0	150	4.0	3-5	2090.0	9.0
200956121008	ダ	右	1400	雨	不良	15:15	ゆきぽっぽG.D.B		2009-12-10	12	荒尾	1	(定量)		2	240	1	2.0	180	4.0	1.0	250	5.0	1-2	800	3	1-2	230	4.0	2-6	140	1.0	1-6	190	2.0	2=>1	810	3	1-2-6	330.0	1.0	2=>1=>6	1620	5	296857143	296851743	296851743	2-6,9,5,1,8,4,7,3			6.0	150	2.0	1-2	540.0	2.0
200956121009	ダ	右	1400	雨	不良	15:45	ポインセチア特選サラ		2009-12-10	12	荒尾	1	(定量)		8	110	1	8.0	100	1.0	9.0	120	3.0	8-9	260	1	8-9	150	1.0	4-8	1,090	15.0	4-9	2,110	21.0	8=>9	210	1	4-8-9	3420.0	11.0	8=>9=>4	4360	14	589214637	589264137	589624317	854926731			4.0	580	7.0	8-8	280.0	1.0
200956121701	ダ	右	950	曇	稍重	11:00	サラ系2歳		2009-12-17	12	荒尾	3	(定量)		1	4170	6	1.0	630	6.0	2.0	130	1.0	1-2	3010	9	1-2	930	11.0	1-3	3,640	18.0	2-3	420	6.0	1=>2	13220	25	1-2-3	5280.0	18.0	1=>2=>3	82330	125			1326547.0	1326574.0								
200956121702	ダ	右	1400	曇	稍重	11:30	サラ系2歳		2009-12-17	12	荒尾	3	(定量)		6	260	2	6.0	100	1.0	3.0	300	6.0	3-6	710	4	3-6	300	3.0	1-6	890	10.0	1-3	2,560	20.0	6=>3	1540	6	1-3-6	3910.0	18.0	6=>3=>1	8990	37	46357182	46371582	46371582	63147825			1.0	190	3.0			
200956121703	ダ	右	1400	曇	稍重	12:00	サラ系Cー7組		2009-12-17	12	荒尾	3	(定量)		5	210	1	5.0	110	2.0	7.0	100	1.0	5-7	410	1	5-7	210	1.0	5-9	420	6.0	7-9	700	11.0	5=>7	880	2	5-7-9	1100.0	3.0	5=>7=>9	3400	5	579816324	579138624	579816324	597836214			9.0	340	8.0	5-7	720.0	4.0
200956121704	ダ	右	1400	曇	稍重	12:30	サラ系2歳		2009-12-17	12	荒尾	3	(定量)		8	350	2	8.0	100	2.0	6.0	140	4.0	6-8	640	3	6-8	320	4.0	1-8	180	1.0	1-6	460	7.0	8=>6	740	3	1-6-8	400.0	1.0	8=>6=>1	1830	4	187693254	187693524	187693524	816293754			1.0	100	1.0	6-8	950.0	4.0
200956121705	ダ	右	1400	曇	稍重	13:00	サラ系Cー6組		2009-12-17	12	荒尾	3	(定量)		4	260	2	4.0	200	2.0	6.0	230	3.0	4-6	190	1	4-6	130	2.0	2-4	150	3.0	2-6	130	1.0	4=>6	430	2	2-4-6	210.0	1.0	4=>6=>2	1110	3	2567341	2,5,6,7,4,3-1	2,5,6,7,4,3=1	6,2,4,5,7,3=1								
200956121706	ダ	右	1400	曇	稍重	13:30	サラ系Cー5組		2009-12-17	12	荒尾	3	(定量)		2	480	3	2.0	100	1.0	3.0	100	2.0	2-3	600	3	2-3	240	2.0	2-5	400	5.0	3-5	350	4.0	2=>3	1010	2	2-3-5	560.0	2.0	2=>3=>5	2530	8	159638247	159638724	159367824	159324876			5.0	250	6.0	2-3	600.0	2.0
200956121707	ダ	右	1400	曇	稍重	14:05	サラ系Cー4組		2009-12-17	12	荒尾	3	(定量)		7	240	1	7.0	120	3.0	4.0	120	2.0	4-7	880	4	4-7	380	8.0	6-7	170	1.0	4-6	330	5.0	7=>4	1780	8	4-6-7	390.0	2.0	7=>4=>6	3250	11	794132685	791423685	794213658	794352681			6.0	100	1.0	4-7	1120.0	6.0
200956122301	ダ	右	950	曇	稍重	11:00	玲佳特選サラ系Cー1		2009-12-23	12	荒尾	4	(定量)		7	310	3	7.0	130	1.0	6.0	190	5.0	6-7	530	3	6-7	260	2.0	3-7	2,040	18.0	3-6	2,630	25.0	7=>6	1440	6	3-6-7	6390.0	18.0	7=>6=>3	23250	78			56127384.0	65721348.0			3.0	760	8.0			
200956122302	ダ	右	1300	曇	稍重	11:30	馬力屋特選サラ系Cー		2009-12-23	12	荒尾	4	(定量)		8	1580	7	8.0	230	5.0	9.0	100	1.0	8-9	1030	4	8-9	230	1.0	6-8	800	13.0	6-9	270	3.0	8=>9	2060	8	6-8-9	1160.0	3.0	8=>9=>6	7340	23		591837264.0	598163742.0	896513274.0			6.0	230	5.0	8-8	1060.0	5.0
200956122303	ダ	右	1400	曇	稍重	12:00	スター気分特選サラ系		2009-12-23	12	荒尾	4	(定量)		8	720	5	8.0	130	2.0	3.0	1,770	7.0	3-8	5390	15	3-8	1,750	17.0	7-8	300	3.0	3-7	2,090	20.0	8=>3	7530	28	3-7-8	6610.0	22.0	8=>3=>7	59420	149	268947351	268947351	289674351	928673154			7.0	420	3.0	3-8	2620.0	6.0
200956122304	ダ	右	1400	曇	稍重	12:30	銚厘特選サラ系Cー1		2009-12-23	12	荒尾	4	(定量)		3	170	1	3.0	100	1.0	5.0	120	2.0	3-5	190	1	3-5	110	1.0	3-7	630	10.0	5-7	910	12.0	3=>5	460	2	3-5-7	2370.0	8.0	3=>5=>7	5790	17	56784312	56478312	56784312	53674812			7.0	760	7.0			
200956122305	ダ	右	1400	晴	稍重	13:00	ふみべー特選サラ系C		2009-12-23	12	荒尾	4	(定量)		9	210	1	9.0	100	2.0	6.0	100	1.0	6-9	250	1	6-9	150	3.0	5-9	130	1.0	5-6	130	2.0	9=>6	350	1	5-6-9	170.0	1.0	9=>6=>5	690	1	798564231	795864231	795864321	796853412			5.0	100	3.0	6-8	300.0	2.0
200956122306	ダ	右	1400	晴	稍重	13:30	磯どり特選サラ系Cー		2009-12-23	12	荒尾	4	(定量)		4	1270	5	4.0	130	3.0	8.0	130	2.0	4-8	3540	11	4-8	510	9.0	4-5	170	1.0	5-8	230	3.0	4=>8	5520	17	4-5-8	890.0	4.0	4=>8=>5	14060	41	458169732	458619732	458691732	458961732			5.0	100	1.0	4-8	770.0	3.0
200956122307	ダ	右	1400	晴	稍重	14:05	Modena特選サラ		2009-12-23	12	荒尾	4	(定量)		5	170	1	5.0	100	1.0	3.0	130	2.0	3-5	130	1	3-5	100	1.0	1-5	200	4.0	1-3	330	7.0	5=>3	170	1	1-3-5	290.0	2.0	5=>3=>1	530	1	3571468	3571468	3,5,7,1,4-6,8	3,5,1,7,4,6-8			1.0	160	4.0			
200956122308	ダ	右	1400	晴	稍重	14:40	青研特選サラ系Cー1		2009-12-23	12	荒尾	4	(定量)		2	740	4	2.0	180	4.0	1.0	150	2.0	1-2	1220	6	1-2	450	4.0	2-6	1,150	16.0	1-6	900	11.0	2=>1	2290	11	1-2-6	2220.0	9.0	2=>1=>6	16040	55	256841739	256184739	2,(5,6),1,8,7,4,3,9	216754389			6.0	490	7.0	1-2	1200.0	6.0
200956122309	ダ	右	1400	晴	稍重	15:15	武蔵ラーメン特選サラ		2009-12-23	12	荒尾	4	(定量)		8	180	1	8.0	120	2.0	7.0	150	4.0	7-8	490	2	7-8	200	2.0	3-8	210	3.0	3-7	500	6.0	8=>7	810	3	3-7-8	630.0	3.0	8=>7=>3	3220	11	435782691	435826719	453862179	8,4,3,5,7,6,1,2-9			3.0	100	1.0	7-8	570.0	3.0
200956122901	ダ	右	950	晴	良	10:45	Cー35組		2009-12-29	13	荒尾	1	(定量)		5	130	1	5.0	180	2.0	1.0	300	5.0	1-5	1320	4	1-5	250	4.0	3-5	120	1.0	1-3	310	5.0	5=>1	930	4	1-3-5	590.0	3.0	5=>1=>3	1550	5			5,3,1,2-4,6	5,1,3,2=4-6								
200956122902	ダ	右	1300	晴	良	11:15	おk、黄色は嫁だ!杯		2009-12-29	13	荒尾	1	(定量)		2	130	1	2.0	160	3.0	3.0	130	1.0	2-3	200	1	2-3	110	1.0	2-4	140	2.0	3-4	160	4.0	2=>3	330	1	2-3-4	250.0	1.0	2=>3=>4	700	1		23145.0	23514.0	23514.0								
200956122903	ダ	右	1400	晴	良	11:45	Cー28組		2009-12-29	13	荒尾	1	(定量)		4	1070	4	4.0	360	4.0	6.0	200	2.0	4-6	530	3	4-6	340	6.0	3-4	290	4.0	3-6	160	2.0	4=>6	1520	6	3-4-6	610.0	3.0	4=>6=>3	4660	17	126453	126435	126435	162435								
200956122904	ダ	右	1400	晴	良	12:15	Cー25組		2009-12-29	13	荒尾	1	(定量)		6	200	1	6.0	110	2.0	5.0	100	1.0	5-6	190	1	5-6	100	1.0	3-6	380	7.0	3-5	460	8.0	6=>5	310	1	3-5-6	940.0	3.0	6=>5=>3	2210	8	356241	352641	356241	653214								
200956122905	ダ	右	1400	晴	良	12:45	Cー22組		2009-12-29	13	荒尾	1	(定量)		1	120	1	1.0	120	1.0	2.0	170	3.0	1-2	220	1	1-2	120	2.0	1-3	110	1.0	2-3	210	3.0	1=>2	420	2	1-2-3	220.0	1.0	1=>2=>3	520	1	1275346	1273546	1253746	1235746								
200956122906	ダ	右	1400	晴	良	13:15	Cー19組		2009-12-29	13	荒尾	1	(定量)		7	140	1	7.0	120	1.0	4.0	570	6.0	4-7	1240	4	4-7	530	7.0	3-7	260	3.0	3-4	980	9.0	7=>4	1390	6	3-4-7	2450.0	7.0	7=>4=>3	6410	24	7436215	7436152	7436152	7341256								
200956122907	ダ	右	1400	晴	良	13:45	Cー16組		2009-12-29	13	荒尾	1	(定量)		2	120	1	2.0	100	1.0	3.0	190	3.0	2-3	330	2	2-3	180	2.0	2-4	250	3.0	3-4	380	6.0	2=>3	470	2	2-3-4	730.0	3.0	2=>3=>4	1290	5	132456	132465	132465	324615								
200956122908	ダ	右	1400	晴	良	14:15	ゆきぽG.D.B.杯		2009-12-29	13	荒尾	1	(定量)		4	280	2	4.0	110	1.0	1.0	120	2.0	1-4	210	1	1-4	230	2.0	4-7	1,410	10.0	1-7	1,700	12.0	4=>1	610	2	1-4-7	2240.0	7.0	4=>1=>7	6880	19	1324675	1324675	1,(2,3),4,6,7,5	1423675								
200956123001	ダ	右	950	曇	稍重	10:45	Cー34組		2009-12-30	13	荒尾	2	(定量)		4	120	1	4.0	120	2.0	3.0	110	1.0	3-4	160	1	3-4	150	2.0	2-4	160	3.0	2-3	390	5.0	4=>3	180	1	2-3-4	250.0	1.0	4=>3=>2	350	1			4,3,1,2-6,5	4,3,2,1-6,5								
200956123002	ダ	右	1300	曇	稍重	11:15	Cー31組		2009-12-30	13	荒尾	2	(定量)		6	110	1	6.0	100	1.0	1.0	110	2.0	1-6	110	1	1-6	100	1.0	3-6	110	2.0	1-3	140	3.0	6=>1	120	1	1-3-6	140.0	1.0	6=>1=>3	220	1		562134.0	563214.0	615342.0								
200956123003	ダ	右	1400	曇	稍重	11:45	Cー27組		2009-12-30	13	荒尾	2	(定量)		2	100	1	2.0	100	1.0	5.0	120	2.0	2-5	130	1	2-5	130	1.0	2-4	190	3.0	4-5	180	2.0	2=>5	180	1	2-4-5	180.0	1.0	2=>5=>4	290	1	325416	325416	325416	253416								
200956123004	ダ	右	1400	曇	稍重	12:15	Cー24組		2009-12-30	13	荒尾	2	(定量)		6	100	1	6.0	100	1.0	7.0	110	2.0	6-7	120	1	6-7	110	1.0	1-6	390	7.0	1-7	320	6.0	6=>7	180	1	1-6-7	500.0	3.0	6=>7=>1	800	3	6752134	6,7-1,5,2,3,4	6,7,1-5,2,3,4	6715234								
200956123005	ダ	右	1400	曇	稍重	12:45	Cー21組		2009-12-30	13	荒尾	2	(定量)		3	900	2	3.0	200	3.0	2.0	140	1.0	2-3	280	1	2-3	170	1.0	3-7	250	4.0	2-7	210	3.0	3=>2	1010	5	2-3-7	470.0	1.0	3=>2=>7	3660	13	7213546	7213564	7231564	7,2,1,3,5,6-4								
200956123006	ダ	右	1400	曇	稍重	13:15	Cー18組		2009-12-30	13	荒尾	2	(定量)		3	120	1	3.0	100	1.0	7.0	140	2.0	3-7	100	1	3-7	100	1.0	3-4	480	9.0	4-7	340	7.0	3=>7	110	1	3-4-7	530.0	3.0	3=>7=>4	830	4	7345261	7345261	7342561	7342165								
200956123007	ダ	右	1400	雨	稍重	13:45	Cー15組		2009-12-30	13	荒尾	2	(定量)		1	130	1							1-5	370	2	1-5	240	2.0	1-4	510	4.0	4-5	750	6.0	1=>5	550	2	1-4-5	570.0	3.0	1=>5=>4	2150	7	4315	4315	4315	4153								
200956123008	ダ	右	1400	雨	稍重	14:15	Cー12組		2009-12-30	13	荒尾	2	(定量)		5	280	2	5.0	150	2.0	1.0	100	1.0	1-5	210	1	1-5	210	2.0	5-6	1,100	11.0	1-6	1,610	12.0	5=>1	450	1	1-5-6	6320.0	11.0	5=>1=>6	19900	41	2,5,6,4-1,3	2,5,6,4-1,3	254613	564213								
200956123009	ダ	右	1400	曇	稍重	14:45	年忘れ特選Cー8組		2009-12-30	13	荒尾	2	(定量)		5	120	1	5.0	100	1.0	4.0	210	4.0	4-5	380	3	4-5	180	2.0	2-5	270	4.0	2-4	600	12.0	5=>4	570	3	2-4-5	1540.0	7.0	5=>4=>2	3290	12	5,2,4,1,7,(3,6)	5421736	5427136	5427136								
200956123101	ダ	右	950	曇	稍重	10:45	Cー33組		2009-12-31	13	荒尾	3	(定量)		3	700	3	3.0	130	3.0	1.0	100	1.0	1-3	250	2	1-3	100	2.0	3-5	170	4.0	1-5	100	1.0	3=>1	2630	5	1-3-5	170.0	1.0	3=>1=>5	4260	10			3,2,1-5,4	3,1,2-5,4								
200956123102	ダ	右	1300	曇	稍重	11:15	Cー29組		2009-12-31	13	荒尾	3	(定量)		2	110	1	2.0	120	1.0	4.0	220	3.0	2-4	620	3	2-4	200	4.0	2-5	160	2.0	4-5	380	6.0	2=>4	860	5	2-4-5	330.0	2.0	2=>4=>5	1550	5		265134.0	265143.0	254631.0								
200956123103	ダ	右	1400	曇	稍重	11:45	Cー26組		2009-12-31	13	荒尾	3	(定量)		3	110	1	3.0	100	1.0	6.0	1,160	6.0	3-6	780	5	3-6	300	4.0	2-3	270	3.0	2-6	660	12.0	3=>6	600	3	2-3-6	1540.0	8.0	3=>6=>2	2130	10	356241	356124	365214	361245								
200956123104	ダ	右	1400	曇	稍重	12:15	Cー23組		2009-12-31	13	荒尾	3	(定量)		4	150	1							2-4	860	2	2-4	100	2.0	3-4	100	1.0	2-3	110	3.0	4=>2	650	3	2-3-4	110.0	1.0	4=>2=>3	740	3	4321	4321	4312	4231								
200956123105	ダ	右	1400	曇	稍重	12:45	Cー20組		2009-12-31	13	荒尾	3	(定量)		3	140	1	3.0	120	1.0	5.0	850	5.0	3-5	1370	4	3-5	530	6.0	3-7	400	4.0	5-7	1,320	12.0	3=>5	1250	5	3-5-7	1190.0	6.0	3=>5=>7	5040	19	1265374	1265347	1256374	1235476								
200956123106	ダ	右	1400	曇	稍重	13:15	Cー17組		2009-12-31	13	荒尾	3	(定量)		3	320	2	3.0	170	3.0	4.0	120	1.0	3-4	320	1	3-4	120	1.0	2-3	250	5.0	2-4	170	3.0	3=>4	590	2	2-3-4	450.0	3.0	3=>4=>2	1750	5	34521	34521	34521	34251								
200956123107	ダ	右	1400	曇	稍重	13:45	Cー14組		2009-12-31	13	荒尾	3	(定量)		5	220	1	5.0	150	1.0	6.0	220	4.0	5-6	450	2	5-6	170	1.0	4-5	350	7.0	4-6	440	8.0	5=>6	730	3	4-5-6	630.0	3.0	5=>6=>4	2580	6	254613	254613	2,5,(4,6),1,3	5,4,6,2,1-3								
200956123108	ダ	右	1400	曇	稍重	14:15	荒尾けいばを応援しま		2009-12-31	13	荒尾	3	(定量)		7	1200	4	7.0	130	2.0	4.0	100	1.0	4-7	270	2	4-7	110	1.0	6-7	570	8.0	4-6	290	5.0	7=>4	1450	6	4-6-7	960.0	5.0	7=>4=>6	8860	22	4567231	4562731	4627531	4726315								
200956123109	ダ	右	1400	曇	稍重	14:45	除夜の鐘特選Cー7組		2009-12-31	13	荒尾	3	(定量)		5	200	1	5.0	130	2.0	3.0	100	1.0	3-5	210	1	3-5	130	1.0	1-5	440	5.0	1-3	390	4.0	5=>3	230	1	1-3-5	770.0	2.0	5=>3=>1	1770	5	3574126	3,5,(4,7),1,2-6	3,5,(4,7),1,2-6	3541726								
200956123110	ダ	右	2000	曇	稍重	15:50	肥後の国グランプリ	G	2009-12-31	13	荒尾	3	(別定)		10	120	1	10.0	100	1.0	1.0	130	3.0	1-10	160	1	1-10	100	1.0	4-10	270	5.0	1-4	320	6.0	10=>1	200	1	1-4-10	450.0	2.0	10=>1=>4	1210	3	1,9,(5,8),10,2,3,4,7,6	19104852376	1,10,5,(4,8,9),2,7,3,6	10147589362			4.0	240	4.0	1-8	160.0	1.0
200956123111	ダ	右	1400	曇	稍重	16:25	カウントダウン特選C		2009-12-31	13	荒尾	3	(定量)		5	140	1	5	140	2	3	650	5	3-5	780	3	3-5	290	4	5-7	250	3	3-7	390	5	5=>3	1380	5	3-5-7	710	3	5=>3=>7	2840	10	3724516	3725416	3725416	3571246								
