	track	direction	distance	weather	going	start_at	title	grade	date	round	place	days	requirement	rule	単勝:的中	単勝:配当	単勝:人気	複勝_1:的中	複勝_1:配当	複勝_1:人気	複勝_2:的中	複勝_2:配当	複勝_2:人気	複勝_3:的中	複勝_3:配当	複勝_3:人気	枠連:的中	枠連:配当	枠連:人気	馬連:的中	馬連:配当	馬連:人気	ワイド_1:的中	ワイド_1:配当	ワイド_1:人気	ワイド_2:的中	ワイド_2:配当	ワイド_2:人気	ワイド_3:的中	ワイド_3:配当	ワイド_3:人気	馬単:的中	馬単:配当	馬単:人気	三連複:的中	三連複:配当	三連複:人気	三連単:的中	三連単:配当	三連単:人気	spacing_on_corner:1	spacing_on_corner:2	spacing_on_corner:3	spacing_on_corner:4	laptime	pacemaker
201702010101	芝	右	1200	晴	良	09:55	3歳未勝利		2017-6-17	1	函館	1	3歳未勝利	牝[指](馬齢)	4	210	1	4	130	1	9	170	3	6.0	760	9.0	2-5	470.0	1.0	4-9	620	1	4-9	430	2	4-6	1,870	18	6-9	3,330	32	4=>9	1000	2	4-6-9	8020	22	4=>9=>6	19990	51			4(8,10)(1,14)5,11(2,9)7(6,12)13,15(3,16)	4(8,10,14)1(5,11,9)(2,7)(6,12,13)15(3,16)	12.2 - 10.5 - 11.1 - 11.5 - 11.4 - 12.0	12.2 - 22.7 - 33.8 - 45.3 - 56.7 - 68.7 (33.8-34.9)
201702010102	ダ	右	1700	晴	良	10:20	3歳未勝利		2017-6-17	1	函館	1	3歳未勝利	[指](馬齢)	8	940	6	8	320	5	14	720	9	9.0	580	8.0	5-8	2590.0	12.0	8-14	7390	29	8-14	1,980	27	8-9	1,490	22	9-14	3,450	41	8=>14	12120	53	8-9-14	20210	74	8=>14=>9	101970	379	(*5,10)(1,14)(2,9,11)(7,3,8)4,12,13-6	(5,*8)(10,14)(1,9,11)(7,2,4,3)(13,12)-6	8(5,14)1(10,11)4,9-(7,3)-12,13-2-6	8(5,14)1(11,4)(10,9)3,7,12-13=2,6	7.0 - 10.9 - 12.4 - 12.5 - 12.8 - 12.7 - 12.8 - 13.1 - 13.6	7.0 - 17.9 - 30.3 - 42.8 - 55.6 - 68.3 - 81.1 - 94.2 - 107.8 (30.3-39.5)
201702010103	ダ	右	1000	晴	良	10:50	3歳未勝利		2017-6-17	1	函館	1	3歳未勝利	[指](馬齢)	3	210	1	3	110	1	10	210	4	8.0	150	3.0	3-7	260.0	1.0	3-10	1460	5	3-10	540	6	3-8	280	2	8-10	830	10	3=>10	1950	7	3-8-10	2130	7	3=>10=>8	9280	25			(*2,3)(10,12)8-(7,9)-5,4,11,6 1	2,3(8,10,12)-(7,9)-(4,5)11-6 1	12.3 - 11.3 - 11.6 - 11.9 - 12.6	12.3 - 23.6 - 35.2 - 47.1 - 59.7 (35.2-36.1)
201702010104	ダ	右	1700	晴	良	11:20	3歳未勝利		2017-6-17	1	函館	1	3歳未勝利	(混)[指](馬齢)	6	180	1	6	110	1	1	150	2	4.0	160	3.0	1-5	530.0	2.0	1-6	510	2	1-6	240	2	4-6	230	1	1-4	490	5	6=>1	740	1	1-4-6	790	1	6=>1=>4	2400	2	(*2,11)13,8(1,6)5,10-7,9,12(4,3)	(*2,11)(8,13)(1,6)5(7,10)(12,9,3)4	(2,*6)(11,13)(1,5,4)3(12,10)-7,8-9	(2,*6)(1,13,4)(12,11,5)(10,3)-7-8=9	6.9 - 11.1 - 12.2 - 13.5 - 12.9 - 12.3 - 13.0 - 12.8 - 12.9	6.9 - 18.0 - 30.2 - 43.7 - 56.6 - 68.9 - 81.9 - 94.7 - 107.6 (30.2-38.7)
201702010105	芝	右	1000	晴	良	12:10	2歳新馬		2017-6-17	1	函館	1	2歳新馬	[指](馬齢)	8	400	1	8	160	1	9	170	3	2.0	1,080	10.0	7-7	860.0	4.0	8-9	900	3	8-9	400	3	2-8	3,830	35	2-9	3,530	32	8=>9	1600	2	2-8-9	14400	40	8=>9=>2	49520	146			2,9,4(8,11)(3,6,10)(1,5,7)	(*2,9)(4,8)11(3,6)(1,5,10)-7	12.3 - 11.0 - 11.4 - 11.3 - 11.7	12.3 - 23.3 - 34.7 - 46.0 - 57.7 (34.7-34.4)
201702010201	ダ	右	1700	晴	良	09:55	3歳未勝利		2017-6-18	1	函館	2	3歳未勝利	牝[指](馬齢)	13	310	1	13	140	1	4	170	2	8.0	600	7.0	3-8	570.0	1.0	4-13	840	2	4-13	340	1	8-13	1,220	16	4-8	2,180	23	13=>4	1680	4	4-8-13	6630	23	13=>4=>8	28480	104	(*2,3)(6,7)-(4,11)-9,8-(1,13)-10(14,12) 5	2(3,6,7)-(4,11)-(8,9)(1,13)-(10,12)14 5	(*2,3,13)(4,6)(8,11,7)(1,14)9,10-12 5	13-(3,4)8(2,11,14)(1,6)10(7,9)=12 5	7.1 - 10.9 - 11.6 - 12.2 - 12.5 - 13.1 - 13.8 - 13.4 - 13.6	7.1 - 18.0 - 29.6 - 41.8 - 54.3 - 67.4 - 81.2 - 94.6 - 108.2 (29.6-40.8)
201702010202	ダ	右	1000	晴	良	10:25	3歳未勝利		2017-6-18	1	函館	2	3歳未勝利	[指](馬齢)	11	1940	8	11	410	7	7	190	2	2.0	280	4.0	6-8	1310.0	4.0	7-11	3700	18	7-11	1,250	16	2-11	3,230	41	2-7	1,120	13	11=>7	9810	40	2-7-11	21550	79	11=>7=>2	137260	462			(*2,10)12(8,11)4,9,3,7,5-(1,6)	(*2,10)12(8,11)(4,9,7)3,6,5,1	12.5 - 10.7 - 11.7 - 12.3 - 12.5	12.5 - 23.2 - 34.9 - 47.2 - 59.7 (34.9-36.5)
201702010203	芝	右	1200	晴	良	10:50	3歳未勝利		2017-6-18	1	函館	2	3歳未勝利	(混)[指](馬齢)	1	350	1	1	180	2	9	360	8	7.0	210	3.0	1-5	1390.0	3.0	1-9	2700	11	1-9	920	9	1-7	540	2	7-9	1,500	19	1=>9	3970	12	1-7-9	5250	12	1=>9=>7	27440	64			(*6,8,11)4,10(3,5)(7,13)1(12,14,15)9(2,16)	(*6,8,11)(4,10)(3,13)(1,5,7)-(12,14)9(16,15)2	12.1 - 10.6 - 11.3 - 11.5 - 11.6 - 11.9	12.1 - 22.7 - 34.0 - 45.5 - 57.1 - 69.0 (34.0-35.0)
201702010204	ダ	右	1700	晴	良	11:20	3歳未勝利		2017-6-18	1	函館	2	3歳未勝利	[指](馬齢)	7	7420	11	7	930	11	4	190	2	13.0	850	10.0	3-5	1310.0	6.0	4-7	8300	26	4-7	2,530	30	7-13	9,760	57	4-13	1,980	22	7=>4	24300	68	4-7-13	57920	130	7=>4=>13	397870	765	(*2,5,8)10-(1,14)-(4,12)13(3,9)11,6-7	2(5,8)10-(1,14)-4(13,12)-9(3,11)6-7	(*2,8)10(4,14)(1,13,11)(6,9)5,7-3,12	(8,*10)14,4(2,1,13,11)7(6,9)=5-3=12	7.1 - 11.1 - 11.6 - 12.5 - 13.0 - 13.0 - 13.8 - 13.3 - 13.0	7.1 - 18.2 - 29.8 - 42.3 - 55.3 - 68.3 - 82.1 - 95.4 - 108.4 (29.8-40.1)
201702010205	芝	右	1200	晴	良	12:10	2歳新馬		2017-6-18	1	函館	2	2歳新馬	(混)[指](馬齢)	7	660	4	7	180	4	8	290	6	3.0	130	1.0				7-8	3090	13	7-8	850	13	3-7	320	3	3-8	550	7	7=>8	5860	27	3-7-8	2280	8	7=>8=>3	20400	84			8,6(4,3,5)7(2,1)	(*8,6,3,5)(4,7)(2,1)	12.4 - 10.8 - 11.5 - 12.0 - 11.4 - 11.7	12.4 - 23.2 - 34.7 - 46.7 - 58.1 - 69.8 (34.7-35.1)
201702010301	芝	右	1200	曇	良	09:55	3歳未勝利		2017-6-24	1	函館	3	3歳未勝利	(混)[指](馬齢)	14	2780	10	14	800	11	15	740	9	2.0	740	10.0	7-8	7090.0	26.0	14-15	23380	56	14-15	6,310	56	2-14	14,880	88	2-15	9,310	76	14=>15	63210	129	2-14-15	391990	401	14=>15=>2	2576320	2395			1,3(5,4)(2,11)(12,6)(9,14)(7,15,16)-10,8,13	1(5,3,4)(12,2,11)(6,14)9(7,15,16)(8,10)13	12.0 - 10.7 - 11.1 - 11.5 - 11.8 - 12.2	12.0 - 22.7 - 33.8 - 45.3 - 57.1 - 69.3 (33.8-35.5)
201702010302	ダ	右	1700	曇	良	10:20	3歳未勝利		2017-6-24	1	函館	3	3歳未勝利	[指](馬齢)	2	400	3	2	160	1	10	270	6	12.0	310	7.0	2-7	2380.0	13.0	2-10	2680	13	2-10	860	11	2-12	790	9	10-12	1,640	23	2=>10	5530	24	2-10-12	8330	28	2=>10=>12	41630	148	2,3(9,10,13)11(5,4,8)6,12,1-7	2(3,13,11)(9,10)(4,8)5-12,6,1-7	2,13(10,8,11)(3,12)4,1,9(5,7)6	2-(10,13,12)(8,11)(4,1)(6,5)-7(3,9)	7.0 - 10.8 - 12.5 - 12.9 - 12.3 - 12.8 - 13.3 - 12.4 - 12.4	7.0 - 17.8 - 30.3 - 43.2 - 55.5 - 68.3 - 81.6 - 94.0 - 106.4 (30.3-38.1)
201702010303	芝	右	1800	曇	良	10:45	3歳未勝利		2017-6-24	1	函館	3	3歳未勝利	牝[指](馬齢)	9	1280	5	9	260	5	5	250	4	10.0	130	1.0	3-5	1270.0	5.0	5-9	3790	11	5-9	1,420	15	9-10	500	4	5-10	630	5	9=>5	8450	30	5-9-10	4930	12	9=>5=>10	46620	145	13(10,9)1,4(6,12)(5,11)15(2,8)(3,7)-14	13,9-10(1,4)(6,12)5(2,11,15)(3,8)7-14	13,9(10,4,12)(1,15)7(5,6,11)(2,8,14)3	(*13,9)(10,12,7)(4,15)1(5,11)(2,8,14)6,3	12.3 - 11.3 - 12.0 - 12.2 - 12.2 - 12.4 - 12.3 - 11.7 - 11.8	12.3 - 23.6 - 35.6 - 47.8 - 60.0 - 72.4 - 84.7 - 96.4 - 108.2 (35.6-35.8)
201702010304	芝	右	2600	晴	良	11:15	3歳未勝利		2017-6-24	1	函館	3	3歳未勝利	(混)[指](馬齢)	10	370	2	10	160	3	7	240	6	3.0	160	2.0	6-8	1220.0	6.0	7-10	2270	9	7-10	840	10	3-10	380	3	3-7	500	6	10=>7	4010	16	3-7-10	2960	10	10=>7=>3	15330	51	6,7-10(3,11)(5,9)2,8,1-4	6,7,10-(3,11)(2,5,9)8,1,4	(6,*7,10)(3,11)9(2,5)8,1-4	(*7,10)-3(6,11)(2,9)(5,8)-1-4	13.2 - 12.6 - 12.6 - 12.8 - 12.7 - 13.1 - 13.5 - 13.0 - 12.3 - 11.9 - 11.8 - 11.6 - 12.0	13.2 - 25.8 - 38.4 - 51.2 - 63.9 - 77.0 - 90.5 - 103.5 - 115.8 - 127.7 - 139.5 - 151.1 - 163.1 (38.4-35.4)
201702010305	芝	右	1200	晴	良	12:05	2歳新馬		2017-6-24	1	函館	3	2歳新馬	牝[指](馬齢)	9	650	4	9	230	4	6	160	1	4.0	240	5.0	5-6	840.0	1.0	6-9	1770	5	6-9	600	4	4-9	960	12	4-6	650	5	9=>6	3740	11	4-6-9	3870	7	9=>6=>4	24000	61			(*6,8)9(2,12)10(3,4)-5,11,13=1-7	(*6,8)(2,9)(10,12)(3,4)-5,11-13=1-7	12.4 - 10.9 - 11.3 - 11.8 - 11.4 - 11.9	12.4 - 23.3 - 34.6 - 46.4 - 57.8 - 69.7 (34.6-35.1)
201702010306	ダ	右	1000	晴	良	12:35	2歳新馬		2017-6-24	1	函館	3	2歳新馬	(混)[指](馬齢)	8	140	1	8	100	1	7	420	6	4.0	150	3.0				7-8	2940	8	7-8	1,120	11	4-8	190	2	4-7	1,940	16	8=>7	3620	9	4-7-8	3490	9	8=>7=>4	15500	40			3,6,8,4(5,7)=1-2	3,6(4,8)(5,7)=2,1	12.9 - 11.4 - 12.2 - 12.3 - 12.8	12.9 - 24.3 - 36.5 - 48.8 - 61.6 (36.5-37.3)
201702010401	芝	右	1200	曇	良	09:50	3歳未勝利		2017-6-25	1	函館	4	3歳未勝利	牝[指](馬齢)	4	700	3	4	220	3	7	140	1	9.0	1,400	14.0	2-4	970.0	5.0	4-7	890	2	4-7	410	2	4-9	6,750	58	7-9	2,960	32	4=>7	1950	6	4-7-9	15480	47	4=>7=>9	111210	323			(*2,4)(5,8,14)(7,10,16)(6,11,15)(13,9)12(1,3)	(*2,4)(8,14)(5,7,16)(10,9)(11,15)(6,13)(12,1)3	12.2 - 10.5 - 11.7 - 12.1 - 11.5 - 11.7	12.2 - 22.7 - 34.4 - 46.5 - 58.0 - 69.7 (34.4-35.3)
201702010402	ダ	右	1000	曇	良	10:15	3歳未勝利		2017-6-25	1	函館	4	3歳未勝利	(混)[指](馬齢)	4	910	6	4	320	5	10	1,150	11	7.0	560	8.0	4-7	4380.0	16.0	4-10	13030	43	4-10	3,250	39	4-7	2,270	31	7-10	8,170	57	4=>10	23540	81	4-7-10	66280	154	4=>10=>7	303210	774			(*7,8)(4,9,10)11,12,2-(5,6)3 1	7,8,4-(9,10)2,11(5,12)6,3 1	12.4 - 10.7 - 11.6 - 12.2 - 12.7	12.4 - 23.1 - 34.7 - 46.9 - 59.6 (34.7-36.5)
201702010403	ダ	右	1700	晴	良	10:45	3歳未勝利		2017-6-25	1	函館	4	3歳未勝利	[指](馬齢)	2	2780	8	2	610	8	4	200	2	11.0	750	9.0	2-3	4700.0	16.0	2-4	5590	16	2-4	1,490	16	2-11	6,520	41	4-11	1,860	20	2=>4	15670	41	2-4-11	36280	78	2=>4=>11	325600	513	6(7,11)-9,2,13(4,14)(1,12)(5,10)=8 3	6(7,11)(2,9)13(4,14)-(1,12)(5,10)=8 3	6(11,14)2,7-(4,13,10)-1(9,12)5=8 3	6,11(2,14)-4,10,7,13(5,1)12-9=8 3	7.1 - 11.0 - 11.9 - 12.9 - 13.2 - 12.5 - 12.6 - 12.8 - 13.5	7.1 - 18.1 - 30.0 - 42.9 - 56.1 - 68.6 - 81.2 - 94.0 - 107.5 (30.0-38.9)
201702010404	芝	右	1800	晴	良	11:15	3歳未勝利		2017-6-25	1	函館	4	3歳未勝利	[指](馬齢)	2	2870	10	2	730	10	3	620	9	8.0	180	1.0	1-2	2740.0	15.0	2-3	26680	64	2-3	6,830	62	2-8	2,280	29	3-8	2,340	30	2=>3	49200	131	2-3-8	49740	154	2=>3=>8	332000	969	(*3,15)(10,14)2(6,13)4,12(7,8,9)11,5,16 1	(*3,15)-(2,10,14)13,6,4,12(7,8,9)(5,11)16 1	3(15,14)(2,13)(4,10)(6,8)(12,7)(5,11,9)-16 1	3(2,15,14)(4,13,8)(10,6)(12,5,7)(11,9)16 1	12.4 - 11.3 - 11.7 - 12.0 - 12.4 - 12.3 - 11.8 - 11.5 - 12.1	12.4 - 23.7 - 35.4 - 47.4 - 59.8 - 72.1 - 83.9 - 95.4 - 107.5 (35.4-35.4)
201702010405	芝	右	1200	晴	良	12:05	2歳新馬		2017-6-25	1	函館	4	2歳新馬	(混)[指](馬齢)	7	270	1	7	120	1	4	230	5	5.0	260	6.0	4-7	1590.0	6.0	4-7	1400	5	4-7	550	6	5-7	710	10	4-5	1,420	18	7=>4	2130	7	4-5-7	3900	18	7=>4=>5	15750	57			4,1,7(3,5)(6,9)2,8	(*4,1)(3,7)5-9(6,8)2	12.4 - 11.1 - 11.2 - 11.9 - 11.7 - 12.1	12.4 - 23.5 - 34.7 - 46.6 - 58.3 - 70.4 (34.7-35.7)
201702010501	芝	右	1200	曇	良	09:55	2歳未勝利		2017-7-1	1	函館	5	2歳未勝利	(混)[指](馬齢)	4	220	1	4	110	1	10	190	3	1.0	380	7.0	4-8	710.0	3.0	4-10	720	3	4-10	330	3	1-4	730	11	1-10	1,720	19	4=>10	1180	4	1-4-10	3580	13	4=>10=>1	11730	41			(*5,6)(4,8)(1,7,10)9,3-2	(*5,6)(4,8)10(1,7)9,3-2	12.2 - 10.7 - 11.5 - 11.8 - 11.8 - 11.4	12.2 - 22.9 - 34.4 - 46.2 - 58.0 - 69.4 (34.4-35.0)
201702010502	ダ	右	1700	曇	良	10:25	3歳未勝利		2017-7-1	1	函館	5	3歳未勝利	牝[指](馬齢)	9	8660	12	9	3,020	13	8	1,140	8	12.0	700	4.0	5-6	2130.0	7.0	8-9	107570	82	8-9	19,940	81	9-12	12,260	66	8-12	5,440	40	9=>8	228840	158	8-9-12	386270	272	9=>8=>12	3918870	1874	5,12(3,11)(4,10)-(1,14)13(2,8)7-9-6	(*5,12)(3,11)(4,10)1(14,13)(2,8)-7-9,6	5,12(3,11)(1,10,4,13)8,14(7,9)2,6	5-(3,12)(1,11)(10,13)(14,8)(4,9)(7,6)-2	6.9 - 11.3 - 12.0 - 12.7 - 12.5 - 12.4 - 12.8 - 13.2 - 13.5	6.9 - 18.2 - 30.2 - 42.9 - 55.4 - 67.8 - 80.6 - 93.8 - 107.3 (30.2-39.5)
201702010503	ダ	右	1000	曇	良	10:55	3歳未勝利		2017-7-1	1	函館	5	3歳未勝利	[指](馬齢)	7	650	5	7	230	6	8	170	1	10.0	340	7.0	6-6	1510.0	6.0	7-8	1770	6	7-8	670	7	7-10	1,490	19	8-10	1,100	17	7=>8	3300	8	7-8-10	8130	30	7=>8=>10	36820	145			(*7,8)(3,10)(9,11)12(1,4,6)(2,5)	(*7,8)-10(3,9)11(1,4,6,12)2,5	12.6 - 10.9 - 11.7 - 12.0 - 12.7	12.6 - 23.5 - 35.2 - 47.2 - 59.9 (35.2-36.4)
201702010504	ダ	右	1700	曇	良	11:25	3歳未勝利		2017-7-1	1	函館	5	3歳未勝利	[指](馬齢)	7	440	3	7	150	1	3	160	2	6.0	160	3.0	3-5	490.0	1.0	3-7	690	1	3-7	290	1	6-7	360	3	3-6	360	2	7=>3	1270	1	3-6-7	1110	1	7=>3=>6	4770	1	(3,*6)12(2,4,7)-5,1,9(8,13)10,11	3(6,12)(2,4)-7,5,1-(8,9)-13(11,10)	3(6,12)(2,7)-(8,1,5)4(11,9,10)13	(*3,6)(2,12,7)(8,1,5)-10-(11,13)9,4	7.0 - 11.1 - 12.0 - 12.6 - 12.9 - 12.8 - 12.9 - 12.9 - 13.2	7.0 - 18.1 - 30.1 - 42.7 - 55.6 - 68.4 - 81.3 - 94.2 - 107.4 (30.1-39.0)
201702010505	芝	右	1000	曇	良	12:15	2歳新馬		2017-7-1	1	函館	5	2歳新馬	(混)[指](馬齢)	3	460	3	3	170	4	1	140	1	8.0	210	5.0	1-3	900.0	4.0	1-3	880	3	1-3	380	4	3-8	790	11	1-8	460	8	3=>1	1920	5	1-3-8	1910	6	3=>1=>8	9020	26			(*3,4)-1,2,5,6-8=9,7	3(1,4)2(5,6)-8=(7,9)	12.5 - 10.8 - 11.3 - 11.5 - 11.9	12.5 - 23.3 - 34.6 - 46.1 - 58.0 (34.6-34.7)
201702010601	ダ	右	1000	曇	良	09:55	3歳未勝利		2017-7-2	1	函館	6	3歳未勝利	牝[指](馬齢)	2	670	4	2	330	5	8	240	4	10.0	1,530	10.0	2-6	4090.0	17.0	2-8	3660	13	2-8	1,200	13	2-10	5,640	40	8-10	6,080	42	2=>8	6710	27	2-8-10	72440	116	2=>8=>10	260500	526			8(2,9,10,11)-5(1,4,12)-6=3,7	8,2,9-(10,11)(1,5)(4,12)-6=3,7	12.3 - 10.8 - 11.5 - 12.1 - 12.4	12.3 - 23.1 - 34.6 - 46.7 - 59.1 (34.6-36.0)
201702010602	ダ	右	1700	曇	良	10:20	3歳未勝利		2017-7-2	1	函館	6	3歳未勝利	(混)[指](馬齢)	5	170	1	5	120	1	13	180	3	3.0	160	2.0	4-8	330.0	1.0	5-13	990	4	5-13	410	3	3-5	280	1	3-13	710	7	5=>13	1330	4	3-5-13	1990	3	5=>13=>3	6930	7	(*2,5)14,4,6,12(10,9)(1,13)-8,7,11,3	(*2,5)(4,14)-9-(6,13)12,10,3(1,8)(7,11)	(*2,5)14(4,9)13,3-6-10(1,8,11)12,7	5,4(2,14)13(9,3)-6=10(1,8)-11,7-12	7.0 - 10.9 - 11.7 - 12.5 - 13.0 - 12.6 - 13.0 - 12.8 - 13.4	7.0 - 17.9 - 29.6 - 42.1 - 55.1 - 67.7 - 80.7 - 93.5 - 106.9 (29.6-39.2)
201702010603	芝	右	1200	曇	良	10:50	3歳未勝利		2017-7-2	1	函館	6	3歳未勝利	(混)[指](馬齢)	8	420	2	8	180	1	7	220	3	1.0	1,480	12.0	4-4	1070.0	6.0	7-8	930	1	7-8	460	1	1-8	5,110	46	1-7	6,740	55	8=>7	2370	3	1-7-8	25890	79	8=>7=>1	98030	354			(*7,6)(1,12)8(2,14)(4,5,15)(10,3,13)(11,16)9	7(6,12)(1,8)(2,14)(4,5,15)(10,3,13,16)(11,9)	12.1 - 10.7 - 11.3 - 11.9 - 11.4 - 12.1	12.1 - 22.8 - 34.1 - 46.0 - 57.4 - 69.5 (34.1-35.4)
201702010604	芝	右	1800	曇	良	11:20	3歳未勝利		2017-7-2	1	函館	6	3歳未勝利	[指](馬齢)	10	680	3	10	200	3	14	130	1	9.0	220	4.0	6-8	900.0	3.0	10-14	1280	3	10-14	530	3	9-10	1,200	14	9-14	540	4	10=>14	2900	8	9-10-14	4010	10	10=>14=>9	23250	63	5-11,7(10,12)3,9(6,14)(1,2)15,13,4,8	5-11(7,10)-12,3(9,14)6(2,15)1,13-4,8	5=(11,10)-(7,14)(3,9,13)12,15,2(1,8)6,4	5,10,11,14,13-7(3,9)15,12(2,8,4)-1,6	12.2 - 11.3 - 11.9 - 12.1 - 11.9 - 12.2 - 12.4 - 11.9 - 12.3	12.2 - 23.5 - 35.4 - 47.5 - 59.4 - 71.6 - 84.0 - 95.9 - 108.2 (35.4-36.6)
201702010605	芝	右	1200	曇	良	12:10	2歳新馬		2017-7-2	1	函館	6	2歳新馬	[指](馬齢)	10	220	1	10	120	1	7	190	4	8.0	250	6.0	6-8	300.0	1.0	7-10	760	2	7-10	300	2	8-10	470	5	7-8	940	15	10=>7	1270	3	7-8-10	2610	10	10=>7=>8	7720	22			10,7(5,1,8)(2,6,4,11)-3 9	(*10,7)(5,1,8)(4,11)(2,6)3 9	12.6 - 11.5 - 11.7 - 12.0 - 11.4 - 11.7	12.6 - 24.1 - 35.8 - 47.8 - 59.2 - 70.9 (35.8-35.1)
201702020101	芝	右	1200	晴	良	09:55	2歳未勝利		2017-7-8	2	函館	1	2歳未勝利	牝[指](馬齢)	6	150	1	6	110	1	2	180	3							2-6	560	2	2-6	130	2	4-6	110	1	2-4	150	3	6=>2	750	3	2-4-6	170	1	6=>2=>4	1130	3			(*6,4)(1,3,5)-2	(*6,4)(1,5)(3,2)	12.3 - 11.2 - 11.3 - 11.5 - 11.3 - 12.1	12.3 - 23.5 - 34.8 - 46.3 - 57.6 - 69.7 (34.8-34.9)
201702020102	ダ	右	2400	晴	良	10:25	3歳未勝利		2017-7-8	2	函館	1	3歳未勝利	(混)[指](馬齢)	3	340	2	3	110	2	5	110	1	8.0	140	3.0	3-5	220.0	1.0	3-5	250	1	3-5	140	1	3-8	290	3	5-8	210	2	3=>5	600	2	3-5-8	450	1	3=>5=>8	1760	2	2,3(10,5)(6,8)-(4,7)-(1,9)	2,3(10,5)(6,8)(4,7)(1,9)	(*3,5)-8=2,10-4-(1,6,7)-9	3-(5,8)=10-(2,4)1-(6,7)-9	13.2 - 11.9 - 13.4 - 13.1 - 13.1 - 13.5 - 13.4 - 13.0 - 12.3 - 12.7 - 13.1 - 13.3	13.2 - 25.1 - 38.5 - 51.6 - 64.7 - 78.2 - 91.6 - 104.6 - 116.9 - 129.6 - 142.7 - 156.0 (38.5-39.1)
201702020103	芝	右	1200	晴	良	10:55	3歳未勝利		2017-7-8	2	函館	1	3歳未勝利	[指](馬齢)	11	260	1	11	160	1	2	840	9	9.0	300	5.0	1-6	2760.0	14.0	2-11	6620	19	2-11	2,060	19	9-11	660	5	2-9	4,380	46	11=>2	10470	34	2-9-11	17470	56	11=>2=>9	88600	261			1,11,15(2,4)(5,10,16,13)(6,12,14)(3,7,9)8	(*1,11)15(2,4)(5,16)10(6,13)(12,14,8)3(7,9)	12.0 - 10.6 - 11.3 - 11.7 - 11.3 - 12.2	12.0 - 22.6 - 33.9 - 45.6 - 56.9 - 69.1 (33.9-35.2)
201702020104	ダ	右	1700	晴	良	11:25	3歳未勝利		2017-7-8	2	函館	1	3歳未勝利	[指](馬齢)	4	210	1	4	110	1	11	130	2	10.0	180	4.0	4-7	310.0	1.0	4-11	480	1	4-11	210	1	4-10	360	3	10-11	490	6	4=>11	810	1	4-10-11	1220	2	4=>11=>10	4390	4	(*4,11)12(1,8,13)10,6(3,9)2-5-7	4,11(1,8,12)13,6(2,3,10)9,5-7	(*4,11)-(1,8,13,6)(2,3,10)(12,5)(7,9)	(*4,11)-(8,6,10)1(2,13,3)(7,5)-9-12	7.1 - 11.1 - 12.0 - 12.8 - 12.8 - 12.5 - 12.8 - 12.8 - 12.9	7.1 - 18.2 - 30.2 - 43.0 - 55.8 - 68.3 - 81.1 - 93.9 - 106.8 (30.2-38.5)
201702020105	芝	右	1200	晴	良	12:15	2歳新馬		2017-7-8	2	函館	1	2歳新馬	(混)[指](馬齢)	6	1490	4	6	160	4	5	110	1	7.0	130	3.0				5-6	730	3	5-6	270	3	6-7	580	10	5-7	190	2	6=>5	2940	10	5-6-7	950	3	6=>5=>7	10810	36			3,5(4,6)7,1,2,8	(*3,5)(4,6)7-1-8,2	12.4 - 11.1 - 11.4 - 11.7 - 11.4 - 12.6	12.4 - 23.5 - 34.9 - 46.6 - 58.0 - 70.6 (34.9-35.7)
201702020106	ダ	右	1000	晴	良	12:45	2歳新馬		2017-7-8	2	函館	1	2歳新馬	[指](馬齢)	6	290	2	6	140	1	5	150	2							5-6	440	1	5-6	160	1	4-6	200	4	4-5	190	2	6=>5	860	2	4-5-6	420	2	6=>5=>4	1750	2			4,5,6(2,3)-1	4(5,6)2,3-1	13.0 - 12.1 - 12.5 - 12.0 - 12.3	13.0 - 25.1 - 37.6 - 49.6 - 61.9 (37.6-36.8)
201702020201	芝	右	1200	晴	良	09:55	2歳未勝利		2017-7-9	2	函館	2	2歳未勝利	(混)[指](馬齢)	1	170	1	1	110	1	2	140	2							1-2	370	2	1-2	140	2	1-4	120	1	2-4	170	4	1=>2	480	2	1-2-4	230	1	1=>2=>4	810	2			(*1,6)(2,4)(3,5)	(*1,6,4)5(2,3)	12.4 - 10.8 - 11.5 - 12.2 - 11.6 - 11.7	12.4 - 23.2 - 34.7 - 46.9 - 58.5 - 70.2 (34.7-35.5)
201702020202	ダ	右	1000	晴	良	10:20	3歳未勝利		2017-7-9	2	函館	2	3歳未勝利	(混)[指](馬齢)	8	1650	6	8	300	6	7	130	1	1.0	180	3.0	6-6	1780.0	9.0	7-8	1850	7	7-8	630	7	1-8	810	11	1-7	330	2	8=>7	5150	19	1-7-8	2290	5	8=>7=>1	19880	64			7,8(2,11)5,1,9(4,10)(6,12)-3	7,8,2(1,5,11)4,9(6,10)(3,12)	12.4 - 10.8 - 11.5 - 12.3 - 12.8	12.4 - 23.2 - 34.7 - 47.0 - 59.8 (34.7-36.6)
201702020203	芝	右	2000	晴	良	10:50	3歳未勝利		2017-7-9	2	函館	2	3歳未勝利	牝[指](馬齢)	7	350	1	7	140	1	12	150	2	14.0	170	3.0	4-7	640.0	2.0	7-12	690	1	7-12	300	2	7-14	300	1	12-14	380	3	7=>12	1350	2	7-12-14	980	1	7=>12=>14	4980	2	2,10(6,14)9,11(3,8)7(1,5)(4,15)12,13	2(6,10)14(9,11)3(8,7)1,5-(4,15)12-13	(*2,10)(14,11)(6,7)9(3,8,5)(1,12)(4,15)13	(*2,10,14,11)7(6,9,5)(3,8,12)1,15(4,13)	12.8 - 11.0 - 12.4 - 12.3 - 12.4 - 12.6 - 12.4 - 11.9 - 11.6 - 11.9	12.8 - 23.8 - 36.2 - 48.5 - 60.9 - 73.5 - 85.9 - 97.8 - 109.4 - 121.3 (36.2-35.4)
201702020204	ダ	右	1700	晴	良	11:20	3歳未勝利		2017-7-9	2	函館	2	3歳未勝利	[指](馬齢)	13	260	1	13	130	1	1	250	6	6.0	190	3.0	1-8	2510.0	12.0	1-13	2040	9	1-13	610	8	6-13	310	3	1-6	1,190	16	13=>1	3050	9	1-6-13	2620	9	13=>1=>6	14580	48	(*4,8)-(3,12)11(1,9)(5,13)(2,10)6,7	(*4,8)-3(1,12)(9,11)(2,13)5(10,6)7	(4,8,*3)(1,9,11)(2,13)(12,6)(5,7)10	(8,*3)(1,11,13)(4,9)(2,6)-(5,12,7)10	7.1 - 11.1 - 12.0 - 12.4 - 12.9 - 12.8 - 12.9 - 13.1 - 12.8	7.1 - 18.2 - 30.2 - 42.6 - 55.5 - 68.3 - 81.2 - 94.3 - 107.1 (30.2-38.8)
201702020205	芝	右	1800	晴	良	12:10	2歳新馬		2017-7-9	2	函館	2	2歳新馬	(混)[指](馬齢)	4	370	2	4	140	2	3	110	1							3-4	230	1	3-4	130	1	2-4	250	4	2-3	140	2	4=>3	690	3	2-3-4	310	1	4=>3=>2	1750	5	2,3-4(5,7)1,6	2,3-4,7,5,1,6	(*2,3)4-6,5(7,1)	(*2,3)4-(6,1)-(5,7)	12.7 - 12.5 - 12.6 - 12.4 - 11.9 - 11.8 - 11.9 - 12.0 - 11.9	12.7 - 25.2 - 37.8 - 50.2 - 62.1 - 73.9 - 85.8 - 97.8 - 109.7 (37.8-35.8)
201702020301	ダ	右	1000	晴	良	09:55	2歳未勝利		2017-7-15	2	函館	3	2歳未勝利	(混)[指](馬齢)	2	490	3	2	160	2	11	170	3	6.0	1,390	12.0	2-8	470.0	1.0	2-11	1230	3	2-11	420	3	2-6	4,310	51	6-11	2,360	29	2=>11	2350	7	2-6-11	26310	90	2=>11=>6	120720	386			2,8(1,12)9(4,10,11)6(5,3,7)	2-(8,12)1-(4,9)11-(6,3,7)(10,5)	12.6 - 11.0 - 11.9 - 12.3 - 12.9	12.6 - 23.6 - 35.5 - 47.8 - 60.7 (35.5-37.1)
201702020302	ダ	右	1700	晴	良	10:25	3歳未勝利		2017-7-15	2	函館	3	3歳未勝利	牝[指](馬齢)	3	560	2	3	220	3	1	490	7	11.0	390	6.0	1-3	5960.0	20.0	1-3	6520	21	1-3	1,490	17	3-11	1,380	14	1-11	3,180	30	3=>1	10720	36	1-3-11	24580	71	3=>1=>11	120080	340	(*3,8)(1,7,9)(5,13)2(11,12)(4,10,14)6	(*3,8)(1,7,9)13(2,5)(11,12)(4,6,14)-10	(*3,8)(1,9,13)7,11(4,2,12)(5,6)-10=14	3-1,13(8,11)(4,9)7(5,6)(2,12)-10=14	7.0 - 11.2 - 12.5 - 12.8 - 12.7 - 12.4 - 12.5 - 12.6 - 13.2	7.0 - 18.2 - 30.7 - 43.5 - 56.2 - 68.6 - 81.1 - 93.7 - 106.9 (30.7-38.3)
201702020304	ダ	右	1700	晴	良	11:25	3歳未勝利		2017-7-15	2	函館	3	3歳未勝利	[指](馬齢)	9	900	4	9	190	4	10	190	3	4.0	110	1.0	6-7	1190.0	5.0	9-10	1700	6	9-10	480	6	4-9	290	3	4-10	260	2	9=>10	3840	12	4-9-10	990	1	9=>10=>4	10590	29	(*4,6)7(9,11)(2,10)(1,8,12)13-5 3	4,6(9,7)(10,11)2(1,12)(8,13)-5 3	(*4,6)(9,10)7,2-11(12,13)(1,8)=5 3	(*4,6)(9,10)2-7-(12,13)-(8,11,5)1 3	7.1 - 10.9 - 11.7 - 12.7 - 12.6 - 12.6 - 13.2 - 13.0 - 13.2	7.1 - 18.0 - 29.7 - 42.4 - 55.0 - 67.6 - 80.8 - 93.8 - 107.0 (29.7-39.4)
201702020305	芝	右	1200	晴	良	12:15	2歳新馬		2017-7-15	2	函館	3	2歳新馬	(混)[指](馬齢)	7	880	5	7	360	5	6	250	3							6-7	1460	7	6-7	470	8	4-7	420	7	4-6	350	5	7=>6	3160	17	4-6-7	1920	8	7=>6=>4	11750	52			7,5(1,6)4,2=3	7,5,1,6,4-2=3	13.0 - 11.9 - 12.0 - 12.1 - 11.5 - 11.6	13.0 - 24.9 - 36.9 - 49.0 - 60.5 - 72.1 (36.9-35.2)
201702020401	芝	右	1200	雨	良	09:55	2歳未勝利		2017-7-16	2	函館	4	2歳未勝利	[指](馬齢)	3	910	4	3	230	4	8	190	3	7.0	1,970	10.0	3-7	2030.0	8.0	3-8	2060	8	3-8	580	5	3-7	7,530	42	7-8	5,140	35	3=>8	4450	17	3-7-8	27170	64	3=>8=>7	140530	323			3(4,10,11)-8-(6,9)7,2-1,5	3(4,10,11)8(6,9,2)7-1=5	12.3 - 10.7 - 11.3 - 12.0 - 12.1 - 12.3	12.3 - 23.0 - 34.3 - 46.3 - 58.4 - 70.7 (34.3-36.4)
201702020402	ダ	右	1000	小雨	稍重	10:20	3歳未勝利		2017-7-16	2	函館	4	3歳未勝利	[指](馬齢)	12	470	2	12	220	4	2	290	5	10.0	220	3.0	2-8	1880.0	8.0	2-12	1830	7	2-12	780	8	10-12	660	6	2-10	990	12	12=>2	3080	13	2-10-12	4520	17	12=>2=>10	14790	34			12,2,8-(1,10)-(3,4)11(5,9)7,6	12,2,8(1,10)3,4,5(9,11)(6,7)	12.3 - 10.8 - 11.5 - 12.0 - 12.7	12.3 - 23.1 - 34.6 - 46.6 - 59.3 (34.6-36.2)
201702020403	ダ	右	1700	小雨	稍重	10:50	3歳未勝利		2017-7-16	2	函館	4	3歳未勝利	(混)[指](馬齢)	5	520	2	5	160	2	11	110	1	9.0	620	9.0	4-7	280.0	1.0	5-11	390	1	5-11	180	1	5-9	2,110	26	9-11	1,550	21	5=>11	1210	3	5-9-11	4560	14	5=>11=>9	24940	76	(*6,7)(8,10)(1,13)-(5,11)9(2,12)3,4	6,7,8(1,10)13(5,11)9,2,12-3,4	6(8,10)11(1,5)(9,12)(7,2)(4,13,3)	6,11(10,5)-(1,9)(8,3,12)2-4-7-13	7.1 - 10.8 - 11.5 - 12.5 - 13.0 - 12.8 - 13.5 - 13.3 - 12.5	7.1 - 17.9 - 29.4 - 41.9 - 54.9 - 67.7 - 81.2 - 94.5 - 107.0 (29.4-39.3)
201702020404	芝	右	1200	小雨	良	11:20	3歳未勝利		2017-7-16	2	函館	4	3歳未勝利	牝[指](馬齢)	2	830	4	2	220	3	1	140	1	6.0	2,760	14.0	1-1	960.0	4.0	1-2	930	2	1-2	450	2	2-6	12,800	73	1-6	6,170	52	2=>1	1940	4	1-2-6	36460	105	2=>1=>6	187950	549			15(9,12)(2,10)5(1,7)(3,6)8(13,16)-(11,14)=4	15(12,10)9,2(1,5,7)(3,6)16(11,13,14)8=4	12.1 - 10.5 - 11.3 - 11.9 - 11.7 - 12.0	12.1 - 22.6 - 33.9 - 45.8 - 57.5 - 69.5 (33.9-35.6)
201702020405	芝	右	1800	小雨	良	12:10	2歳新馬		2017-7-16	2	函館	4	2歳新馬	[指](馬齢)	4	170	1	4	110	1	6	150	4	5.0	140	3.0	4-6	560.0	3.0	4-6	580	3	4-6	240	3	4-5	190	2	5-6	420	6	4=>6	840	3	4-5-6	790	3	4=>6=>5	2490	5	8,6,4,9,5,7(3,2)1	(*8,6)4,5,9,7,2,3,1	(*8,6)4(5,9)7,2,3,1	(8,*6,4)(5,9)7-(3,2)1	12.9 - 12.8 - 13.2 - 13.0 - 13.3 - 12.6 - 12.1 - 11.4 - 11.5	12.9 - 25.7 - 38.9 - 51.9 - 65.2 - 77.8 - 89.9 - 101.3 - 112.8 (38.9-35.0)
201702020501	芝	右	1800	曇	重	09:55	2歳未勝利		2017-7-22	2	函館	5	2歳未勝利	[指](馬齢)	2	110	1	2	100	1	3	160	2							2-3	250	1	2-3	120	1	2-6	150	2	3-6	170	3	2=>3	240	1	2-3-6	280	1	2=>3=>6	560	1	4(5,7)2,1,6-3	(*4,5)(2,7)(1,6)-3	3-2-5(4,6)1,7	(*3,2)-(5,6)1,7,4	13.2 - 11.9 - 12.8 - 12.9 - 11.9 - 11.5 - 12.2 - 12.4 - 12.4	13.2 - 25.1 - 37.9 - 50.8 - 62.7 - 74.2 - 86.4 - 98.8 - 111.2 (37.9-37.0)
201702020601	芝	右	1200	曇	良	09:55	2歳未勝利		2017-7-23	2	函館	6	2歳未勝利	(混)[指](馬齢)	12	1120	5	12	410	6	4	190	2	2.0	1,060	10.0	4-8	1620.0	8.0	4-12	3400	12	4-12	1,040	12	2-12	6,230	43	2-4	2,650	27	12=>4	7670	28	2-4-12	33160	77	12=>4=>2	202920	421			12(10,7)4-(2,5)(3,11)9-1,6-8	12(10,7)4(2,5)(3,11,9)-(1,6)=8	12.1 - 11.1 - 11.8 - 11.7 - 11.7 - 12.1	12.1 - 23.2 - 35.0 - 46.7 - 58.4 - 70.5 (35.0-35.5)
201702020602	ダ	右	1000	曇	重	10:20	3歳未勝利		2017-7-23	2	函館	6	3歳未勝利	牝[指](馬齢)	4	140	1	4	110	1	9	310	6	5.0	150	2.0	4-7	300.0	1.0	4-9	1400	4	4-9	520	5	4-5	190	1	5-9	940	12	4=>9	1610	6	4-5-9	1800	4	4=>9=>5	5880	16			(*4,9)(6,10)7(5,8)(2,11)1-3	(*4,9)-(6,10)(5,8)11,2(7,1)=3	12.2 - 11.0 - 11.6 - 11.7 - 12.4	12.2 - 23.2 - 34.8 - 46.5 - 58.9 (34.8-35.7)
201702020603	ダ	右	1700	曇	重	10:50	3歳未勝利		2017-7-23	2	函館	6	3歳未勝利	[指](馬齢)	3	1290	4	3	610	5	7	920	6	4.0	380	2.0	3-7	5200.0	14.0	3-7	15520	25	3-7	2,370	24	3-4	800	8	4-7	1,480	16	3=>7	25110	42	3-4-7	18920	42	3=>7=>4	181240	256	(*2,3)-5,8,9(1,10)6-7-4	(*2,3)-5,8(1,10)(6,9)7-4	7,3,4,2(5,8)10,9,6,1	7,3-(2,4)8(5,10)-9,1,6	7.2 - 11.4 - 12.1 - 12.8 - 13.5 - 12.1 - 12.1 - 12.4 - 12.6	7.2 - 18.6 - 30.7 - 43.5 - 57.0 - 69.1 - 81.2 - 93.6 - 106.2 (30.7-37.1)
201702020604	芝	右	2000	晴	良	11:20	3歳未勝利		2017-7-23	2	函館	6	3歳未勝利	(混)[指](馬齢)	12	440	3	12	170	2	1	150	1	15.0	650	9.0	1-6	570.0	2.0	1-12	840	1	1-12	350	1	12-15	2,290	29	1-15	1,840	25	12=>1	1770	3	1-12-15	6950	21	12=>1=>15	30430	80	(*3,13)7(2,10)(1,8)14(4,9,16)5,11(6,15)12	3,13(2,10)7(1,8)14(4,16)9,5,11,6,15,12	(*3,13,10)(2,16)(4,1,7)(9,14,8)(5,11,12)(6,15)	(*3,13)(4,2,10,16)(1,12)(9,7)(5,14,15)(6,11)8	12.5 - 11.5 - 12.2 - 12.4 - 12.5 - 12.3 - 12.2 - 12.5 - 12.3 - 12.3	12.5 - 24.0 - 36.2 - 48.6 - 61.1 - 73.4 - 85.6 - 98.1 - 110.4 - 122.7 (36.2-37.1)
201702020605	芝	右	1800	晴	良	12:10	2歳新馬		2017-7-23	2	函館	6	2歳新馬	(混)[指](馬齢)	9	800	3	9	120	3	6	100	2	1.0	100	1.0	6-8	1110.0	4.0	6-9	1450	5	6-9	310	4	1-9	170	2	1-6	150	1	9=>6	3120	9	1-6-9	390	1	9=>6=>1	6110	20	4,5(2,6)8,7,1,9-3	4-5,2-(8,6)-7,1,9=3	(*4,5,2)(8,6)(7,1)9=3	4(5,2)(8,6)(1,9)7=3	12.9 - 11.8 - 12.1 - 12.5 - 13.0 - 12.8 - 12.0 - 11.9 - 12.1	12.9 - 24.7 - 36.8 - 49.3 - 62.3 - 75.1 - 87.1 - 99.0 - 111.1 (36.8-36.0)
201702020606	ダ	右	1000	晴	稍重	12:40	3歳以上500万下		2017-7-23	2	函館	6	3歳以上500万下	牝[指](定量)	4	200	1	4	120	1	12	290	6	1.0	370	7.0	4-8	1390.0	4.0	4-12	1130	4	4-12	550	5	1-4	760	11	1-12	2,640	26	4=>12	1810	5	1-4-12	7410	24	4=>12=>1	20920	75			8(4,11)(1,7)12(3,5)6,9,2-10	(*8,4)1(12,11,7)(3,5,6)9-(2,10)	12.3 - 10.6 - 11.5 - 11.8 - 12.0	12.3 - 22.9 - 34.4 - 46.2 - 58.2 (34.4-35.3)
201702020607	ダ	右	1700	晴	稍重	13:10	3歳以上500万下		2017-7-23	2	函館	6	3歳以上500万下	[指](定量)	2	270	1	2	140	1	1	180	4	4.0	170	2.0	1-2	700.0	2.0	1-2	730	2	1-2	310	3	2-4	310	2	1-4	680	9	2=>1	1290	2	1-2-4	1710	3	2=>1=>4	6210	7	8-6,1-7,2,10,4-9(5,11)-3	8=6,1(7,2)(4,10)-(5,9)11,3	8=6(1,2)(7,4,10)5,9,11-3	8-(6,1,2,10)(7,4)(5,9)11,3	7.2 - 10.5 - 11.0 - 11.6 - 12.5 - 12.8 - 13.4 - 13.2 - 12.4	7.2 - 17.7 - 28.7 - 40.3 - 52.8 - 65.6 - 79.0 - 92.2 - 104.6 (28.7-39.0)
201702020608	芝	右	1800	晴	良	13:40	3歳以上500万下		2017-7-23	2	函館	6	3歳以上500万下	[指](定量)	1	330	2	1	160	1	11	240	4	12.0	530	9.0	1-7	1190.0	5.0	1-11	1600	4	1-11	640	7	1-12	1,490	20	11-12	2,690	30	1=>11	3010	10	1-11-12	10460	44	1=>11=>12	47820	184	12(1,11)7(2,13)3(4,5)9(6,10)8	12,11,1,7(2,13)(4,3)5(6,10)9-8	(*12,11)(1,7,13)(2,3,5)(4,10)6(8,9)	(*12,11)(1,13)(3,7,5)10(2,4)(6,9)-8	12.6 - 12.2 - 12.5 - 12.6 - 12.4 - 11.9 - 11.8 - 11.8 - 12.0	12.6 - 24.8 - 37.3 - 49.9 - 62.3 - 74.2 - 86.0 - 97.8 - 109.8 (37.3-35.6)
201702020609	ダ	右	1700	晴	稍重	14:15	3歳以上500万下		2017-7-23	2	函館	6	3歳以上500万下	(混)[指](定量)	10	430	2	10	150	2	3	330	7	4.0	120	1.0	3-7	2610.0	10.0	3-10	3300	14	3-10	910	14	4-10	220	1	3-4	510	6	10=>3	4190	16	3-4-10	1460	3	10=>3=>4	15310	47	1(2,5)(3,6)(7,8)4(10,9,11)12	1,2,5,3,6(7,8,4)(10,9,12)11	1,5,3(6,2,4)10(7,12)-(9,8,11)	1(5,3)(6,4)10(7,2)(8,12,11)9	7.0 - 10.8 - 12.0 - 12.4 - 12.3 - 11.9 - 12.4 - 12.9 - 13.2	7.0 - 17.8 - 29.8 - 42.2 - 54.5 - 66.4 - 78.8 - 91.7 - 104.9 (29.8-38.5)
201702020610	芝	右	2000	晴	良	14:50	松前特別 		2017-7-23	2	函館	6	3歳以上1000万下	(混)(特指)(定量)	2	230	1	2	150	1	10	370	7	1.0	260	5.0	2-8	1350.0	6.0	2-10	2600	9	2-10	1,010	13	1-2	450	4	1-10	1,930	24	2=>10	3520	14	1-2-10	5560	21	2=>10=>1	21540	82	10(3,4)8(1,5,9)(2,7,6)	10(3,4)8,1(5,9)(2,7,6)	(*10,4)8(3,5,6)9,1,7,2	10,4(3,5,8)(1,9,6,7,2)	12.6 - 11.6 - 12.2 - 12.6 - 12.5 - 12.3 - 12.3 - 12.0 - 11.8 - 11.7	12.6 - 24.2 - 36.4 - 49.0 - 61.5 - 73.8 - 86.1 - 98.1 - 109.9 - 121.6 (36.4-35.5)
201702020611	芝	右	1200	晴	良	15:25	函館2歳ステークス	G3	2017-7-23	2	函館	6	2歳オープン	(国際)(特指)(馬齢)	11	300	1	11	140	1	8	1,330	12	7.0	230	3.0	4-6	940.0	3.0	8-11	15620	40	8-11	4,350	44	7-11	460	2	7-8	6,270	55	11=>8	22890	71	7-8-11	27510	82	11=>8=>7	175020	497			4,8(3,10)(1,13,11)(5,7,15,16)(6,12)-2=9 14	(*4,8)10,3(13,11)7(1,5,16)12(6,15,2)=9 14	12.1 - 10.7 - 11.7 - 11.6 - 11.6 - 12.3	12.1 - 22.8 - 34.5 - 46.1 - 57.7 - 70.0 (34.5-35.5)
201702010106	芝	右	2000	晴	良	12:40	3歳未勝利		2017-6-17	1	函館	1	3歳未勝利	[指](馬齢)	10	2200	8	10	400	6	12	150	1	8.0	1,150	13.0	5-6	2220.0	11.0	10-12	2770	8	10-12	980	6	8-10	11,850	80	8-12	3,320	40	10=>12	7730	23	8-10-12	37730	128	10=>12=>8	265000	849	4(11,16)-(10,14)(6,12)-(13,15)9(1,7)(3,5,8)-2	4,11-(10,14,16)(6,12)-(13,15)(7,9)1(3,5,8)-2	(*4,11)(10,14,16)(6,12)(15,9)(7,8)(13,3,5)(1,2)	(4,*11,14)(10,12)6(7,15)9(3,8)16,5(13,2)1	12.6 - 10.5 - 11.2 - 11.7 - 12.1 - 12.3 - 12.3 - 12.3 - 12.1 - 12.2	12.6 - 23.1 - 34.3 - 46.0 - 58.1 - 70.4 - 82.7 - 95.0 - 107.1 - 119.3 (34.3-36.6)
201702010107	ダ	右	1000	晴	良	13:10	3歳以上500万下		2017-6-17	1	函館	1	3歳以上500万下	[指](定量)	10	2210	7	10	670	8	12	370	5	6.0	1,790	12.0	7-8	700.0	3.0	10-12	13540	37	10-12	4,620	41	6-10	13,910	64	6-12	14,700	65	10=>12	31640	80	6-10-12	232690	200	10=>12=>6	1610930	1154			12(2,10)(1,7)-(3,8)(4,9)-6-11,5	12,10-(1,2)(7,3)-(4,8,9)6-11=5	12.0 - 10.8 - 11.4 - 11.9 - 12.6	12.0 - 22.8 - 34.2 - 46.1 - 58.7 (34.2-35.9)
201702010109	ダ	右	1700	晴	良	14:15	3歳以上500万下		2017-6-17	1	函館	1	3歳以上500万下	[指](定量)	4	3990	9	4	660	9	1	180	2	2.0	270	5.0	1-3	6050.0	22.0	1-4	10250	30	1-4	2,770	30	2-4	3,540	36	1-2	680	6	4=>1	22150	65	1-2-4	21930	67	4=>1=>2	174550	470	1,7(2,10)12(3,5,13)4(8,11)14,6 9	(*1,7)(2,10)(3,12)(4,13)(8,5,11)(6,14) 9	1,10(2,7,12,14)(4,13)6(3,11)5,8 9	(*1,10)(2,7,4)(12,14)(3,13,6)(5,11)8 9	7.1 - 10.7 - 12.1 - 12.5 - 12.4 - 12.4 - 12.7 - 12.9 - 13.0	7.1 - 17.8 - 29.9 - 42.4 - 54.8 - 67.2 - 79.9 - 92.8 - 105.8 (29.9-38.6)
201702010110	芝	右	2600	晴	良	14:50	駒ケ岳特別 		2017-6-17	1	函館	1	3歳以上500万下	(混)(特指)(定量)	1	770	5	1	240	4	5	460	9	7.0	190	3.0	1-5	3260.0	19.0	1-5	5780	27	1-5	1,460	22	1-7	720	7	5-7	1,390	21	1=>5	9270	44	1-5-7	8490	34	1=>5=>7	56230	222	12=1-4(7,11,10)(5,9)(8,6)3-2	12=1-4,11(7,10)(5,9)(8,6)3,2	12=1=4(7,11,10)(5,9,6)8-3-2	12,1-7,4(5,10)(11,6)(3,9,8)-2	12.5 - 10.8 - 12.1 - 12.6 - 12.2 - 12.7 - 12.5 - 12.1 - 11.7 - 11.7 - 12.4 - 11.9 - 12.1	12.5 - 23.3 - 35.4 - 48.0 - 60.2 - 72.9 - 85.4 - 97.5 - 109.2 - 120.9 - 133.3 - 145.2 - 157.3 (35.4-36.4)
201702010111	芝	右	1200	晴	良	15:25	HTB杯 		2017-6-17	1	函館	1	3歳以上1000万下	(混)(特指)(定量)	11	550	2	11	190	3	9	160	1	2.0	380	7.0	5-6	780.0	1.0	9-11	1170	1	9-11	470	1	2-11	1,640	20	2-9	1,410	15	11=>9	2280	3	2-9-11	6520	14	11=>9=>2	26890	53			(*4,11)12(2,10,14)(1,9,15)(3,6)16(5,8)(7,13)	4,11(2,12)(1,10,14)(3,9,15)6(5,8,16)13,7	11.9 - 10.4 - 11.0 - 11.4 - 11.4 - 11.5	11.9 - 22.3 - 33.3 - 44.7 - 56.1 - 67.6 (33.3-34.3)
201702010112	芝	右	1800	晴	良	16:05	遊楽部特別 		2017-6-17	1	函館	1	3歳以上500万下	牝(特指)(定量)	12	2400	10	12	510	9	14	610	11	8.0	210	1.0	6-7	6340.0	26.0	12-14	21150	56	12-14	5,430	59	8-12	2,100	28	8-14	2,080	27	12=>14	42860	114	8-12-14	41090	143	12=>14=>8	350830	1014	12-11,1,8,3,13,6(7,14)(2,9)(5,4,16)-15 10	12-11,1,8-3(6,13)(7,14)2,9(5,16)4,15 10	(*12,1)(6,3,11,8)13,7(2,14)9(5,16,4)-15 10	12(6,1,8)(3,13)7(11,14,4)(2,16,9)5,15 10	12.0 - 11.0 - 11.7 - 12.0 - 12.3 - 12.1 - 12.1 - 11.8 - 11.7	12.0 - 23.0 - 34.7 - 46.7 - 59.0 - 71.1 - 83.2 - 95.0 - 106.7 (34.7-35.6)
201702010206	芝	右	1800	晴	良	12:40	3歳未勝利		2017-6-18	1	函館	2	3歳未勝利	(混)[指](馬齢)	7	390	1	7	180	1	13	280	5	8.0	300	7.0	4-7	960.0	2.0	7-13	2240	5	7-13	820	4	7-8	960	6	8-13	1,880	26	7=>13	3780	6	7-8-13	7230	14	7=>13=>8	33530	60	(*3,8)(2,10)(7,9,15)(4,6,11)(1,16,12)-(5,13)-14	(*3,8)10(2,7,15)9(4,6,11)(1,16,12)-13,5,14	(*3,8)(2,10)(7,9,15)4(6,11)(1,16,12)-13-5-14	(*3,8)10,2(7,9,15)(4,6,11)(1,16,12,13)-5-14	12.3 - 11.8 - 12.5 - 12.6 - 12.1 - 12.0 - 11.8 - 11.6 - 12.2	12.3 - 24.1 - 36.6 - 49.2 - 61.3 - 73.3 - 85.1 - 96.7 - 108.9 (36.6-35.6)
201702010207	ダ	右	1700	晴	良	13:10	3歳以上500万下		2017-6-18	1	函館	2	3歳以上500万下	[指](定量)	8	200	1	8	130	1	11	180	3	10.0	230	5.0	6-7	370.0	1.0	8-11	520	1	8-11	290	1	8-10	400	4	10-11	830	10	8=>11	790	1	8-10-11	1830	3	8=>11=>10	5870	5	8-10,11,3(6,9)2,4(7,12)13,5,1	8,10-11(6,9)3-(2,4)(7,12)5,13,1	8-(10,11)-7(6,9)5(2,12,4)(1,13)3	8-11,10-7-6(12,5)(2,9,4)(1,13)=3	7.1 - 11.2 - 11.9 - 12.4 - 12.5 - 12.2 - 12.1 - 12.3 - 12.9	7.1 - 18.3 - 30.2 - 42.6 - 55.1 - 67.3 - 79.4 - 91.7 - 104.6 (30.2-37.3)
201702010208	芝	右	1200	晴	良	13:40	3歳以上500万下		2017-6-18	1	函館	2	3歳以上500万下	(混)[指](定量)	6	370	2	6	180	3	8	200	4	13.0	570	6.0	5-6	360.0	1.0	6-8	1020	4	6-8	460	4	6-13	1,650	13	8-13	2,380	26	6=>8	1890	7	6-8-13	9630	31	6=>8=>13	30790	79			6,9,10(2,8,12)(1,3,13)(5,7,11)=4	6-9,10(8,12)(2,3,13)(1,7,11)5-4	11.8 - 10.2 - 10.7 - 11.2 - 11.2 - 12.4	11.8 - 22.0 - 32.7 - 43.9 - 55.1 - 67.5 (32.7-34.8)
201702010209	芝	右	2000	晴	良	14:15	3歳以上500万下		2017-6-18	1	函館	2	3歳以上500万下	(混)(特指)(定量)	6	150	1	6	110	1	1	410	6	13.0	970	12.0	1-4	1120.0	4.0	1-6	1320	5	1-6	600	4	6-13	2,030	22	1-13	12,640	69	6=>1	1540	4	1-6-13	21830	62	6=>1=>13	56570	165	5,12(4,14)11(10,6,13)(7,9,8)3-2-1	5-12,4,14(10,11)6,13(7,9)8,3-(1,2)	12,11(4,3)(6,2)(5,13)(14,8)(7,9)(10,1)	12-(4,11)(6,3,2)(13,8)(9,1)-(14,7,10)-5	12.6 - 10.8 - 11.6 - 12.0 - 12.4 - 12.0 - 11.6 - 11.8 - 12.1 - 12.6	12.6 - 23.4 - 35.0 - 47.0 - 59.4 - 71.4 - 83.0 - 94.8 - 106.9 - 119.5 (35.0-36.5)
201702010210	ダ	右	1700	晴	良	14:50	木古内特別 		2017-6-18	1	函館	2	3歳以上500万下	(混)[指](定量)	5	170	1	5	110	1	4	180	4	2.0	140	3.0	4-5	750.0	4.0	4-5	760	3	4-5	290	3	2-5	230	2	2-4	620	10	5=>4	1030	4	2-4-5	1150	5	5=>4=>2	4340	11	9(6,7)-5(1,2)8-(3,4)	9,6,7-5(1,2)8(3,4)	(*9,6,7,2)-(1,5)(8,4)3	(9,6,*7,2)4(1,5)(8,3)	7.0 - 11.2 - 12.0 - 12.6 - 12.7 - 12.6 - 12.4 - 12.9 - 13.3	7.0 - 18.2 - 30.2 - 42.8 - 55.5 - 68.1 - 80.5 - 93.4 - 106.7 (30.2-38.6)
201702010211	芝	右	1200	晴	良	15:25	函館スプリントS	G3	2017-6-18	1	函館	2	3歳以上オープン	(国際)(特指)(別定)	8	720	3	8	270	3	3	320	4	4.0	490	7.0	3-6	2800.0	11.0	3-8	3090	11	3-8	1,060	11	4-8	1,760	21	3-4	1,580	19	8=>3	6000	21	3-4-8	13120	43	8=>3=>4	55520	177			10,12,6(9,13)8(5,3,4)(7,11)-1-2	10,12-(6,13)(9,8)3,5(4,11)7,1-2	11.7 - 10.1 - 10.4 - 11.0 - 11.4 - 12.2	11.7 - 21.8 - 32.2 - 43.2 - 54.6 - 66.8 (32.2-34.6)
201702010212	芝	右	1800	晴	良	16:05	北斗特別 		2017-6-18	1	函館	2	3歳以上1000万下	(混)[指](ハンデ)	4	250	1	4	150	1	2	1,460	13	13.0	210	4.0	2-3	3830.0	15.0	2-4	12970	36	2-4	3,650	39	4-13	370	1	2-13	8,490	66	4=>2	17740	57	2-4-13	22090	73	4=>2=>13	121870	361	4,13(3,8,14)(10,12)(2,5)11,6(1,9)-7,15	4,13,3(8,14)(2,12)(5,10)(6,11)(1,9)-7,15	4,13(3,14)8(2,12)(5,11,10)6,9,1-15,7	4,13(3,14)12(2,8,10)(6,11)(5,9)1,15,7	12.5 - 11.5 - 11.7 - 11.7 - 11.7 - 11.6 - 11.6 - 11.4 - 12.0	12.5 - 24.0 - 35.7 - 47.4 - 59.1 - 70.7 - 82.3 - 93.7 - 105.7 (35.7-35.0)
201702010307	芝	右	1200	晴	良	13:05	3歳以上500万下		2017-6-24	1	函館	3	3歳以上500万下	牝[指](定量)	13	790	5	13	220	3	3	780	10	12.0	240	4.0	3-8	5110.0	17.0	3-13	12970	41	3-13	3,640	48	12-13	850	9	3-12	3,310	41	13=>3	19130	71	3-12-13	24520	92	13=>3=>12	160620	547			(6,*13)9(3,4,12)(1,2,5)10(7,8)11	13(6,9)(3,4,12)(1,2,5)10(11,7,8)	12.2 - 10.7 - 11.4 - 11.7 - 11.3 - 11.7	12.2 - 22.9 - 34.3 - 46.0 - 57.3 - 69.0 (34.3-34.7)
201702010308	ダ	右	1000	晴	良	13:40	3歳以上500万下		2017-6-24	1	函館	3	3歳以上500万下	(混)[指](定量)	8	240	1	8	150	1	4	160	2	10.0	510	9.0	4-6	790.0	2.0	4-8	790	2	4-8	400	3	8-10	1,000	13	4-10	2,430	30	8=>4	1310	2	4-8-10	7720	27	8=>4=>10	24790	79			(*4,8)10(2,7,11)(5,12)(1,6)9,3	(*4,8)10-(2,7)(5,11)(1,12)6(3,9)	12.3 - 10.9 - 11.5 - 11.6 - 11.8	12.3 - 23.2 - 34.7 - 46.3 - 58.1 (34.7-34.9)
201702010309	ダ	右	1700	晴	良	14:15	3歳以上500万下		2017-6-24	1	函館	3	3歳以上500万下	[指](定量)	3	200	1	3	110	1	6	110	2	4.0	150	4.0	3-6	220.0	1.0	3-6	200	1	3-6	130	1	3-4	290	4	4-6	270	3	3=>6	360	1	3-4-6	490	1	3=>6=>4	1480	2	1-3(2,4)(5,8)-(7,9)6,10	1,3(2,4)(5,8)-(7,9,6)-10	3(1,4,6)(2,5)8-(9,10)7	3-(4,6)-(5,8)10(1,2)(9,7)	7.0 - 10.9 - 12.0 - 12.6 - 12.5 - 12.3 - 12.4 - 12.3 - 13.2	7.0 - 17.9 - 29.9 - 42.5 - 55.0 - 67.3 - 79.7 - 92.0 - 105.2 (29.9-37.9)
201702010310	芝	右	2000	晴	良	14:50	湯川特別 		2017-6-24	1	函館	3	3歳以上500万下	(混)(特指)(定量)	7	1490	7	7	340	7	1	200	2	5.0	320	5.0	1-5	2270.0	13.0	1-7	3110	10	1-7	1,060	9	5-7	1,880	27	1-5	1,000	8	7=>1	8150	36	1-5-7	10180	35	7=>1=>5	60350	210	12(2,9)(5,8)(6,14)(7,11)(1,13)(3,10)4	12,2,9(5,8)(6,14)(7,11)(1,13)(3,10)4	12(2,9,11,1)(5,8,14)(6,7,13)(3,10)4	(*12,9)1(5,8)(11,14)(6,7,13)(3,10)(2,4)	12.5 - 10.8 - 12.2 - 12.9 - 12.9 - 12.2 - 12.0 - 11.6 - 11.5 - 11.8	12.5 - 23.3 - 35.5 - 48.4 - 61.3 - 73.5 - 85.5 - 97.1 - 108.6 - 120.4 (35.5-34.9)
201702010311	ダ	右	1700	晴	良	15:25	大沼ステークス 		2017-6-24	1	函館	3	3歳以上オープン	(混)(特指)(別定)	8	240	1	8	130	1	3	850	11	6.0	250	5.0	3-5	1900.0	8.0	3-8	4930	18	3-8	1,860	19	6-8	460	2	3-6	4,270	48	8=>3	6770	27	3-6-8	12760	45	8=>3=>6	40860	136	3(10,14)8-(5,13)-(6,12)-2(1,11)-(7,9)4	3-10,14,8-(5,13)-(6,12)-(1,2)-11-(7,9,4)	3,10(5,8)(6,14,12,4)(7,13)(11,9,1,2)	3-8,10(5,6,12)4-(7,2)(11,13,1)9-14	6.8 - 10.5 - 11.1 - 11.7 - 12.5 - 12.8 - 12.5 - 12.6 - 12.3	6.8 - 17.3 - 28.4 - 40.1 - 52.6 - 65.4 - 77.9 - 90.5 - 102.8 (28.4-37.4)
201702010312	芝	右	1200	晴	良	16:05	長万部特別 		2017-6-24	1	函館	3	3歳以上500万下	(混)(特指)(定量)	4	340	2	4	120	2	2	290	6	1.0	110	1.0	2-4	3630.0	11.0	2-4	3990	11	2-4	920	12	1-4	160	1	1-2	770	9	4=>2	5570	17	1-2-4	2110	6	4=>2=>1	14040	46			2,4(1,8)(5,7,9)(3,6)	2(4,8)(1,5,9)7(3,6)	12.2 - 11.3 - 11.6 - 11.5 - 11.2 - 11.1	12.2 - 23.5 - 35.1 - 46.6 - 57.8 - 68.9 (35.1-33.8)
201702010406	芝	右	2000	晴	良	12:35	3歳未勝利		2017-6-25	1	函館	4	3歳未勝利	[指](馬齢)	5	560	3	5	150	2	7	110	1	3.0	150	3.0	5-6	380.0	1.0	5-7	650	2	5-7	240	1	3-5	400	4	3-7	250	2	5=>7	1490	5	3-5-7	820	1	5=>7=>3	4990	7	(*4,8,11)7,10-5-(2,9)(6,3)(1,12)	(*4,8)11,7,10,5-(2,9)(6,3,12)1	(*4,8)7(10,11,5)3,2(6,9,12)1	(4,*8,7,5)(10,3)(6,11)(2,12,1)9	12.5 - 10.7 - 11.7 - 12.1 - 12.3 - 12.3 - 12.4 - 12.3 - 11.8 - 12.2	12.5 - 23.2 - 34.9 - 47.0 - 59.3 - 71.6 - 84.0 - 96.3 - 108.1 - 120.3 (34.9-36.3)
201702010407	ダ	右	1700	晴	良	13:05	3歳以上500万下		2017-6-25	1	函館	4	3歳以上500万下	牝[指](定量)	4	990	4	4	290	5	12	140	1	10.0	240	4.0	3-7	820.0	2.0	4-12	1710	5	4-12	650	5	4-10	1,490	19	10-12	560	4	4=>12	3880	12	4-10-12	4790	12	4=>12=>10	26640	70	(*12,14)6(9,10)(4,8,13)(1,11)(2,5)7-3	12,14(6,10)9,13(4,8)(1,11)(2,5)(7,3)	(*12,14)10(6,5,3)13(4,9,11)8(7,2)1	12(14,10)(6,5)(4,3)(7,13,11)9(8,2)1	7.0 - 11.4 - 12.7 - 13.0 - 13.0 - 12.2 - 12.4 - 12.6 - 12.9	7.0 - 18.4 - 31.1 - 44.1 - 57.1 - 69.3 - 81.7 - 94.3 - 107.2 (31.1-37.9)
201702010408	芝	右	1200	晴	良	13:35	3歳以上500万下		2017-6-25	1	函館	4	3歳以上500万下	[指](定量)	3	2140	7	3	500	10	2	190	4	6.0	170	1.0	2-3	4750.0	20.0	2-3	3890	15	2-3	1,210	15	3-6	1,630	22	2-6	550	4	3=>2	9100	36	2-3-6	6790	23	3=>2=>6	53620	199			2(1,4,8)3(6,11,12)(7,10)(9,5)	(*2,8)(1,3)(4,6)(7,12)9,5(11,10)	12.1 - 10.4 - 11.0 - 11.4 - 11.6 - 12.1	12.1 - 22.5 - 33.5 - 44.9 - 56.5 - 68.6 (33.5-35.1)
201702010409	ダ	右	1700	晴	良	14:05	3歳以上500万下		2017-6-25	1	函館	4	3歳以上500万下	(混)(特指)(定量)	8	1130	5	8	310	5	5	500	9	6.0	360	6.0	5-6	960.0	3.0	5-8	8200	31	5-8	1,770	25	6-8	1,750	24	5-6	1,660	22	8=>5	20510	67	5-6-8	16360	60	8=>5=>6	164160	489	5(1,6)(3,8)(7,10)2(4,11)9-12	5(1,6,11)(3,8)(7,10)(2,4,9)-12	5,11(8,7)(6,9)(3,4)(1,2,10)-12	5-(8,7)(11,6,9)(3,4)(2,10)1-12	7.1 - 11.1 - 12.7 - 12.8 - 12.5 - 12.6 - 12.4 - 12.4 - 13.2	7.1 - 18.2 - 30.9 - 43.7 - 56.2 - 68.8 - 81.2 - 93.6 - 106.8 (30.9-38.0)
201702010410	芝	右	1800	曇	良	14:40	奥尻特別 		2017-6-25	1	函館	4	3歳以上500万下	(特指)(定量)	5	1090	6	5	390	7	4	1,160	9	8.0	330	6.0	4-5	8390.0	20.0	4-5	18870	39	4-5	3,920	37	5-8	1,380	21	4-8	4,050	39	5=>4	29980	67	4-5-8	43260	104	5=>4=>8	275500	589	(*2,5)-6,8(3,9)(1,4,10)12,7,11	(*2,5)6(3,8)(4,9)(1,10)12,7,11	(*2,5)(8,6)3(4,9,12)10,1(7,11)	(*2,5)(3,8)(4,6)(12,10)(1,9)11,7	12.4 - 11.5 - 12.4 - 12.6 - 12.2 - 11.8 - 11.5 - 11.4 - 11.7	12.4 - 23.9 - 36.3 - 48.9 - 61.1 - 72.9 - 84.4 - 95.8 - 107.5 (36.3-34.6)
201702010411	芝	右	1200	曇	良	15:20	UHB杯 		2017-6-25	1	函館	4	3歳以上1000万下	(混)[指](ハンデ)	9	4420	12	9	990	12	1	350	6	13.0	220	2.0	1-5	6250.0	22.0	1-9	28180	70	1-9	5,740	64	9-13	3,490	45	1-13	1,650	19	9=>1	51440	137	1-9-13	55130	180	9=>1=>13	426680	1218			9(1,10)(4,11)13(6,12)(3,8,7)(5,14)(2,15)	9,1(4,10,11)13,6(3,8)(12,7)(2,5,15,14)	11.9 - 10.5 - 11.2 - 11.5 - 11.4 - 11.9	11.9 - 22.4 - 33.6 - 45.1 - 56.5 - 68.4 (33.6-34.8)
201702010412	ダ	右	1700	曇	良	16:05	津軽海峡特別 		2017-6-25	1	函館	4	3歳以上1000万下	(混)(特指)(定量)	9	350	2	9	190	2	6	310	3	10.0	490	5.0	6-8	1330.0	5.0	6-9	1490	5	6-9	440	5	9-10	610	7	6-10	1,050	12	9=>6	2720	8	6-9-10	5150	16	9=>6=>10	19450	56	(*6,9)10(1,4,5)(8,7)2-3	6,9,10,1(4,5)8(2,7)-3	(*6,9)10(1,4,5)(2,8)7,3	(*6,9)-5,10,4(1,8)2,3-7	7.0 - 11.9 - 12.3 - 12.3 - 12.4 - 12.2 - 12.4 - 11.9 - 12.6	7.0 - 18.9 - 31.2 - 43.5 - 55.9 - 68.1 - 80.5 - 92.4 - 105.0 (31.2-36.9)
201702010506	芝	右	2000	曇	良	12:45	3歳未勝利		2017-7-1	1	函館	5	3歳未勝利	(混)[指](馬齢)	5	540	2	5	220	2	9	560	8	7.0	250	5.0	5-8	2150.0	7.0	5-9	7150	19	5-9	1,900	21	5-7	710	8	7-9	2,410	26	5=>9	13040	36	5-7-9	15740	43	5=>9=>7	99390	249	5,9(4,10)7,2(3,8)6,1	5-9(4,10)7(3,2)8(1,6)	5(9,10)(4,7,2)(3,8)1,6	(*5,9)10(4,7,2)8-(3,1)6	12.7 - 11.0 - 12.2 - 12.5 - 12.5 - 12.6 - 12.1 - 11.7 - 11.8 - 12.2	12.7 - 23.7 - 35.9 - 48.4 - 60.9 - 73.5 - 85.6 - 97.3 - 109.1 - 121.3 (35.9-35.7)
201702010507	ダ	右	1000	曇	良	13:15	3歳以上500万下		2017-7-1	1	函館	5	3歳以上500万下	[指](定量)	5	200	1	5	110	1	6	130	3	8.0	120	2.0				5-6	550	2	5-6	220	2	5-8	140	1	6-8	230	3	5=>6	990	3	5-6-8	320	1	5=>6=>8	2100	3			5,6-(7,1,8)-(2,4)-3	5,6-(1,8)7,2,4-3	12.3 - 10.8 - 11.4 - 11.6 - 12.2	12.3 - 23.1 - 34.5 - 46.1 - 58.3 (34.5-35.2)
201702010508	芝	右	1200	曇	良	13:45	3歳以上500万下		2017-7-1	1	函館	5	3歳以上500万下	(混)(特指)(定量)	8	900	5	8	230	6	1	200	4	2.0	170	3.0	1-6	2940.0	13.0	1-8	3010	13	1-8	870	13	2-8	590	10	1-2	440	4	8=>1	5410	26	1-2-8	3310	13	8=>1=>2	23740	94			(*6,8)(7,10)(9,12)(1,11)5,2(3,4)	(*6,8)(7,10)12(1,9,11)(5,2)(3,4)	12.1 - 10.8 - 11.1 - 11.5 - 11.4 - 12.0	12.1 - 22.9 - 34.0 - 45.5 - 56.9 - 68.9 (34.0-34.9)
201702010509	ダ	右	1700	曇	良	14:15	3歳以上500万下		2017-7-1	1	函館	5	3歳以上500万下	[指](定量)	2	990	5	2	220	5	1	200	4	14.0	350	6.0	1-2	2070.0	9.0	1-2	2570	12	1-2	780	9	2-14	1,970	20	1-14	1,670	18	2=>1	5080	22	1-2-14	14110	37	2=>1=>14	67150	189	2,14,13(6,8)10(4,1)12,7(9,11)=3-5	2,14,13(6,1,8)(4,10)7,12(9,11)=3-5	(*2,14)(1,13,8)(7,10)6,4,9,11-(3,12)5	(*2,14)(1,8)(13,7)(6,10)4,9(3,11)-5-12	7.1 - 11.1 - 12.5 - 13.2 - 12.7 - 12.3 - 12.4 - 12.0 - 12.3	7.1 - 18.2 - 30.7 - 43.9 - 56.6 - 68.9 - 81.3 - 93.3 - 105.6 (30.7-36.7)
201702010510	芝	右	1800	曇	良	14:50	恵山特別 		2017-7-1	1	函館	5	3歳以上500万下	(混)(特指)(定量)	6	370	1	6	170	1	10	260	5	4.0	330	8.0	4-6	1170.0	2.0	6-10	2030	6	6-10	790	6	4-6	980	9	4-10	2,810	43	6=>10	3330	8	4-6-10	11340	43	6=>10=>4	44530	130	7,12,8(2,11)5,6(1,4,14)(3,13)9,15,10	7-12(2,8)(5,11)(1,6)(4,14)(3,13)(15,9)10	(7,*12,13)(8,14)(2,6)(1,5,4,11)(3,15)9,10	(*12,13)(2,14)(8,6)(1,4)5(7,3,9)(15,10)11	12.2 - 11.0 - 11.2 - 11.6 - 12.0 - 12.5 - 12.1 - 11.8 - 11.7	12.2 - 23.2 - 34.4 - 46.0 - 58.0 - 70.5 - 82.6 - 94.4 - 106.1 (34.4-35.6)
201702010511	芝	右	1200	曇	良	15:25	TVh杯 		2017-7-1	1	函館	5	3歳以上1600万下	(混)[指](ハンデ)	10	3050	9	10	490	8	3	130	1	1.0	330	5.0	2-5	830.0	3.0	3-10	3240	11	3-10	1,140	11	1-10	3,500	37	1-3	610	4	10=>3	10640	32	1-3-10	7980	24	10=>3=>1	74120	214			(*2,3,4,13)(1,15)(11,14)(5,16)9(10,12)(7,8)6	(*2,3,4,13)(1,11,15)(5,9,14,16)(10,12)(6,8)7	12.2 - 10.6 - 11.4 - 11.3 - 11.1 - 11.5	12.2 - 22.8 - 34.2 - 45.5 - 56.6 - 68.1 (34.2-33.9)
201702010512	芝	右	2000	晴	良	16:05	洞爺湖特別 		2017-7-1	1	函館	5	3歳以上1000万下	(混)(特指)(定量)	10	340	2	10	130	1	2	130	2	4.0	200	5.0	2-8	550.0	1.0	2-10	530	1	2-10	260	2	4-10	480	7	2-4	490	8	10=>2	1120	1	2-4-10	1640	5	10=>2=>4	5520	14	2,5(6,10)9,4,8-3,1-7	2,5(6,10)9,4,8(3,1)-7	2,5(6,10)(4,9,8)(3,1)-7	2(6,5,10)(4,9,8,1)3,7	12.5 - 11.0 - 12.5 - 12.4 - 12.2 - 12.1 - 12.3 - 11.9 - 11.4 - 11.7	12.5 - 23.5 - 36.0 - 48.4 - 60.6 - 72.7 - 85.0 - 96.9 - 108.3 - 120.0 (36.0-35.0)
201702010606	ダ	右	1000	曇	良	12:45	3歳以上500万下		2017-7-2	1	函館	6	3歳以上500万下	(混)[指](定量)	2	990	6	2	290	6	10	150	1	1.0	1,280	11.0	2-7	2430.0	14.0	2-10	3110	14	2-10	950	8	1-2	6,800	53	1-10	5,530	49	2=>10	6070	30	1-2-10	57600	151	2=>10=>1	216070	774			(*8,10)(6,11)5(2,9)12,7,1,4-3	(8,*10)(6,11)(5,2)(7,9)12,1,4-3	12.2 - 11.0 - 11.6 - 11.9 - 12.2	12.2 - 23.2 - 34.8 - 46.7 - 58.9 (34.8-35.7)
201702010607	芝	右	2000	曇	良	13:10	3歳以上500万下		2017-7-2	1	函館	6	3歳以上500万下	牝[指](定量)	9	620	3	9	170	3	8	150	2	11.0	220	5.0	6-7	800.0	3.0	8-9	1060	4	8-9	340	3	9-11	730	9	8-11	620	7	9=>8	2460	8	8-9-11	3240	11	9=>8=>11	17090	52	1,11,4,5,2(7,8)9-(6,12)(3,10)	1-11,4,5(2,7,8)9-6,12,3,10	1,5,11,4,8(2,7,9)6(3,12)10	1,5,11(4,8)9(2,7,6)(10,12)-3	12.5 - 10.6 - 11.6 - 11.8 - 12.1 - 12.0 - 11.4 - 11.9 - 12.2 - 12.6	12.5 - 23.1 - 34.7 - 46.5 - 58.6 - 70.6 - 82.0 - 93.9 - 106.1 - 118.7 (34.7-36.7)
201702010608	ダ	右	1700	曇	良	13:40	3歳以上500万下		2017-7-2	1	函館	6	3歳以上500万下	[指](定量)	2	170	1	2	110	1	8	180	3	12.0	140	2.0	2-5	830.0	4.0	2-8	780	2	2-8	300	2	2-12	200	1	8-12	530	6	2=>8	1040	2	2-8-12	1020	1	2=>8=>12	3940	5	2,4,6,1,12(8,14)9,5,10(7,13)11-3	2,4(1,6)12,8(9,14)5,10(7,13)-11,3	(*2,12)(1,4,6,8)9,5,13,10,7,11-14,3	(*2,12)-8-(1,6)(9,5)(4,7,13)10-11-(14,3)	7.1 - 10.8 - 11.9 - 12.8 - 12.8 - 12.5 - 12.3 - 12.8 - 13.1	7.1 - 17.9 - 29.8 - 42.6 - 55.4 - 67.9 - 80.2 - 93.0 - 106.1 (29.8-38.2)
201702010609	芝	右	2600	曇	良	14:15	3歳以上500万下		2017-7-2	1	函館	6	3歳以上500万下	(特指)(定量)	13	490	3	13	150	2	9	140	1	11.0	150	3.0	6-8	780.0	4.0	9-13	820	1	9-13	310	1	11-13	410	4	9-11	380	2	13=>9	1690	3	9-11-13	1200	1	13=>9=>11	5900	4	7,10(3,4)(1,9)2,13(5,12)6,11 8	7,10(3,4)(1,9)2,13(6,5,12)11 8	7(10,4)(3,9)13(2,1,5)12(6,11) 8	(*10,9)4(3,13)7(2,5,12)(1,11)6 8	13.1 - 12.2 - 13.0 - 13.2 - 12.3 - 12.8 - 12.9 - 12.7 - 12.0 - 11.6 - 11.8 - 11.7 - 11.8	13.1 - 25.3 - 38.3 - 51.5 - 63.8 - 76.6 - 89.5 - 102.2 - 114.2 - 125.8 - 137.6 - 149.3 - 161.1 (38.3-35.3)
201702010610	ダ	右	1700	曇	良	14:50	檜山特別 		2017-7-2	1	函館	6	3歳以上1000万下	(混)[指](ハンデ)	5	510	3	5	210	3	7	590	9	1.0	450	7.0	5-6	2540.0	10.0	5-7	5690	16	5-7	2,090	24	1-5	1,780	19	1-7	5,130	39	5=>7	10190	34	1-5-7	37130	84	5=>7=>1	143630	350	7,8,2,5(4,3,11)-(10,9)=1-6	(*7,8)(2,11)5(4,3)-(10,9)=1-6	7(8,11)(2,5)(4,3)(10,9)-(6,1)	7,11(2,8,5)(4,3)(10,1)6,9	7.0 - 11.2 - 12.3 - 12.7 - 12.6 - 12.1 - 12.3 - 12.6 - 12.5	7.0 - 18.2 - 30.5 - 43.2 - 55.8 - 67.9 - 80.2 - 92.8 - 105.3 (30.5-37.4)
201702010611	芝	右	1800	曇	良	15:25	巴賞 		2017-7-2	1	函館	6	3歳以上オープン	(混)(指)(別定)	6	150	1	6	110	1	7	120	2	4.0	870	8.0				6-7	320	1	6-7	180	1	4-6	1,910	20	4-7	2,910	23	6=>7	420	1	4-6-7	7280	22	6=>7=>4	17000	52	8,2-3(1,6)4,7,5	8-2-3,6,1,4,7,5	8(2,3)(1,6)(4,7)-5	(*8,2)(1,3,6)(4,7)-5	12.2 - 11.1 - 11.9 - 12.0 - 12.1 - 12.6 - 11.8 - 11.3 - 11.5	12.2 - 23.3 - 35.2 - 47.2 - 59.3 - 71.9 - 83.7 - 95.0 - 106.5 (35.2-34.6)
201702010612	芝	右	1200	晴	良	16:05	道新スポーツ杯 		2017-7-2	1	函館	6	3歳以上1000万下	(混)(特指)(定量)	4	690	4	4	190	4	9	120	1	3.0	200	5.0	4-8	820.0	3.0	4-9	880	3	4-9	400	3	3-4	1,090	15	3-9	410	4	4=>9	2110	7	3-4-9	2610	9	4=>9=>3	13190	44			10(7,8)(1,4,9,6)(2,3)5	(10,7,*9,6)8(1,4,3)(2,5)	12.1 - 10.9 - 11.3 - 11.5 - 11.3 - 11.5	12.1 - 23.0 - 34.3 - 45.8 - 57.1 - 68.6 (34.3-34.3)
201702020107	芝	右	1800	晴	良	13:15	3歳未勝利		2017-7-8	2	函館	1	3歳未勝利	(混)[指](馬齢)	11	570	3	11	180	4	10	120	1	8.0	150	3.0	6-6	640.0	3.0	10-11	620	2	10-11	300	2	8-11	660	6	8-10	300	3	11=>10	1490	5	8-10-11	1350	3	11=>10=>8	6960	11	2,3,9(1,5,11)10(6,12)-14(4,8)13,7,15	2,3(1,9)(5,11)(6,10)12,14(4,8)-13,7,15	(*2,3)(9,11,8)1(5,10)(6,12)(14,7)(15,4)=13	(3,*11,8)2,10(12,7)(1,5,9)14(15,6,4)=13	12.2 - 11.3 - 12.2 - 12.1 - 12.0 - 12.1 - 11.9 - 11.6 - 11.6	12.2 - 23.5 - 35.7 - 47.8 - 59.8 - 71.9 - 83.8 - 95.4 - 107.0 (35.7-35.1)
201702020108	芝	右	1200	晴	良	13:45	3歳以上500万下		2017-7-8	2	函館	1	3歳以上500万下	牝[指](定量)	12	620	3	12	210	3	13	330	5	5.0	280	4.0	7-8	2220.0	11.0	12-13	3370	12	12-13	1,180	13	5-12	1,450	19	5-13	2,000	25	12=>13	6510	22	5-12-13	12200	45	12=>13=>5	66690	230			(*7,11)13(1,8,3,10)(6,9,12)5-(4,2,14)	(*7,11)13(1,8)(3,10)(6,9,12)5-(2,14)-4	12.3 - 10.7 - 11.4 - 11.5 - 11.3 - 11.6	12.3 - 23.0 - 34.4 - 45.9 - 57.2 - 68.8 (34.4-34.4)
201702020109	ダ	右	1700	晴	良	14:15	3歳以上500万下		2017-7-8	2	函館	1	3歳以上500万下	[指](定量)	8	940	5	8	310	6	4	260	4	12.0	450	7.0	3-5	3870.0	17.0	4-8	3510	13	4-8	1,280	17	8-12	1,960	28	4-12	1,900	27	8=>4	7400	33	4-8-12	13060	49	8=>4=>12	82710	295	(*4,6,14)12(8,9)3,13(2,7)5-(10,11)-1	4,6,14(8,9)(3,12)-13(2,7,5)-(10,11)-1	4,6(8,14)12(3,9)(2,13)5(10,7,11)1	4,6,8,14(3,12)(2,13,5)(10,9,7,11)1	7.0 - 11.0 - 11.5 - 12.0 - 13.0 - 12.7 - 13.1 - 13.1 - 13.0	7.0 - 18.0 - 29.5 - 41.5 - 54.5 - 67.2 - 80.3 - 93.4 - 106.4 (29.5-39.2)
201702020110	芝	右	1800	晴	良	14:50	八雲特別 		2017-7-8	2	函館	1	3歳以上500万下	(混)(特指)(定量)	11	610	4	11	150	2	5	130	1	8.0	170	4.0	5-8	620.0	2.0	5-11	690	1	5-11	280	1	8-11	620	6	5-8	390	3	11=>5	1610	2	5-8-11	1510	2	11=>5=>8	8040	9	1,2(5,9,11)(8,10)(3,6,7)(4,12)	11,1,2(5,9)8,10(3,6,7)4,12	11-1(5,2,9)(8,10)(3,6,7)(4,12)	11-(5,1)(2,9)(8,10,7)(3,6)(4,12)	12.6 - 12.1 - 12.1 - 11.7 - 11.7 - 11.8 - 11.9 - 11.6 - 12.2	12.6 - 24.7 - 36.8 - 48.5 - 60.2 - 72.0 - 83.9 - 95.5 - 107.7 (36.8-35.7)
201702020111	芝	右	2000	晴	良	15:25	五稜郭ステークス 		2017-7-8	2	函館	1	3歳以上1600万下	(混)(特指)(定量)	7	410	3	7	170	3	2	140	1							2-7	480	2	2-7	200	1	3-7	410	8	2-3	320	5	7=>2	1110	5	2-3-7	1020	5	7=>2=>3	4810	20	2,6,1,3,5-(4,7)	2,6(1,3)5-4,7	(*2,6)5(1,3)(4,7)	2,5(3,6)7-(1,4)	13.2 - 11.4 - 11.9 - 12.0 - 11.7 - 11.7 - 11.6 - 11.7 - 11.7 - 11.9	13.2 - 24.6 - 36.5 - 48.5 - 60.2 - 71.9 - 83.5 - 95.2 - 106.9 - 118.8 (36.5-35.3)
201702020112	ダ	右	1000	晴	良	16:05	噴火湾特別 		2017-7-8	2	函館	1	3歳以上1000万下	(混)[指](定量)	10	370	2	10	130	2	11	170	4	1.0	120	1.0	8-8	1470.0	6.0	10-11	1470	5	10-11	430	5	1-10	230	1	1-11	330	2	10=>11	2320	7	1-10-11	940	1	10=>11=>1	5870	9			10,11,9,1,2(3,5)6,4,7-8	10,11,9,1-(3,2)(4,5,6)7-8	12.0 - 10.7 - 11.4 - 11.7 - 12.0	12.0 - 22.7 - 34.1 - 45.8 - 57.8 (34.1-35.1)
201702020206	芝	右	1200	晴	良	12:40	3歳未勝利		2017-7-9	2	函館	2	3歳未勝利	[指](馬齢)	12	400	1	12	150	1	5	380	7	6.0	240	4.0	3-6	1020.0	3.0	5-12	3180	12	5-12	1,150	10	6-12	660	4	5-6	1,260	14	12=>5	6210	22	5-6-12	7150	18	12=>5=>6	41490	101			(*6,5,14)(1,15)(9,8,16)13,10(3,4)12,7,11,2	(*6,5,14)(1,15)(9,8)(13,16)10(4,12)(3,7)11,2	12.0 - 10.9 - 11.3 - 11.6 - 11.6 - 12.2	12.0 - 22.9 - 34.2 - 45.8 - 57.4 - 69.6 (34.2-35.4)
201702020207	ダ	右	1000	晴	良	13:10	3歳以上500万下		2017-7-9	2	函館	2	3歳以上500万下	[指](定量)	5	290	1	5	160	1	9	300	6	10.0	180	4.0	5-7	750.0	2.0	5-9	1900	9	5-9	660	9	5-10	410	3	9-10	940	13	5=>9	2790	10	5-9-10	3020	11	5=>9=>10	12140	33			5,10(2,3,12)9,8,4(1,6)-11,7	5,10,2(3,12,9)4,1(8,6)-7,11	12.3 - 10.7 - 11.6 - 11.8 - 12.6	12.3 - 23.0 - 34.6 - 46.4 - 59.0 (34.6-36.0)
201702020208	ダ	右	1700	晴	良	13:40	3歳以上500万下		2017-7-9	2	函館	2	3歳以上500万下	(混)[指](定量)	6	250	1	6	110	1	2	200	5	9.0	160	2.0	2-6	900.0	4.0	2-6	1000	4	2-6	410	4	6-9	310	3	2-9	610	7	6=>2	1750	6	2-6-9	1700	4	6=>2=>9	8010	16	(*5,10)-9-(3,4)(2,8)7,1,6,11	5,10,9(3,4)2,8,7(1,6)-11	(9,*2)(5,10)(3,7,6)-(4,8,11)1	(*9,2)6-11(5,10,7)3,8(1,4)	7.1 - 10.8 - 11.4 - 12.4 - 12.7 - 12.3 - 12.6 - 12.7 - 13.0	7.1 - 17.9 - 29.3 - 41.7 - 54.4 - 66.7 - 79.3 - 92.0 - 105.0 (29.3-38.3)
201702020209	芝	右	2000	晴	良	14:15	3歳以上500万下		2017-7-9	2	函館	2	3歳以上500万下	[指](定量)	10	460	3	10	170	3	6	170	4	8.0	160	1.0	5-7	1200.0	5.0	6-10	1460	7	6-10	530	6	8-10	390	4	6-8	370	1	10=>6	2810	14	6-8-10	1830	4	10=>6=>8	11150	25	4(6,12)-(1,5,8)(2,9)10(7,3)11	4(6,12)(1,5,8)(2,9)10(7,3)11	(*4,6)(1,5,12,8,11)(2,9,10)(7,3)	6(4,8)(1,11)(5,10)(2,9,3)(7,12)	12.5 - 10.9 - 12.1 - 12.4 - 12.5 - 11.8 - 11.9 - 12.0 - 11.7 - 12.0	12.5 - 23.4 - 35.5 - 47.9 - 60.4 - 72.2 - 84.1 - 96.1 - 107.8 - 119.8 (35.5-35.7)
201702020210	芝	右	1200	曇	良	14:50	立待岬特別 		2017-7-9	2	函館	2	3歳以上500万下	(混)(特指)(定量)	9	1720	6	9	310	5	3	170	2	2.0	440	7.0	3-6	1520.0	7.0	3-9	2720	8	3-9	750	4	2-9	2,680	34	2-3	1,200	10	9=>3	6830	22	2-3-9	12600	38	9=>3=>2	81610	255			(*12,9)10,2(8,5)(4,14)(6,13)(3,7)11,1	(12,*9)10,2,5,4,14(3,8)6,7(1,11,13)	12.0 - 10.7 - 11.1 - 11.4 - 11.2 - 12.1	12.0 - 22.7 - 33.8 - 45.2 - 56.4 - 68.5 (33.8-34.7)
201702020211	ダ	右	1700	曇	良	15:25	マリーンステークス 		2017-7-9	2	函館	2	3歳以上オープン	(混)(特指)(ハンデ)	11	150	1	11	110	1	7	320	5	12.0	1,050	13.0	5-7	440.0	2.0	7-11	1040	4	7-11	510	4	11-12	2,040	22	7-12	7,990	60	11=>7	1270	4	7-11-12	15490	49	11=>7=>12	40590	127	11(2,12)14(10,13)-3,7,1(5,9)8(4,6)	11,12(2,14)(10,13)-3,7(1,9)5,6(4,8)	11,12(10,14)13(3,6)7(1,5,9)2(4,8)	11(10,12)14(3,7,6)13(1,5,9)(4,8)-2	7.0 - 10.6 - 11.8 - 12.2 - 12.0 - 12.1 - 12.3 - 12.3 - 12.6	7.0 - 17.6 - 29.4 - 41.6 - 53.6 - 65.7 - 78.0 - 90.3 - 102.9 (29.4-37.2)
201702020212	芝	右	1800	曇	良	16:05	かもめ島特別 		2017-7-9	2	函館	2	3歳以上1000万下	牝(特指)(定量)	5	290	1	5	130	1	8	150	4	1.0	190	6.0				5-8	780	2	5-8	300	2	1-5	500	10	1-8	700	14	5=>8	1250	2	1-5-8	1940	10	5=>8=>1	7680	23	2,5(1,8)7-(3,6)-4	(*2,5)(1,8)7-(3,6)4	(*2,5)4(1,8)7(3,6)	(*2,5)(1,4,8)-(7,6)3	12.9 - 12.0 - 12.3 - 12.4 - 12.4 - 12.0 - 11.5 - 11.4 - 11.4	12.9 - 24.9 - 37.2 - 49.6 - 62.0 - 74.0 - 85.5 - 96.9 - 108.3 (37.2-34.3)
201702020306	芝	右	2600	晴	良	12:45	3歳未勝利		2017-7-15	2	函館	3	3歳未勝利	(混)[指](馬齢)	6	470	2	6	200	2	5	310	5	8.0	1,960	12.0	3-3	1500.0	6.0	5-6	1390	4	5-6	610	5	6-8	5,740	47	5-8	8,370	60	6=>5	2510	7	5-6-8	30800	86	6=>5=>8	120170	351	12,6,11,5(14,9,13)8(3,10,15)-2,4,1,16-7	12,6(11,9)(5,13)(14,10)(8,3,15)(1,2)4(16,7)	(*6,7)(12,9,15)(11,5)(14,2)(8,3)10,16,1(13,4)	6(12,7,5)(11,2,9,15)(8,14)3-(16,10)-1-4,13	12.8 - 10.9 - 11.9 - 12.0 - 12.8 - 13.1 - 13.4 - 13.1 - 12.3 - 12.0 - 12.3 - 12.1 - 12.5	12.8 - 23.7 - 35.6 - 47.6 - 60.4 - 73.5 - 86.9 - 100.0 - 112.3 - 124.3 - 136.6 - 148.7 - 161.2 (35.6-36.9)
201702020307	ダ	右	2400	晴	良	13:15	3歳以上500万下		2017-7-15	2	函館	3	3歳以上500万下	(特指)(定量)	3	380	1	3	150	1	8	330	7	4.0	180	3.0	3-6	2620.0	13.0	3-8	2390	10	3-8	970	13	3-4	460	2	4-8	1,020	14	3=>8	4270	18	3-4-8	4780	17	3=>8=>4	28280	103	3,5,12(8,6)(2,10,7)-(4,9)11,1	(*3,5)12(8,6)(2,7)10(4,9)(11,1)	3,5(8,12)6(4,9)2-(11,1)-7,10	3(8,5)(4,6,9)(2,12)-11,1-7,10	13.3 - 11.8 - 12.8 - 12.9 - 12.5 - 13.2 - 13.2 - 12.8 - 12.5 - 13.0 - 13.1 - 13.2	13.3 - 25.1 - 37.9 - 50.8 - 63.3 - 76.5 - 89.7 - 102.5 - 115.0 - 128.0 - 141.1 - 154.3 (37.9-39.3)
201702020308	芝	右	1200	晴	良	13:45	3歳以上500万下		2017-7-15	2	函館	3	3歳以上500万下	[指](定量)	3	580	4	3	210	3	7	210	4	1.0	280	6.0	3-7	720.0	2.0	3-7	1490	6	3-7	580	6	1-3	850	15	1-7	870	16	3=>7	3080	13	1-3-7	5350	24	3=>7=>1	30160	138			1,7,10,3,8(2,9)(4,5)6	(*1,7)(3,10)8(2,9)(4,5)6	12.4 - 11.3 - 11.3 - 11.4 - 11.1 - 11.7	12.4 - 23.7 - 35.0 - 46.4 - 57.5 - 69.2 (35.0-34.2)
201702020309	ダ	右	1700	晴	良	14:15	3歳以上500万下		2017-7-15	2	函館	3	3歳以上500万下	牝[指](定量)	7	3280	9	7	720	11	12	350	4	11.0	640	6.0	6-8	2510.0	9.0	7-12	12380	35	7-12	3,140	37	7-11	4,610	40	11-12	2,100	25	7=>12	24130	69	7-11-12	33480	92	7=>12=>11	418350	822	6(11,2,10)(7,5)(1,8)12(3,9)=4	6,11,2(7,8,5,10)1,12(3,9)=4	(*6,11,2)(7,8)-(12,5)(1,10,9)-3,4	(*6,11)2,7(8,12)9,1,5(3,4)-10	7.0 - 11.0 - 12.0 - 12.7 - 12.7 - 12.3 - 12.5 - 12.8 - 13.0	7.0 - 18.0 - 30.0 - 42.7 - 55.4 - 67.7 - 80.2 - 93.0 - 106.0 (30.0-38.3)
201702020310	芝	右	2000	晴	良	14:50	臥牛山特別 		2017-7-15	2	函館	3	3歳以上500万下	(混)(特指)(定量)	3	790	5	3	260	5	5	570	6	6.0	160	2.0				3-5	9800	19	3-5	1,850	17	3-6	470	6	5-6	1,040	11	3=>5	14230	30	3-5-6	7080	19	3=>5=>6	77640	150	1-5-(3,8)-(4,6)7-2	1-5,3,8-6(4,7)-2	1-5,3,8,6(2,4)7	1-5-3,8(2,6)(7,4)	12.5 - 11.3 - 12.1 - 12.1 - 12.2 - 12.3 - 12.2 - 12.0 - 12.0 - 11.9	12.5 - 23.8 - 35.9 - 48.0 - 60.2 - 72.5 - 84.7 - 96.7 - 108.7 - 120.6 (35.9-35.9)
201702020311	芝	右	1200	曇	良	15:25	STV杯 		2017-7-15	2	函館	3	3歳以上1000万下	(混)(特指)(定量)	7	930	4	7	330	5	9	350	6	6.0	690	8.0	5-6	3370.0	11.0	7-9	6310	23	7-9	1,840	23	6-7	3,660	40	6-9	3,400	37	7=>9	11840	43	6-7-9	39920	111	7=>9=>6	186940	511			10(7,9,13)(8,3)2(1,11)(4,12)(5,6)	10,9,7(2,8,13,3)(1,11)(4,12)(5,6)	12.2 - 10.8 - 11.4 - 11.5 - 11.1 - 11.7	12.2 - 23.0 - 34.4 - 45.9 - 57.0 - 68.7 (34.4-34.3)
201702020312	芝	右	1800	曇	良	16:05	湯浜特別 		2017-7-15	2	函館	3	3歳以上500万下	[指](定量)	1	1730	6	1	300	6	3	180	2	2.0	200	3.0	1-3	4030.0	15.0	1-3	3050	12	1-3	840	12	1-2	880	13	2-3	420	6	1=>3	7710	28	1-2-3	4060	13	1=>3=>2	39070	137	2,4(1,5,7)3-(6,8)10,9,11	2,4(1,5)3,7(6,8)(9,10)11	11-(2,4)(1,3,7)(6,8)(5,10)9	11(2,4)1(3,7)6,8,9,10-5	12.8 - 12.0 - 12.5 - 12.7 - 12.0 - 11.9 - 11.8 - 11.4 - 11.6	12.8 - 24.8 - 37.3 - 50.0 - 62.0 - 73.9 - 85.7 - 97.1 - 108.7 (37.3-34.8)
201702020406	芝	右	2000	小雨	良	12:40	3歳未勝利		2017-7-16	2	函館	4	3歳未勝利	[指](馬齢)	9	710	3	9	290	3	3	440	5	8.0	720	8.0	2-5	1370.0	4.0	3-9	5820	19	3-9	2,230	23	8-9	3,190	39	3-8	5,700	68	9=>3	12270	39	3-8-9	51400	168	9=>3=>8	271230	831	(*13,12)-(8,16)10(7,15)9(1,11)(4,2,14)5,6,3	13,12-(8,16)-10(7,15)(9,11)(1,2)(4,14)5,6,3	(*13,16)(8,11)(12,15,3)7(9,14)(10,6,2)1(5,4)	13,8(16,3)(11,9)(12,15)7(10,6)14(1,5,2)4	12.7 - 10.9 - 11.8 - 12.2 - 12.9 - 12.8 - 11.9 - 12.5 - 12.5 - 12.8	12.7 - 23.6 - 35.4 - 47.6 - 60.5 - 73.3 - 85.2 - 97.7 - 110.2 - 123.0 (35.4-37.8)
201702020407	ダ	右	1000	雨	稍重	13:10	3歳以上500万下		2017-7-16	2	函館	4	3歳以上500万下	(混)[指](定量)	5	2190	8	5	490	7	4	160	1	8.0	560	8.0	4-5	1460.0	7.0	4-5	3860	15	4-5	1,320	16	5-8	4,670	42	4-8	1,140	12	5=>4	10600	40	4-5-8	20170	67	5=>4=>8	139790	404			(11,*9)(4,5)12(3,8)(2,10)6(7,1)	(*11,9)(4,5)12(3,8)(2,6)10(7,1)	12.3 - 11.0 - 11.4 - 12.1 - 12.3	12.3 - 23.3 - 34.7 - 46.8 - 59.1 (34.7-35.8)
201702020408	ダ	右	1700	雨	重	13:40	3歳以上500万下		2017-7-16	2	函館	4	3歳以上500万下	[指](定量)	9	210	1	9	120	1	1	230	5	2.0	150	2.0	1-7	830.0	3.0	1-9	1040	4	1-9	470	5	2-9	320	2	1-2	670	8	9=>1	1720	6	1-2-9	1980	4	9=>1=>2	7400	12	1-2(4,6)-(7,5)(3,10)(9,12)(8,11)	1-2(4,6)(7,5)(3,10)9,12(11,8)	1-2,6,4,9,7,5,11(3,10)12=8	1,2(4,6,9)7-(3,5,11)-12,10=8	7.0 - 10.8 - 11.9 - 12.3 - 12.1 - 11.6 - 11.9 - 12.3 - 12.4	7.0 - 17.8 - 29.7 - 42.0 - 54.1 - 65.7 - 77.6 - 89.9 - 102.3 (29.7-36.6)
201702020409	芝	右	1200	雨	重	14:15	下北半島特別 		2017-7-16	2	函館	4	3歳以上500万下	(混)(特指)(定量)	6	450	4	6	180	1	7	750	5							6-7	6530	17	6-7	1,610	17	5-6	240	2	5-7	800	7	6=>7	9040	24	5-6-7	3920	16	6=>7=>5	36410	98			(*7,6)(3,5)4,2,1	(*7,6)(3,5)(4,2)1	12.3 - 11.3 - 11.9 - 12.2 - 11.7 - 11.9	12.3 - 23.6 - 35.5 - 47.7 - 59.4 - 71.3 (35.5-35.8)
201702020410	ダ	右	1700	雨	不良	14:50	渡島特別 		2017-7-16	2	函館	4	3歳以上1000万下	(混)(特指)(定量)	12	4150	12	12	700	12	8	590	9	13.0	150	1.0	6-8	590.0	3.0	8-12	26010	58	8-12	4,040	44	12-13	1,320	15	8-13	1,140	12	12=>8	50640	112	8-12-13	17010	57	12=>8=>13	209560	541	6,13(3,11)9(1,7)2,4(12,5)-8-10	6,13(3,11)(1,9)(7,2)(4,5)12-8=10	(*6,13)(1,11)3(4,9,2)12,7,5,8=10	(6,*13)1,11(12,4)3(8,9)(7,5,2)-10	7.1 - 11.0 - 12.0 - 12.2 - 12.0 - 12.0 - 12.4 - 12.6 - 12.5	7.1 - 18.1 - 30.1 - 42.3 - 54.3 - 66.3 - 78.7 - 91.3 - 103.8 (30.1-37.5)
201702020411	芝	右	2000	曇	重	15:25	函館記念	G3	2017-7-16	2	函館	4	3歳以上オープン	(国際)(特指)(ハンデ)	12	900	5	12	330	6	14	1,530	15	15.0	670	12.0	6-7	7030.0	25.0	12-14	35130	85	12-14	9,560	88	12-15	3,810	54	14-15	10,500	89	12=>14	53160	139	12-14-15	152330	326	12=>14=>15	915320	1848	15,13(14,7)10(4,6,11)12(1,9)16(3,2)5,8	15,13(14,7)(4,6,10)(1,12)11,9(3,2,16)(8,5)	(*15,13,7)14(6,10)(4,12)(1,11)9(3,2)16,8,5	(*15,7)(14,13,6,12)4(1,11,10)(3,2,9)(8,16)5	12.5 - 11.1 - 12.0 - 12.4 - 12.6 - 12.3 - 12.1 - 12.2 - 11.8 - 12.2	12.5 - 23.6 - 35.6 - 48.0 - 60.6 - 72.9 - 85.0 - 97.2 - 109.0 - 121.2 (35.6-36.2)
201702020412	芝	右	2600	曇	重	16:05	北海ハンデキャップ 		2017-7-16	2	函館	4	3歳以上1000万下	(混)[指](ハンデ)	2	1630	6	2	380	7	5	160	2	7.0	280	4.0	2-5	2590.0	11.0	2-5	3890	15	2-5	1,100	13	2-7	2,460	29	5-7	770	7	2=>5	11190	41	2-5-7	10910	37	2=>5=>7	74020	250	3,8,4,1(5,12,6)(2,10)(7,11)-9	3,8,4(1,6,11)5,12(2,10)7,9	(*3,11)9(8,6,1,7)(4,5)(2,10)12	(*3,11)(9,7)-1,5(2,10)-6(8,4)-12	13.2 - 12.0 - 12.4 - 12.0 - 12.7 - 12.7 - 12.8 - 12.3 - 12.0 - 12.5 - 12.5 - 12.7 - 12.4	13.2 - 25.2 - 37.6 - 49.6 - 62.3 - 75.0 - 87.8 - 100.1 - 112.1 - 124.6 - 137.1 - 149.8 - 162.2 (37.6-37.6)
201702020502	ダ	右	1700	曇	不良	10:25	3歳未勝利		2017-7-22	2	函館	5	3歳未勝利	牝[指](馬齢)	6	180	1	6	110	1	10	150	2	5.0	280	6.0	6-8	320.0	1.0	6-10	430	1	6-10	220	1	5-6	430	5	5-10	1,010	13	6=>10	650	2	5-6-10	1580	3	6=>10=>5	4180	4	5,10(3,11)6(1,9)(7,8)4-2	5,10(3,11)6,1(7,9)8,4,2	(*5,10)6(3,11)(1,7,8)-2,4=9	(*5,10)6(3,7)1(11,8)2-4=9	6.9 - 10.7 - 11.8 - 12.4 - 12.7 - 12.6 - 12.6 - 12.4 - 12.7	6.9 - 17.6 - 29.4 - 41.8 - 54.5 - 67.1 - 79.7 - 92.1 - 104.8 (29.4-37.7)
201702020503	ダ	右	1000	曇	不良	10:55	3歳未勝利		2017-7-22	2	函館	5	3歳未勝利	(混)[指](馬齢)	6	840	3	6	230	4	11	150	2	8.0	190	3.0	5-8	340.0	1.0	6-11	1440	6	6-11	450	3	6-8	1,090	14	8-11	530	6	6=>11	2410	8	6-8-11	3540	8	6=>11=>8	19420	58			(*1,2,6)8(12,10)(11,9)-(3,4)-7-5	(*1,2,6)8,12(11,10)9,3,4-7,5	12.3 - 10.7 - 11.3 - 12.0 - 12.2	12.3 - 23.0 - 34.3 - 46.3 - 58.5 (34.3-35.5)
201702020504	ダ	右	1700	曇	不良	11:25	3歳未勝利		2017-7-22	2	函館	5	3歳未勝利	[指](馬齢)	6	370	2	6	130	2	8	120	1	5.0	460	9.0	5-6	350.0	1.0	6-8	420	1	6-8	190	1	5-6	1,200	14	5-8	960	13	6=>8	970	2	5-6-8	2500	7	6=>8=>5	10590	22	11(8,9)5(6,12)4,10(2,7)3-1	11,8,9,5,6(4,12)(2,10,7)3-1	(*11,8)6(5,9)(2,4)(10,12)3(1,7)	(*11,8,6)5-(2,9,4)10(1,12)3,7	7.2 - 10.9 - 11.6 - 12.4 - 12.5 - 12.6 - 12.4 - 12.4 - 12.2	7.2 - 18.1 - 29.7 - 42.1 - 54.6 - 67.2 - 79.6 - 92.0 - 104.2 (29.7-37.0)
201702020505	芝	右	1200	曇	稍重	12:15	3歳未勝利		2017-7-22	2	函館	5	3歳未勝利	(混)[指](馬齢)	6	1330	6	6	260	6	4	120	1	13.0	160	2.0	2-3	1460.0	4.0	4-6	1630	4	4-6	560	3	6-13	1,060	14	4-13	330	1	6=>4	4320	17	4-6-13	2900	5	6=>4=>13	22030	53			6,7,13,1(4,14)(2,10)(9,15)(8,5)3-16,11=12	6,7,13,1(4,14)(2,10)-(9,8,15)(5,11)(3,16)=12	12.2 - 10.7 - 11.3 - 11.6 - 11.5 - 12.0	12.2 - 22.9 - 34.2 - 45.8 - 57.3 - 69.3 (34.2-35.1)
201702020506	芝	右	1800	曇	稍重	12:45	3歳未勝利		2017-7-22	2	函館	5	3歳未勝利	[指](馬齢)	10	160	1	10	110	1	3	2,130	11	5.0	2,030	10.0	3-6	4360.0	12.0	3-10	10360	22	3-10	3,940	32	5-10	4,210	33	3-5	46,690	82	10=>3	11620	24	3-5-10	183700	151	10=>3=>5	482410	555	(*1,12)2,9,13(6,10)-(5,14)4,8-7,3=11	1,12(2,9)(6,13)10(4,5,14)-8(3,7)-11	(*1,12)9(2,6,13)(4,5,10)8(3,14,7)-11	1(12,9)(2,6,13,10)(4,5)(3,8)(14,7)-11	12.4 - 11.5 - 12.5 - 12.6 - 12.8 - 12.6 - 12.1 - 11.7 - 12.0	12.4 - 23.9 - 36.4 - 49.0 - 61.8 - 74.4 - 86.5 - 98.2 - 110.2 (36.4-35.8)
201702020507	芝	右	1200	曇	稍重	13:15	3歳以上500万下		2017-7-22	2	函館	5	3歳以上500万下	(混)[指](定量)	1	570	3	1	220	4	4	200	3	12.0	520	8.0	1-2	750.0	1.0	1-4	1200	1	1-4	560	2	1-12	1,500	19	4-12	1,710	23	1=>4	2580	2	1-4-12	8120	25	1=>4=>12	36330	96			(*11,12)15(4,9,14)(1,5)(2,8,10)13(7,16)6,3	(11,*12)(4,9,15,14)(1,5,10)2(8,7)-(16,13,6)-3	12.1 - 10.6 - 11.3 - 11.6 - 11.7 - 12.1	12.1 - 22.7 - 34.0 - 45.6 - 57.3 - 69.4 (34.0-35.4)
201702020508	ダ	右	1000	曇	重	13:45	3歳以上500万下		2017-7-22	2	函館	5	3歳以上500万下	[指](定量)	8	600	3	8	150	4	6	120	1	3.0	120	2.0	6-7	950.0	4.0	6-8	1150	4	6-8	340	5	3-8	330	4	3-6	160	1	8=>6	2640	11	3-6-8	880	2	8=>6=>3	9780	29			(*3,4)6(7,9)(5,8)(1,2,10)11	(*3,4)6(8,7,9)5(1,2,10)11	12.6 - 10.8 - 11.3 - 11.5 - 11.8	12.6 - 23.4 - 34.7 - 46.2 - 58.0 (34.7-34.6)
201702020509	芝	右	2000	曇	稍重	14:15	3歳以上500万下		2017-7-22	2	函館	5	3歳以上500万下	牝[指](定量)	10	450	3	10	190	3	13	170	2	1.0	360	8.0	7-8	360.0	1.0	10-13	850	3	10-13	380	3	1-10	1,230	18	1-13	1,140	17	10=>13	1670	4	1-10-13	3710	13	10=>13=>1	16720	52	13-10,7(2,6,11)1,12(3,5)(4,9)-8	13-10,7(2,6,11)(1,12)-(3,5)9,4-8	13-10(2,7)6(1,11)12,3,5,4,9-8	13-10-2(6,7)(1,11)-12(3,5)4-9,8	12.9 - 11.6 - 12.3 - 12.3 - 11.8 - 11.9 - 12.2 - 11.6 - 11.6 - 12.3	12.9 - 24.5 - 36.8 - 49.1 - 60.9 - 72.8 - 85.0 - 96.6 - 108.2 - 120.5 (36.8-35.5)
201702020510	芝	右	2600	曇	稍重	14:50	横津岳特別 		2017-7-22	2	函館	5	3歳以上500万下	(混)(特指)(定量)	10	300	1	10	170	2	4	260	4	2.0	740	9.0	4-8	1600.0	6.0	4-10	1660	5	4-10	690	8	2-10	2,120	23	2-4	2,990	31	10=>4	2760	9	2-4-10	14010	48	10=>4=>2	49000	165	(*4,11)(1,6)8,2(3,10)7,9-5	(*4,11)(1,6)8(2,10)3(7,9)-5	4(1,11,6)(10,9)2(8,3,5)7	4(1,6,9)(2,10,5)(7,3)11,8	13.0 - 12.3 - 13.0 - 12.0 - 11.9 - 12.7 - 13.0 - 12.7 - 12.5 - 12.4 - 12.1 - 11.9 - 12.2	13.0 - 25.3 - 38.3 - 50.3 - 62.2 - 74.9 - 87.9 - 100.6 - 113.1 - 125.5 - 137.6 - 149.5 - 161.7 (38.3-36.2)
201702020511	芝	右	1200	曇	稍重	15:25	函館日刊スポーツ杯 		2017-7-22	2	函館	5	3歳以上1600万下	(混)(特指)(定量)	1	1230	6	1	360	8	12	620	10	7.0	140	1.0	1-7	4330.0	18.0	1-12	15490	43	1-12	3,970	44	1-7	720	7	7-12	1,570	18	1=>12	32800	93	1-7-12	12850	41	1=>12=>7	125160	400			5,11-3,6(1,10,14)7(2,15)13(4,12)9-8	5(11,6)(3,1,10)(2,7,14)(13,15,12)4,9,8	11.9 - 10.5 - 11.1 - 11.9 - 11.7 - 12.1	11.9 - 22.4 - 33.5 - 45.4 - 57.1 - 69.2 (33.5-35.7)
201702020512	ダ	右	1700	曇	重	16:05	駒場特別 		2017-7-22	2	函館	5	3歳以上1000万下	(混)[指](定量)	5	200	1	5	120	1	9	140	2	10.0	170	4.0	5-7	400.0	1.0	5-9	590	1	5-9	270	2	5-10	350	3	9-10	510	7	5=>9	880	1	5-9-10	1400	3	5=>9=>10	4060	4	(*4,5)9(6,8)10(3,7)11,2-1	4,5(6,8,9)-(3,10)(7,11)2,1	(*4,5)9(6,8,10)(3,7,11,1)2	(*4,5)9,10(8,1)(6,3,7)11,2	7.0 - 10.9 - 11.8 - 12.2 - 12.0 - 12.1 - 12.2 - 12.1 - 12.3	7.0 - 17.9 - 29.7 - 41.9 - 53.9 - 66.0 - 78.2 - 90.3 - 102.6 (29.7-36.6)
201702020612	芝	右	1200	晴	良	16:05	潮騒特別 		2017-7-23	2	函館	6	3歳以上1000万下	(混)[指](ハンデ)	12	1580	8	12	490	9	7	300	4	2	380	8	4-6	3280	21	7-12	6840	33	7-12	1,930	27	2-12	3,070	42	2-7	2,100	34	12=>7	16090	72	2-7-12	26250	99	12=>7=>2	166180	634			(*7,12)(3,8)16,1(6,13)(2,10,4)5(15,14)9-11	(*7,12)-(3,8)16(1,13)(2,6,4)(10,5)(15,9)14,11	12.0 - 10.7 - 11.1 - 11.4 - 11.6 - 12.3	12.0 - 22.7 - 33.8 - 45.2 - 56.8 - 69.1 (33.8-35.3)
