	track	direction	distance	weather	going	start_at	title	grade	date	round	place	days	requirement	rule	単勝:的中	単勝:配当	単勝:人気	複勝_1:的中	複勝_1:配当	複勝_1:人気	複勝_2:的中	複勝_2:配当	複勝_2:人気	複勝_3:的中	複勝_3:配当	複勝_3:人気	馬連:的中	馬連:配当	馬連:人気	ワイド_1:的中	ワイド_1:配当	ワイド_1:人気	ワイド_2:的中	ワイド_2:配当	ワイド_2:人気	ワイド_3:的中	ワイド_3:配当	ワイド_3:人気	馬単:的中	馬単:配当	馬単:人気	三連複:的中	三連複:配当	三連複:人気	三連単:的中	三連単:配当	三連単:人気	spacing_on_corner:1	spacing_on_corner:2	spacing_on_corner:3	spacing_on_corner:4	laptime	pacemaker	枠連:的中	枠連:配当	枠連:人気
202135062701	ダ	左	1200	晴	良	12:25	Horse&Hope		2021-6-27	1	盛岡	1			1	440	2	1	240	5	2	480	7	8.0	120	1.0	1-2	6470	18	1-2	1,350	18	1-8	280	3	2-8	800	15	1=>2	9870	33	1-2-8	3990	19	1=>2=>8	36390	134			26581734.0	2,6,(5,8),1,7,3,4					
202135062702	ダ	左	1200	晴	良	12:55	C2九組		2021-6-27	1	盛岡	1			3	330	2	3	100	1	7	110	2	6.0	170	4.0	3-7	310	1	3-7	140	1	3-6	500	7	6-7	450	5	3=>7	680	2	3-6-7	840	3	3=>7=>6	3060	8			43786251.0	43762851.0					
202135062703	ダ	左	1200	晴	良	13:30	C2八組		2021-6-27	1	盛岡	1			4	160	1	4	140	1	6	540	9	3.0	300	5.0	4-6	2210	8	4-6	720	10	3-4	450	3	3-6	2,300	27	4=>6	2770	10	3-4-6	5340	19	4=>6=>3	16210	55			941627385.0	941623785.0			4-6	1460.0	6.0
202135062704	ダ	左	1400	晴	良	14:05	3歳B2二組		2021-6-27	1	盛岡	1			1	120	1	1	100	1	9	120	2	8.0	210	5.0	1-9	280	1	1-9	180	2	1-8	240	3	8-9	560	8	1=>9	350	1	1-8-9	720	2	1=>9=>8	1330	3			19378102465.0	19378210564.0			1-8	260.0	1.0
202135062705	ダ	左	1400	晴	良	14:40	3歳B2一組		2021-6-27	1	盛岡	1			1	150	1	1	140	1	7	500	8	6.0	360	6.0	1-7	2370	7	1-7	1,190	18	1-6	530	4	6-7	3,650	33	1=>7	3480	10	1-6-7	10720	33	1=>7=>6	50190	142			1471096112385.0	1471069823115.0			1-6	990.0	5.0
202135062706	ダ	左	1000	曇	良	15:15	B2		2021-6-27	1	盛岡	1			4	1020	5	4	250	5	3	360	8	10.0	140	1.0	3-4	5660	26	3-4	1,420	22	4-10	470	4	3-10	1,050	12	4=>3	8430	38	3-4-10	6620	30	4=>3=>10	48440	208			7,(3,4),1,9,10,(5,8),2,6	34917810526			3-4	6650.0	22.0
202135062707	ダ	左	1600	曇	良	15:50	B2五組		2021-6-27	1	盛岡	1			2	250	1	2	120	2	3	130	3	1.0	110	1.0	2-3	850	5	2-3	300	3	1-2	210	2	1-3	370	7	2=>3	1530	8	1-2-3	480	1	2=>3=>1	3080	5			13542687.0	13524678.0					
202135062708	ダ	左	1600	曇	良	16:25	B1二組		2021-6-27	1	盛岡	1			3	510	2	3	230	3	10	160	1	9.0	320	8.0	3-10	1380	3	3-10	730	8	3-9	1,590	25	9-10	680	6	3=>10	3220	8	3-9-10	6590	24	3=>10=>9	36030	116			361110129487125.0	310911486127512.0			3-7	1300.0	6.0
202135062709	ダ	左	1600	曇	良	17:00	久慈市山形村短角牛賞		2021-6-27	1	盛岡	1			2	730	2	2	240	2	9	310	4	7.0	950	11.0	2-9	5980	21	2-9	1,230	12	2-7	3,400	34	7-9	6,290	52	2=>9	11630	27	2-7-9	47880	116	2=>9=>7	221930	518			111279351028164.0	117392512864101.0			2-7	560.0	1.0
202135062710	芝	左	1700	曇	良	17:35	サートゥルナーリア特		2021-6-27	1	盛岡	1			12	5410	11	12	720	11	10	150	1	7.0	1,320	12.0	10-12	6380	22	10-12	2,110	25	7-12	21,390	66	7-10	3,040	35	12=>10	21500	56	7-10-12	95960	153	12=>10=>7	684910	885	810111217943652.0	810111217493652.0	810121171496352	8107121116352			7-8	1030.0	4.0
202135062711	ダ	左	1400	曇	良	18:15	ウイナーカップ	G	2021-6-27	1	盛岡	1	(別定)		11	4890	7	11	700	7	9	150	2	7.0	210	3.0	9-11	6710	16	9-11	1,810	16	7-11	2,160	17	7-9	360	3	11=>9	24270	44	7-9-11	7610	21	11=>9=>7	96020	201			3527986411101.0	5967111024831.0			7-8	1160.0	6.0
202135062801	ダ	左	1200	晴	良	11:50	C2七組		2021-6-28	1	盛岡	2			8	440	3	8	150	2	3	160	3	6.0	390	7.0	3-8	1410	5	3-8	390	2	6-8	550	8	3-6	900	16	8=>3	2210	6	3-6-8	4200	20	8=>3=>6	20930	88			138925647	3,1,8,(2,9),5,4,6,7			3-8	660.0	2.0
202135062802	ダ	左	1200	晴	良	12:20	C2六組		2021-6-28	1	盛岡	2			6	800	4	6	260	5	2	250	4	7.0	130	1.0	2-6	3600	17	2-6	830	13	6-7	470	6	2-7	390	4	6=>2	7650	31	2-6-7	2890	12	6=>2=>7	23880	94			346958217.0	346925178.0			2-6	4080.0	21.0
202135062803	ダ	左	1400	晴	良	12:55	C2五組		2021-6-28	1	盛岡	2			8	320	1	8	160	4	1	140	2	6.0	150	3.0	1-8	1450	6	1-8	490	5	6-8	300	2	1-6	300	4	8=>1	2350	11	1-6-8	1280	3	8=>1=>6	8550	22			6,5,8,(3,9),4,1,7,2	658931247			1-8	980.0	5.0
202135062804	ダ	左	1400	晴	良	13:30	C2四組		2021-6-28	1	盛岡	2			8	150	1	8	110	1	1	230	4	2.0	330	6.0	1-8	720	3	1-8	350	4	2-8	430	5	1-2	1,250	15	8=>1	1070	6	1-2-8	2630	12	8=>1=>2	6240	22			857164293	8-5,1,7,6,2,4,9,3			1-8	990.0	4.0
202135062805	ダ	左	1400	晴	良	14:05	3歳C1二組		2021-6-28	1	盛岡	2			5	130	1	5	100	1	6	100	2	3.0	120	3.0	5-6	170	1	5-6	110	1	3-5	160	2	3-6	190	3	5=>6	230	1	3-5-6	240	1	5=>6=>3	480	1			18564723.0	56813427.0					
202135062806	ダ	左	1400	晴	良	14:40	774inc.花奏か		2021-6-28	1	盛岡	2			6	680	2	6	160	3	8	100	1	3.0	350	6.0	6-8	250	1	6-8	170	2	3-6	2,720	21	3-8	580	7	6=>8	1460	4	3-6-8	2120	8	6=>8=>3	24550	61			378964251	3,8,6,4,7,(2,5),9,1			6-8	250.0	1.0
202135062807	ダ	左	1600	晴	良	15:15	B1四組		2021-6-28	1	盛岡	2			8	710	4	8	210	6	7	200	5	4.0	190	3.0	7-8	2680	19	7-8	940	19	4-8	560	7	4-7	410	4	8=>7	4020	26	4-7-8	2550	10	8=>7=>4	20690	98			698341725.0	684579312.0			7-8	890.0	3.0
202135062808	ダ	左	1600	晴	良	15:50	B1三組		2021-6-28	1	盛岡	2			1	280	1	1	110	1	9	160	2	3.0	290	7.0	1-9	630	1	1-9	330	3	1-3	440	5	3-9	890	14	1=>9	900	1	1-3-9	1770	7	1=>9=>3	5940	12			913682457.0	913625847.0			1-8	340.0	1.0
202135062809	ダ	左	1000	晴	良	16:25	B2		2021-6-28	1	盛岡	2			4	540	3	4	250	5	7	150	1	5.0	350	7.0	4-7	830	2	4-7	390	3	4-5	1,710	27	5-7	750	7	4=>7	2320	6	4-5-7	4920	19	4=>7=>5	25120	85			35108624719.0	53108426179.0			4-7	740.0	2.0
202135062810	ダ	左	1600	晴	良	17:00	B2二組		2021-6-28	1	盛岡	2			9	380	2	9	150	2	4	130	1	1.0	390	8.0	4-9	330	1	4-9	180	1	1-9	1,120	14	1-4	810	11	9=>4	810	3	1-4-9	2210	7	9=>4=>1	8350	25			961324857.0	913642857.0			4-8	320.0	1.0
202135062811	ダ	左	1600	晴	良	17:40	ゴールドドリーム特別		2021-6-28	1	盛岡	2			1	220	1	1	120	1	4	230	5	10.0	160	3.0	1-4	1870	7	1-4	580	7	1-10	330	2	4-10	710	11	1=>4	1940	5	1-4-10	1990	6	1=>4=>10	10020	27			13510897264.0	13104798652.0			1-4	1510.0	6.0
202135062812	芝	左	1600	晴	良	18:15	夢・希望未来へ前進		2021-6-28	1	盛岡	2			4	480	2	4	150	3	12	140	1	10.0	690	9.0	4-12	450	1	4-12	250	1	4-10	1,400	17	10-12	1,320	16	4=>12	1070	2	4-10-12	3810	10	4=>12=>10	15730	42	12472191086115.0	4,12,7,2,(1,10),9,8,11,6,5	4,12,10,7,(1,2),9,11,8,5,6	12410721911856			4-8	430.0	1.0
202135062901	ダ	左	1000	小雨	良	12:10	C2		2021-6-29	1	盛岡	3			5	140	1	5	100	1	6	110	2				5-6	250	2	5-6	170	2	2-5	230	5	2-6	740	8	5=>6	270	2	2-5-6	1390	5	5=>6=>2	2000	6			546123	5-6,4,2,1,3					
202135062902	ダ	左	1000	小雨	良	12:40	C2		2021-6-29	1	盛岡	3			3	330	2	3	180	2	7	320	4				3-7	1200	5	3-7	430	7	3-5	400	6	5-7	670	13	3=>7	1780	8	3-5-7	2360	11	3=>7=>5	10290	41			2547136.0	2574136.0					
202135062903	ダ	左	1600	小雨	良	13:10	3歳B1二組		2021-6-29	1	盛岡	3			6	140	1	6	100	1	4	170	3				4-6	300	2	4-6	140	2	5-6	120	1	4-5	190	4	6=>4	360	2	4-5-6	210	1	6=>4=>5	640	2			562413.0	654213.0					
202135062904	ダ	左	1600	曇	良	13:40	3歳B1一組		2021-6-29	1	盛岡	3			6	540	4	6	240	3	4	250	4				4-6	900	5	4-6	420	6	6-7	3,130	19	4-7	1,870	16	6=>4	1830	9	4-6-7	7960	23	6=>4=>7	28430	87			5672413.0	5672431.0					
202135062905	ダ	左	1400	曇	良	14:15	C2三組		2021-6-29	1	盛岡	3			5	790	5	5	190	5	4	190	4	2.0	150	2.0	4-5	1950	12	4-5	780	15	2-5	400	5	2-4	460	6	5=>4	4920	24	2-4-5	2180	11	5=>4=>2	19460	87			68423175.0	86421573.0					
202135062907	ダ	左	1400	曇	良	15:25	C2一組		2021-6-29	1	盛岡	3			6	820	4	6	260	4	5	800	8	7.0	230	3.0	5-6	11120	28	5-6	2,300	26	6-7	750	10	5-7	1,180	18	6=>5	10930	43	5-6-7	11990	44	6=>5=>7	104160	285			356247198.0	653724189.0			5-6	8640.0	26.0
202135062908	ダ	左	1200	曇	良	16:00	B1		2021-6-29	1	盛岡	3			4	360	1	4	150	2	8	260	5	7.0	160	3.0	4-8	1560	5	4-8	430	4	4-7	290	1	7-8	700	9	4=>8	2440	6	4-7-8	1750	3	4=>8=>7	9720	21			568279413.0	584267913.0			4-8	870.0	2.0
202135062909	ダ	左	1200	曇	良	16:40	B1		2021-6-29	1	盛岡	3			4	450	2	4	130	1	1	190	5	6.0	170	3.0	1-4	1310	6	1-4	420	5	4-6	500	7	1-6	740	11	4=>1	2880	10	1-4-6	3480	14	4=>1=>6	12260	45			672893145.0	671382495.0			1-4	1490.0	7.0
202135062910	ダ	左	1600	曇	良	17:20	B2四組		2021-6-29	1	盛岡	3			9	160	1	9	110	1	10	140	2	1.0	580	9.0	9-10	510	1	9-10	260	1	1-9	1,410	19	1-10	5,730	36	9=>10	770	2	1-9-10	9170	32	9=>10=>1	20780	69			2,6,7,9,10,(4,5),8,3,1	62971054813			8-8	460.0	2.0
202135062911	ダ	左	1600	曇	良	17:55	ノーブルミッション特		2021-6-29	1	盛岡	3			8	1210	4	8	200	4	6	130	1	7.0	150	2.0	6-8	920	3	6-8	460	4	7-8	680	10	6-7	170	1	8=>6	3930	15	6-7-8	1140	4	8=>6=>7	17320	56			23786104915.0	37861104952.0			6-7	330.0	1.0
202135062912	芝	左	1600	曇	良	18:30	はまなす賞 		2021-6-29	1	盛岡	3	(別定)		10	5470	10	10	650	11	7	120	1	11.0	180	3.0	7-10	1730	4	7-10	570	7	10-11	1,090	14	7-11	190	1	10=>7	11870	24	7-10-11	1540	4	10=>7=>11	41710	105	267111412910853.0	2,6,7,1,(4,11),12,9,8,10,5,3	6,7,2,11,12,4,(1,9),10,8,5-3	6,7,11,9,2,12,10,1,4,5,8-3			6-7	460.0	2.0
202135070401	ダ	左	1200	曇	良	12:10	C2十一組		2021-7-4	1	盛岡	4			2	1560	5	2	500	5	5	280	3				2-5	1410	6	2-5	360	8	2-6	350	7	5-6	200	2	2=>5	3450	14	2-5-6	810	4	2=>5=>6	9450	41			642513.0	625413.0					
202135070402	芝	左	1000	曇	良	12:45	ファーストステップ2		2021-7-4	1	盛岡	4			3	310	2	3	220	3	4	390	5				3-4	720	2	3-4	300	6	2-3	170	1	2-4	200	3	3=>4	1300	7	2-3-4	460	1	3=>4=>2	3070	8			324561.0	342651.0					
202135070403	芝	左	1000	曇	良	13:20	ファーストステップ2		2021-7-4	1	盛岡	4			3	370	3	3	200	4	2	150	1				2-3	610	2	2-3	250	3	3-5	1,010	13	2-5	770	11	3=>2	1420	7	2-3-5	3660	12	3=>2=>5	13030	63			356412.0	354612.0					
202135070404	ダ	左	1200	曇	良	13:55	C2十組		2021-7-4	1	盛岡	4			6	370	2	6	140	1	3	150	2				3-6	350	1	3-6	160	1	5-6	310	5	3-5	340	7	6=>3	490	1	3-5-6	730	4	6=>3=>5	2560	5			163254.0	612354.0					
202135070405	ダ	左	1200	曇	良	14:30	C2九組		2021-7-4	1	盛岡	4			2	130	1	2	110	1	5	140	2				2-5	230	1	2-5	130	1	2-4	200	3	4-5	370	6	2=>5	280	1	2-4-5	490	2	2=>5=>4	850	2			2561743.0	2517643.0					
202135070406	ダ	左	1200	曇	良	15:05	C2八組		2021-7-4	1	盛岡	4			5	480	3	5	250	3	1	180	2				1-5	740	3	1-5	270	4	2-5	240	3	1-2	160	1	5=>1	1950	9	1-2-5	550	2	5=>1=>2	5140	17			5467213.0	5427163.0					
202135070407	ダ	左	1400	曇	良	15:40	C1五組		2021-7-4	1	盛岡	4			6	430	2	6	160	2	9	360	8	10.0	250	4.0	6-9	1320	5	6-9	500	4	6-10	840	12	9-10	1,750	25	6=>9	2240	7	6-9-10	7290	33	6=>9=>10	27520	114			36147810952.0	63714589210.0			6-8	1180.0	7.0
202135070408	ダ	左	1400	曇	良	16:15	C1四組		2021-7-4	1	盛岡	4			1	140	1	1	130	1	5	220	3	9.0	560	10.0	1-5	880	2	1-5	370	2	1-9	1,170	13	5-9	2,980	35	1=>5	860	2	1-5-9	5780	22	1=>5=>9	13080	40			1378102115946.0	1738115109264.0			1-5	900.0	4.0
202135070409	ダ	左	1600	小雨	良	16:50	モズアスコット特別		2021-7-4	1	盛岡	4			7	1280	5	7	380	6	8	150	2	3.0	200	4.0	7-8	2090	8	7-8	790	10	3-7	1,730	22	3-8	640	8	7=>8	5060	20	3-7-8	6920	29	7=>8=>3	48650	160			3457108111296.0	3785104111269.0			6-7	2210.0	8.0
202135070410	ダ	左	1600	小雨	良	17:25	朝顔特別 		2021-7-4	1	盛岡	4	(別定)		12	800	5	12	300	6	1	280	5	7.0	160	2.0	1-12	3170	15	1-12	970	14	7-12	840	10	1-7	620	7	12=>1	6530	30	1-7-12	4240	15	12=>1=>7	32750	131			241110128971536.0	421012117138695.0			1-8	1190.0	6.0
202135070411	ダ	左	1400	小雨	良	18:05	栗駒賞	G	2021-7-4	1	盛岡	4	(別定)		9	170	1	9	120	1	6	360	8	4.0	360	7.0	6-9	1490	5	6-9	490	5	4-9	680	7	4-6	4,890	44	9=>6	1870	7	4-6-9	10010	34	9=>6=>4	31890	102			349710821215116.0	439210618125711.0			5-7	590.0	3.0
202135070501	ダ	左	1200	小雨	稍重	12:00	3歳C2三組		2021-7-5	1	盛岡	5			8	120	1	8	100	1	7	240	5	1.0	210	4.0	7-8	830	4	7-8	270	3	1-8	320	4	1-7	1,380	16	8=>7	880	4	1-7-8	1920	8	8=>7=>1	5010	18			28347165.0	82347165.0					
202135070502	ダ	左	1200	曇	稍重	12:30	3歳C2三組		2021-7-5	1	盛岡	5			9	330	2	9	140	1	8	210	5	6.0	250	6.0	8-9	960	5	8-9	360	2	6-9	730	12	6-8	1,110	16	9=>8	1800	7	6-8-9	3420	15	9=>8=>6	13060	54			4,7,8,9,2,6,3=1	8,4,9,7,6,2,3=1			8-8	960.0	5.0
202135070503	ダ	左	1200	曇	稍重	13:00	3歳C2三組		2021-7-5	1	盛岡	5			8	130	1	8	100	1	6	450	7	5.0	130	2.0	6-8	1310	6	6-8	420	8	5-8	200	1	5-6	730	12	8=>6	1510	7	5-6-8	1110	5	8=>6=>5	4460	15			6485231	(6,8),4,(2,5),1,3					
202135070504	ダ	左	1000	曇	稍重	13:35	C2		2021-7-5	1	盛岡	5			6	530	3	6	160	5	4	130	2	8.0	120	1.0	4-6	960	5	4-6	300	4	6-8	240	1	4-8	260	2	6=>4	1810	9	4-6-8	690	1	6=>4=>8	4710	12			46781325.0	46781352.0					
202135070505	ダ	左	1000	曇	稍重	14:10	C2		2021-7-5	1	盛岡	5			3	110	1	3	100	1	6	120	2	2.0	230	5.0	3-6	230	1	3-6	160	1	2-3	450	7	2-6	720	11	3=>6	280	1	2-3-6	1090	4	3=>6=>2	1970	5			34812756.0	34162857.0					
202135070506	ダ	左	1200	曇	稍重	14:45	C2七組		2021-7-5	1	盛岡	5			2	1300	4	2	330	5	1	120	1				1-2	940	4	1-2	190	3	2-5	210	6	1-5	100	1	2=>1	2800	10	1-2-5	310	2	2=>1=>5	5980	26			64521	1,(6,4,5),2					
202135070507	ダ	左	1400	小雨	稍重	15:20	C2六組		2021-7-5	1	盛岡	5			6	660	3	6	270	3	7	1,610	7				6-7	7100	18	6-7	1,770	17	2-6	560	9	2-7	2,720	20	6=>7	14790	36	2-6-7	10980	29	6=>7=>2	105330	175			5721364	7,5,2,(1,6),3,4					
202135070508	ダ	左	1400	曇	稍重	15:55	C2五組		2021-7-5	1	盛岡	5			7	290	2	7	180	2	4	210	3				4-7	690	3	4-7	260	3	6-7	150	1	4-6	180	2	7=>4	1600	6	4-6-7	420	1	7=>4=>6	3760	12			2674351.0	2673451.0					
202135070509	ダ	左	1200	小雨	稍重	16:35	C1		2021-7-5	1	盛岡	5			11	1490	7	11	330	6	12	210	3	6.0	140	1.0	11-12	6030	25	11-12	1,070	12	6-11	460	2	6-12	670	6	11=>12	11000	45	6-11-12	6200	18	11=>12=>6	48620	155			581269117214310	5,8,12,11,(2,3),6,1,9,4,10,7			8-8	5520.0	16.0
202135070510	ダ	左	1600	曇	稍重	17:10	マラカイト賞		2021-7-5	1	盛岡	5			4	520	2	4	120	2	8	110	1	1.0	170	5.0	4-8	360	1	4-8	180	1	1-4	300	4	1-8	310	5	4=>8	1040	2	1-4-8	770	3	4=>8=>1	4080	11			86413275.0	84612573.0					
202135070511	ダ	左	1600	曇	稍重	17:45	ウインブライト特別		2021-7-5	1	盛岡	5			7	560	4	7	140	3	5	110	1	6.0	160	4.0	5-7	730	2	5-7	310	4	6-7	420	6	5-6	280	3	7=>5	1850	10	5-6-7	900	3	7=>5=>6	4730	11			1,2,3,8,(4,7),5,6	3,8,1,(2,7,6),5,4					
202135070512	芝	左	1700	曇	稍重	18:20	かきつばた賞 		2021-7-5	1	盛岡	5	(別定)		4	760	3	4	260	2	2	850	9	9.0	2,480	10.0	2-4	7640	22	2-4	2,420	26	4-9	4,110	36	2-9	15,190	50	4=>2	11550	33	2-4-9	121060	119	4=>2=>9	567420	624	91045238612111.0	91045238612111	94105212638111	49105212611138			2-4	6360.0	18.0
202135070601	ダ	左	1200	曇	稍重	12:00	2歳		2021-7-6	1	盛岡	6			3	120	1	3	110	1	4	140	2				3-4	220	1	3-4	140	1	3-6	190	3	4-6	330	7	3=>4	260	1	3-4-6	420	2	3=>4=>6	840	2			4635172.0	4365172.0					
202135070602	ダ	左	1200	曇	稍重	12:30	2歳		2021-7-6	1	盛岡	6			1	700	3	1	150	4	4	110	2	6.0	110	1.0	1-4	2130	8	1-4	470	8	1-6	270	3	4-6	160	1	1=>4	4620	15	1-4-6	830	2	1=>4=>6	11000	34			17245638.0	14267538.0					
202135070603	ダ	左	1200	曇	稍重	13:00	3歳C2二組		2021-7-6	1	盛岡	6			1	140	1	1	130	1	4	950	6	8.0	950	7.0	1-4	5830	11	1-4	2,120	14	1-8	1,460	12	4-8	10,990	27	1=>4	6290	16	1-4-8	25820	34	1=>4=>8	84600	118			4,(5,6),7,1,8,3,2	41567823					
202135070604	ダ	左	1200	曇	稍重	13:35	3歳C2一組		2021-7-6	1	盛岡	6			2	300	2	2	130	2	6	410	6	7.0	140	3.0	2-6	2970	9	2-6	700	9	2-7	240	3	6-7	940	10	2=>6	4420	13	2-6-7	3020	10	2=>6=>7	19110	54			2,7,8,3,9,5,6,(1,4)	278359641			2-6	4050.0	12.0
202135070605	ダ	左	1400	晴	稍重	14:10	C2四組		2021-7-6	1	盛岡	6			3	370	3	3	130	1	9	140	3	4.0	310	5.0	3-9	610	3	3-9	260	2	3-4	670	8	4-9	850	10	3=>9	1110	4	3-4-9	2620	8	3=>9=>4	10210	35			39748110526.0	39471810526.0			3-8	300.0	1.0
202135070606	ダ	左	1400	晴	稍重	14:45	C2三組		2021-7-6	1	盛岡	6			8	330	1	8	160	1	9	350	6	3.0	620	7.0	8-9	2490	12	8-9	910	12	3-8	1,240	17	3-9	3,670	32	8=>9	4280	21	3-8-9	13610	51	8=>9=>3	53730	187			1,8,5,7,6,3,(4,9),2	185349726			8-8	2150.0	11.0
202135070607	ダ	左	1400	晴	稍重	15:20	C2二組		2021-7-6	1	盛岡	6			5	390	1	5	160	2	7	150	1	9.0	430	9.0	5-7	690	1	5-7	290	1	5-9	1,230	22	7-9	700	9	5=>7	1800	2	5-7-9	3320	8	5=>7=>9	14380	23			5,9,4,7,8,(1,10),3,6,2	5,9,7,8,4,3,(1,10),6,2			5-7	590.0	1.0
202135070608	ダ	左	1400	晴	稍重	15:55	C2一組		2021-7-6	1	盛岡	6			6	400	2	6	120	2	4	490	10	7.0	110	1.0	4-6	7620	18	4-6	1,250	15	6-7	200	1	4-7	830	9	6=>4	10690	27	4-6-7	3110	10	6=>4=>7	35510	105			6,7,9,10,4,8,5,3,1-2	67458109132			4-6	19970.0	19.0
202135070609	ダ	左	1200	晴	稍重	16:35	ハッピースプリント特		2021-7-6	1	盛岡	6			1	370	1	1	160	2	8	230	3	3.0	250	4.0	1-8	980	3	1-8	530	3	1-3	770	9	3-8	1,070	12	1=>8	1950	5	1-3-8	4800	15	1=>8=>3	20510	57			1871159362104.0	1875119326104.0			1-7	430.0	1.0
202135070610	ダ	左	1600	晴	稍重	17:10	陽光特別 		2021-7-6	1	盛岡	6	(別定)		11	580	3	11	330	6	7	220	4	8.0	260	5.0	7-11	2450	14	7-11	870	10	8-11	940	14	7-8	890	12	11=>7	4120	17	7-8-11	6180	28	11=>7=>8	31380	116			7538116191024	7,8,11,5,(3,6,1),2,(10,9),4			6-8	550.0	2.0
202135070612	ダ	左	1600	晴	稍重	18:20	青葉特別 		2021-7-6	1	盛岡	6	(別定)		12	380	2	12	170	2	6	210	5	2.0	200	4.0	6-12	1530	7	6-12	810	11	2-12	510	4	2-6	880	12	12=>6	2900	10	2-6-12	4580	16	12=>6=>2	23100	69			121068927351114.0	126102893571114.0			5-8	460.0	1.0
202135071101	ダ	左	1200	曇	重	12:20	C2十一組		2021-7-11	2	盛岡	1			4	110	1	4	110	1	2	220	3				2-4	320	2	2-4	150	2	4-5	110	1	2-5	190	4	4=>2	390	2	2-4-5	280	1	4=>2=>5	850	2			542136.0	452136.0					
202135071102	ダ	左	1200	曇	重	12:55	C2十組		2021-7-11	2	盛岡	1			3	540	3	3	130	2	1	110	1				1-3	330	2	1-3	120	3	3-6	120	2	1-6	110	1	3=>1	810	4	1-3-6	140	1	3=>1=>6	1640	6			3,1,6,2,5-4	316524					
202135071103	ダ	左	1200	曇	重	13:30	C2九組		2021-7-11	2	盛岡	1			4	480	2	4	340	2	6	720	5				4-6	2830	9	4-6	720	13	4-7	180	1	6-7	330	5	4=>6	6450	19	4-6-7	810	3	4=>6=>7	19560	59			4765312.0	4765132.0					
202135071104	ダ	左	1200	曇	重	14:05	C2八組		2021-7-11	2	盛岡	1			7	140	1	7	150	2	1	130	1				1-7	370	1	1-7	180	1	4-7	280	6	1-4	270	5	7=>1	550	1	1-4-7	650	1	7=>1=>4	1850	1			7514236.0	7142356.0					
202135071105	ダ	左	1200	曇	重	14:40	C2七組		2021-7-11	2	盛岡	1			7	1020	6	7	710	6	6	630	5				6-7	5680	16	6-7	1,130	15	1-7	1,010	14	1-6	770	10	7=>6	14160	30	1-6-7	11150	23	7=>6=>1	114330	144			6734512.0	6743512.0					
202135071106	ダ	左	1400	曇	重	15:15	3歳C1一組		2021-7-11	2	盛岡	1			5	1810	6	5	350	7	7	110	1	3.0	190	4.0	5-7	1750	6	5-7	490	6	3-5	1,450	15	3-7	280	2	5=>7	6480	18	3-5-7	2230	8	5=>7=>3	28450	82			5971423106811.0	5794136281110.0			5-6	2130.0	9.0
202135071107	ダ	左	1400	曇	重	15:50	B2		2021-7-11	2	盛岡	1			12	500	2	12	230	4	9	620	11	3.0	180	1.0	9-12	3000	11	9-12	980	10	3-12	810	6	3-9	2,070	34	12=>9	5160	18	3-9-12	9230	33	12=>9=>3	38960	108			911512231078164.0	951211231086741.0			7-8	2540.0	12.0
202135071108	ダ	左	1400	曇	重	16:25	B2		2021-7-11	2	盛岡	1			7	240	1	7	130	1	10	260	4	9.0	280	5.0	7-10	1510	4	7-10	530	4	7-9	620	6	9-10	1,180	18	7=>10	1720	5	7-9-10	4020	11	7=>10=>9	12930	25			756101139814122	7,(10,5),11,3,9,6,8,1,4,12,2			6-7	570.0	2.0
202135071109	ダ	左	1600	曇	重	17:00	B2二組		2021-7-11	2	盛岡	1			2	320	1	2	150	1	8	220	5	5.0	170	2.0	2-8	1580	9	2-8	450	4	2-5	330	1	5-8	530	8	2=>8	3060	12	2-5-8	1850	4	2=>8=>5	10160	23			4,9,5,6,(1,7),3,2,8	945238671			2-8	720.0	2.0
202135071110	ダ	左	1600	曇	重	17:35	カペラ賞		2021-7-11	2	盛岡	1			5	610	4	5	170	3	4	350	5	2.0	140	2.0	4-5	2300	10	4-5	720	9	2-5	340	3	2-4	580	7	5=>4	5100	19	2-4-5	2230	7	5=>4=>2	13600	37			31096241857.0	31024967581.0			4-5	2820.0	12.0
202135071111	芝	左	1700	曇	稍重	18:15	オパールカップ	G	2021-7-11	2	盛岡	1	(定量)		14	1930	5	14	380	5	13	230	2	2.0	520	6.0	13-14	4390	14	13-14	1,210	14	2-14	3,650	32	2-13	2,960	27	14=>13	12040	32	2-13-14	29240	73	14=>13=>2	238130	424	13,14,12,(4,5),10,11,2,(1,8),3,9,6,7	1314124510211163879	1314125110324611978	1314125110326117948			8-8	5070.0	13.0
202135071201	ダ	左	1000	曇	不良	12:10	C2		2021-7-12	2	盛岡	2			6	1340	6	6	530	6	1	350	4				1-6	3330	12	1-6	1,210	14	3-6	1,200	13	1-3	550	8	6=>1	13520	29	1-3-6	6290	18	6=>1=>3	55820	109			6,4,2,1,3-5	6,1,(4,3),2-5					
202135071202	ダ	左	1000	曇	不良	12:40	C2		2021-7-12	2	盛岡	2			6	170	1	6	130	1	5	190	3				5-6	350	2	5-6	230	2	2-6	330	6	2-5	500	9	6=>5	550	2	2-5-6	810	5	6=>5=>2	2340	7			5,(2,6),3,1,4	562134					
202135071203	ダ	左	1200	曇	不良	13:10	C2六組		2021-7-12	2	盛岡	2			7	130	1	7	110	2	3	100	1				3-7	230	1	3-7	130	1	2-7	150	2	2-3	180	3	7=>3	290	1	2-3-7	240	1	7=>3=>2	610	1			2736541.0	2735641.0					
202135071204	ダ	左	1400	曇	不良	13:45	C2五組		2021-7-12	2	盛岡	2			4	280	2	4	140	2	7	250	3				4-7	900	4	4-7	290	3	4-6	230	2	6-7	530	10	4=>7	1220	4	4-6-7	1080	5	4=>7=>6	5000	16			6475231	6,4,7,2,5,(1,3)					
202135071205	ダ	左	1400	曇	不良	14:20	C2四組		2021-7-12	2	盛岡	2			8	320	1	8	110	2	6	100	1	2.0	140	3.0	6-8	560	1	6-8	250	1	2-8	320	5	2-6	340	7	8=>6	1520	6	2-6-8	850	1	8=>6=>2	4060	4			78264315.0	78621354.0					
202135071206	ダ	左	1400	曇	重	14:55	3歳B2二組		2021-7-12	2	盛岡	2			1	100	1	1	100	1	5	150	2	4.0	210	5.0	1-5	410	2	1-5	190	2	1-4	290	3	4-5	1,090	15	1=>5	450	2	1-4-5	1300	4	1=>5=>4	2630	7			9,10,11,1,5,(4,7),2,3,8,6	9101115472386			1-5	420.0	2.0
202135071207	ダ	左	1400	曇	重	15:30	3歳B2一組		2021-7-12	2	盛岡	2			10	450	1	10	160	2	6	300	7	7.0	140	1.0	6-10	2490	13	6-10	810	15	7-10	420	3	6-7	900	17	10=>6	4510	26	6-7-10	2820	10	10=>6=>7	19750	75			10,2,7,5,6,4,1,3-8,9	10726534189			6-8	650.0	1.0
202135071208	ダ	左	1000	曇	重	16:05	B1		2021-7-12	2	盛岡	2			7	290	2	7	140	2	8	120	1	5.0	170	3.0	7-8	350	1	7-8	180	1	5-7	300	3	5-8	210	2	7=>8	860	2	5-7-8	590	1	7=>8=>5	2400	2			238971654.0	238197654.0			7-8	390.0	1.0
202135071209	芝	左	1700	曇	重	16:40	アメジスト賞 		2021-7-12	2	盛岡	2	(定量)		4	390	3	4	130	3	5	100	1	8.0	120	2.0	4-5	310	1	4-5	170	1	4-8	230	3	5-8	210	2	4=>5	810	2	4-5-8	290	1	4=>5=>8	1470	2	7564110118293	7,5,6,4,1,(8,10),2,11,9,3	7568411029311	7548161023119			4-5	330.0	1.0
202135071210	ダ	左	1000	雨	重	17:20	シュアト賞		2021-7-12	2	盛岡	2			9	400	2	9	120	1	1	120	2	3.0	130	3.0	1-9	670	2	1-9	250	2	3-9	230	1	1-3	300	4	9=>1	1370	4	1-3-9	820	1	9=>1=>3	4360	7			196374528	1,9,3,(4,6),7,2,5,8			1-8	570.0	2.0
202135071211	ダ	左	1400	曇	不良	17:55	マルカブ賞		2021-7-12	2	盛岡	2			7	1100	4	7	240	3	2	650	8	11.0	240	4.0	2-7	8660	20	2-7	2,460	22	7-11	810	7	2-11	2,300	19	7=>2	35850	59	2-7-11	18330	46	7=>2=>11	120840	261			105112112379864	11,10,2,5,3,12,7,8,(6,9),4,1			2-6	3980.0	10.0
202135071212	ダ	左	1800	曇	不良	18:30	夢・希望未来へ前進		2021-7-12	2	盛岡	2			12	710	4	12	160	3	9	130	1	10.0	140	2.0	9-12	1050	2	9-12	340	1	10-12	720	8	9-10	360	2	12=>9	2200	4	9-10-12	1980	1	12=>9=>10	11590	16	9,10,7,4,8,1,2,6,5,3,(11,12)	9,10,(4,7),8,1,2,5,3,6,12,11	9,10,1,7,(12,8),4,2,3,(5,6),11	910121738426511			7-8	640.0	2.0
202135071301	ダ	左	1400	雨	重	11:55	3歳C1三組		2021-7-13	2	盛岡	3			2	250	2	2	130	2	3	120	1	9.0	370	6.0	2-3	220	1	2-3	140	1	2-9	790	10	3-9	1,020	16	2=>3	440	2	2-3-9	2210	7	2=>3=>9	6620	21			368912547.0	398521674.0			2-3	200.0	1.0
202135071302	ダ	左	1400	雨	重	12:30	3歳C1二組		2021-7-13	2	盛岡	3			6	180	1	6	100	1	5	130	3	9.0	130	4.0	5-6	300	1	5-6	150	1	6-9	170	2	5-9	220	4	6=>5	450	1	5-6-9	300	1	6=>5=>9	1020	1			56984103712.0	56943810217.0			5-6	310.0	1.0
202135071303	ダ	左	1400	雨	不良	13:05	C2三組		2021-7-13	2	盛岡	3			2	880	5	2	310	5	5	140	1				2-5	580	3	2-5	220	3	2-4	1,120	16	4-5	380	6	2=>5	1950	9	2-4-5	1580	8	2=>5=>4	10880	48			2514736.0	2157436.0					
202135071304	ダ	左	1400	雨	不良	13:40	C2二組		2021-7-13	2	盛岡	3			7	400	2	7	120	1	6	120	2	2.0	160	4.0	6-7	280	1	6-7	180	1	2-7	240	4	2-6	210	2	7=>6	790	3	2-6-7	310	1	7=>6=>2	1780	3			57613248.0	72561438.0					
202135071305	ダ	左	1400	曇	不良	14:15	C2一組		2021-7-13	2	盛岡	3			4	1000	3	4	170	3	7	260	5	2.0	110	1.0	4-7	5010	13	4-7	780	11	2-4	310	3	2-7	490	7	4=>7	8060	22	2-4-7	2430	10	4=>7=>2	29030	79			57218436.0	27541386.0					
202135071306	ダ	左	1600	曇	不良	14:50	3歳B1		2021-7-13	2	盛岡	3			3	340	2	3	140	2	1	820	9	8.0	220	3.0	1-3	6850	23	1-3	1,690	20	3-8	340	4	1-8	2,240	25	3=>1	8420	31	1-3-8	7230	30	3=>1=>8	50160	165			37961452810	3,1,7,2,(8,6),5,4,9,10			1-3	7210.0	17.0
202135071307	ダ	左	1600	曇	不良	15:25	B2四組		2021-7-13	2	盛岡	3			2	430	2	2	150	3	4	120	1	7.0	240	6.0	2-4	490	2	2-4	240	2	2-7	890	15	4-7	720	8	2=>4	1170	3	2-4-7	2650	10	2=>4=>7	10910	30			176483952	(2,7),1,(4,6,3),5,8,9			2-4	490.0	2.0
202135071308	ダ	左	1600	雨	不良	16:00	B2三組		2021-7-13	2	盛岡	3			6	2110	8	6	640	8	8	440	4	2.0	480	6.0	6-8	10660	25	6-8	2,940	25	2-6	2,590	24	2-8	1,470	20	6=>8	26150	56	2-6-8	24370	57	6=>8=>2	180220	347			467392851	6,4,2,7,3,9,8,(1,5)			6-8	4820.0	18.0
202135071309	芝	左	1700	雨	重	16:40	B1		2021-7-13	2	盛岡	3			9	350	2	9	160	2	7	1,060	11	3.0	120	1.0	7-9	6600	24	7-9	2,420	28	3-9	250	1	3-7	2,580	32	9=>7	10260	44	3-7-9	9160	31	9=>7=>3	49890	160	1,2,7,(3,9),8,4,10,11,5,6	1273948105611	1723984105611	7139248105611			6-7	2350.0	8.0
202135071310	ダ	左	1600	雨	不良	17:20	B1二組		2021-7-13	2	盛岡	3			3	310	2	3	130	1	10	220	4	7.0	410	9.0	3-10	730	2	3-10	370	2	3-7	800	10	7-10	1,240	15	3=>10	1200	3	3-7-10	2340	7	3=>10=>7	7590	13			14103972568.0	14310756928.0			3-8	670.0	2.0
202135071311	ダ	左	1600	曇	不良	17:55	B1一組		2021-7-13	2	盛岡	3			4	870	4	4	220	5	3	210	4	11.0	140	1.0	3-4	3450	12	3-4	860	13	4-11	580	6	3-11	360	3	4=>3	7330	28	3-4-11	2920	8	4=>3=>11	33200	114			3114982710651.0	3411927681015.0			3-4	2770.0	12.0
202135071312	ダ	左	1800	雨	不良	18:30	やまびこ賞	G	2021-7-13	2	盛岡	3	(別定)		3	220	1	3	130	1	5	190	3	7.0	710	8.0	3-5	500	2	3-5	260	2	3-7	660	9	5-7	1,400	16	3=>5	740	2	3-5-7	3040	12	3=>5=>7	6600	20	6,3,(4,5),8,2,1,9,7	635481297	6,3,5,4,8,1,9,(2,7)	365412879			3-5	600.0	2.0
202135071801	ダ	左	1400	晴	良	12:05	2歳		2021-7-18	2	盛岡	4			5	240	2	5	170	2	6	810	5				5-6	3320	10	5-6	790	9	5-7	320	3	6-7	1,050	14	5=>6	5340	16	5-6-7	5190	15	5=>6=>7	25180	63			4567123.0	5467231.0					
202135071802	芝	左	1000	晴	良	12:40	ファーストステップ2		2021-7-18	2	盛岡	4			4	290	2	4	190	2	2	270	3				2-4	420	1	2-4	240	3	4-5	490	7	2-5	650	9	4=>2	950	1	2-4-5	1400	5	4=>2=>5	3520	13			416325.0	412635.0					
202135071803	芝	左	1000	晴	良	13:15	ファーストステップ2		2021-7-18	2	盛岡	4			4	430	3	4	230	4	2	330	5				2-4	1360	9	2-4	480	10	4-6	820	13	2-6	810	12	4=>2	2100	11	2-4-6	3180	17	4=>2=>6	15980	72			653421.0	654321.0					
202135071804	ダ	左	1200	晴	良	13:50	C2十組		2021-7-18	2	盛岡	4			7	900	3	7	150	4	6	100	1	4.0	120	2.0	6-7	830	4	6-7	330	5	4-7	460	7	4-6	130	1	7=>6	2080	8	4-6-7	720	3	7=>6=>4	5380	18			67832514.0	67835241.0					
202135071805	ダ	左	1200	晴	良	14:25	C2九組		2021-7-18	2	盛岡	4			8	1400	5	8	190	5	7	260	6	6.0	120	1.0	7-8	5040	21	7-8	950	19	6-8	500	9	6-7	500	8	8=>7	9610	38	6-7-8	2900	13	8=>7=>6	40520	121			3684571.0	3684571.0					
202135071806	ダ	左	1200	晴	良	15:00	C2八組		2021-7-18	2	盛岡	4			3	250	2	3	100	2	6	100	1	2.0	140	4.0	3-6	300	1	3-6	190	1	2-3	360	4	2-6	440	6	3=>6	430	1	2-3-6	660	2	3=>6=>2	1510	1			2,3,6,1,8,(5,7),4	2,3,6,1,7,(8,4),5					
202135071807	ダ	左	1200	晴	良	15:35	C2七組		2021-7-18	2	盛岡	4			8	100	1	8	100	1	7	120	3	2.0	100	2.0	7-8	140	1	7-8	140	1	2-8	160	2	2-7	340	5	8=>7	190	1	2-7-8	410	1	8=>7=>2	600	1			7,8,9,5,(1,6),2,3,4	7,8,9,(2,5),1,6,4,3			7-8	240.0	1.0
202135071808	ダ	左	1000	晴	良	16:15	C1		2021-7-18	2	盛岡	4			5	210	1	5	140	1	10	310	6	2.0	550	7.0	5-10	1650	7	5-10	580	6	2-5	1,160	15	2-10	4,510	37	5=>10	2110	7	2-5-10	11170	39	5=>10=>2	38600	126			159410811362	1,5,9,(4,10),8,3,2,11,6			5-8	1350.0	6.0
202135071809	ダ	左	1400	晴	良	16:55	C1四組		2021-7-18	2	盛岡	4			7	160	1	7	120	1	5	330	6	8.0	200	4.0	5-7	1270	4	5-7	360	4	7-8	250	3	5-8	910	11	7=>5	1300	5	5-7-8	1720	6	7=>5=>8	5220	16			4,9,3,2,7,5,(6,8),1	473528961			5-7	800.0	4.0
202135071810	ダ	左	1600	晴	良	17:30	ペルセウス賞		2021-7-18	2	盛岡	4			6	160	1	6	120	1	8	360	6	3.0	500	8.0	6-8	1000	5	6-8	430	5	3-6	1,050	14	3-8	5,350	30	6=>8	1400	5	3-6-8	9540	29	6=>8=>3	19840	66			478692531.0	486735921.0			6-8	960.0	4.0
202135071811	ダ	左	1200	晴	良	18:05	岩鷲賞	G	2021-7-18	2	盛岡	4	(定量)		11	380	2	11	140	2	5	230	5	10.0	100	1.0	5-11	2160	7	5-11	670	8	10-11	210	1	5-10	430	5	11=>5	3420	12	5-10-11	1100	3	11=>5=>10	9060	29			711124310258196.0	711124310825196.0			5-8	2080.0	7.0
202135071901	ダ	左	1000	晴	良	11:50	C2		2021-7-19	2	盛岡	5			3	130	1	3	110	1	4	130	2				3-4	230	1	3-4	130	1	2-3	130	2	2-4	190	5	3=>4	330	1	2-3-4	260	1	3=>4=>2	700	1			42531.0	43251.0					
202135071902	ダ	左	1000	晴	良	12:25	C2		2021-7-19	2	盛岡	5			3	100	1	3	100	1	2	120	2				2-3	140	1	2-3	100	1	3-5	390	6	2-5	540	8	3=>2	160	1	2-3-5	490	3	3=>2=>5	1220	5			32154	3-2,5,1,4					
202135071903	ダ	左	1200	晴	良	13:00	2歳		2021-7-19	2	盛岡	5			6	500	3	6	130	2	3	100	1	8.0	130	3.0	3-6	430	2	3-6	210	2	6-8	310	4	3-8	170	1	6=>3	1230	4	3-6-8	510	1	6=>3=>8	3410	7			13625847.0	36584721.0					
202135071904	ダ	左	1200	晴	良	13:35	2歳		2021-7-19	2	盛岡	5			9	1280	5	9	250	5	8	320	6	7.0	150	1.0	8-9	4980	17	8-9	1,040	13	7-9	580	7	7-8	780	11	9=>8	11810	34	7-8-9	5440	21	9=>8=>7	45270	140			67912845.0	69782145.0			8-8	2990.0	11.0
202135071905	ダ	左	1200	晴	良	14:10	3歳C2三組		2021-7-19	2	盛岡	5			2	300	2	2	130	1	8	220	5	4.0	320	6.0	2-8	960	5	2-8	330	3	2-4	820	12	4-8	850	13	2=>8	1700	8	2-4-8	4410	14	2=>8=>4	14520	58			35681247.0	38621547.0					
202135071906	ダ	左	1200	晴	良	14:45	3歳C2三組		2021-7-19	2	盛岡	5			7	190	1	7	130	1	6	200	4				6-7	390	1	6-7	180	1	5-7	270	4	5-6	380	9	7=>6	770	2	5-6-7	670	3	7=>6=>5	2580	7			3,5,6,7,1,4=2	3,6,5,7,1,4=2					
202135071907	ダ	左	1200	晴	良	15:20	C2六組		2021-7-19	2	盛岡	5			7	260	2	7	120	2	6	100	1	8.0	160	3.0	6-7	230	1	6-7	120	1	7-8	290	3	6-8	280	2	7=>6	570	2	6-7-8	580	1	7=>6=>8	1820	2			3,1,7,8,5,(2,6),4	73185624					
202135071908	ダ	左	1400	晴	良	15:55	C2五組		2021-7-19	2	盛岡	5			8	180	1	8	100	1	6	110	2	5.0	190	5.0	6-8	150	1	6-8	120	1	5-8	270	4	5-6	330	6	8=>6	270	1	5-6-8	540	2	8=>6=>5	1050	2			46857123.0	68457123.0					
202135071909	ダ	左	1400	晴	良	16:35	C2四組		2021-7-19	2	盛岡	5			8	1390	7	8	1,190	8	5	270	4	7.0	510	6.0	5-8	2670	16	5-8	1,000	19	7-8	1,660	23	5-7	710	11	8=>5	5640	30	5-7-8	7660	31	8=>5=>7	42300	186			45382716.0	54832761.0					
202135071910	ダ	左	1600	晴	良	17:10	カウスアウストラリス		2021-7-19	2	盛岡	5			6	620	3	6	130	2	9	120	1	4.0	290	7.0	6-9	750	2	6-9	280	2	4-6	980	12	4-9	680	9	6=>9	2500	11	4-6-9	3420	11	6=>9=>4	17640	54			9,(8,10),6,7,4,1,3,5,2	96104758312			6-8	610.0	3.0
202135071911	ダ	左	1600	晴	良	17:45	リギル賞		2021-7-19	2	盛岡	5			6	2460	8	6	430	8	9	200	4	7.0	130	1.0	6-9	5220	19	6-9	1,460	21	6-7	490	6	7-9	320	3	6=>9	11080	39	6-7-9	2330	7	6=>9=>7	35030	112			54638219710	6,5,3,(8,9),7,1,10,4,2			6-7	330.0	1.0
202135071912	芝	左	1600	晴	良	18:20	OROターフ特別 		2021-7-19	2	盛岡	5	(別定)		6	1770	9	6	520	8	8	240	3	7.0	670	9.0	6-8	5760	28	6-8	1,370	23	6-7	3,770	40	7-8	1,230	18	6=>8	15750	65	6-7-8	22780	82	6=>8=>7	146210	479	68142379510	6-8,4,1,9,2,3,7,5,10	6=8,5,1,4,9,7,2,10,3	6-8,5,1,4,7,2,9,10,3			6-7	4780.0	19.0
202135072001	ダ	左	1200	晴	良	11:30	メイセイオペラメモリ		2021-7-20	2	盛岡	6			10	300	2	10	130	1	8	540	7	6.0	180	4.0	8-10	4810	16	8-10	1,500	18	6-10	390	2	6-8	2,710	31	10=>8	8350	28	6-8-10	6020	20	10=>8=>6	33560	113			97108612534.0	91078651234.0			7-8	530.0	3.0
202135072002	ダ	左	1200	晴	良	12:00	WEB番組予想ランク		2021-7-20	2	盛岡	6			9	700	3	9	150	3	11	180	4	2.0	120	1.0	9-11	1440	6	9-11	450	7	2-9	290	2	2-11	310	4	9=>11	3840	14	2-9-11	1060	4	9=>11=>2	13990	43			2,8,9,11,6,7,(3,4),10,1,5	9281136741015			7-8	970.0	5.0
202135072003	ダ	左	1400	晴	良	12:35	ハダル賞		2021-7-20	2	盛岡	6			9	190	1	9	140	1	11	440	8	8.0	220	4.0	9-11	1520	5	9-11	640	7	8-9	430	4	8-11	1,570	21	9=>11	1740	5	8-9-11	4040	14	9=>11=>8	12810	35			6,8,9,2,3,(7,11),10,5,1,4	(6,8),9,10,2,11,7,5,3,1,4			7-8	490.0	3.0
202135072004	ダ	左	1400	晴	良	13:10	ポルックス賞		2021-7-20	2	盛岡	6			8	1040	4	8	230	4	10	130	1	9.0	360	7.0	8-10	980	3	8-10	410	3	8-9	1,600	19	9-10	590	8	8=>10	3470	13	8-9-10	3700	13	8=>10=>9	31890	112			23810194567.0	82310195647.0			7-8	380.0	2.0
202135072005	ダ	左	1400	晴	良	13:45	ムリファイン賞		2021-7-20	2	盛岡	6			11	290	1	11	120	1	7	150	2	5.0	160	3.0	7-11	710	3	7-11	260	1	5-11	360	3	5-7	610	6	11=>7	1300	1	5-7-11	1410	1	11=>7=>5	6550	5			3,6,5,7,9,(2,11),10,8,1,4	5,3,7,(2,11),9,6,1,8,4,10			6-8	570.0	2.0
202135072006	ダ	左	1000	晴	良	14:20	ペガスス賞		2021-7-20	2	盛岡	6			10	180	1	10	110	1	8	130	2	2.0	140	3.0	8-10	430	1	8-10	200	1	2-10	280	2	2-8	400	4	10=>8	670	1	2-8-10	720	1	10=>8=>2	2660	1			(1,2),6,10,11,7,3,8,(4,9),5	1261031174895			7-8	260.0	1.0
202135072007	芝	左	1600	晴	良	14:55	うまレター賞		2021-7-20	2	盛岡	6			4	210	1	4	140	1	7	200	4	1.0	380	8.0	4-7	920	4	4-7	430	4	1-4	620	8	1-7	2,090	24	4=>7	1310	4	1-4-7	3330	14	4=>7=>1	10700	31	458913710122611	458197310122611	489105173121126	418103975121126			4-6	540.0	2.0
202135072008	ダ	左	1400	晴	良	15:30	オッズパーク賞		2021-7-20	2	盛岡	6			4	2320	5	4	270	3	5	670	6	2.0	310	4.0	4-5	15600	20	4-5	1,950	19	2-4	960	9	2-5	2,510	23	4=>5	31340	32	2-4-5	22270	44	4=>5=>2	230380	238			46879531021.0	48576921310.0			4-5	13270.0	16.0
202135072009	ダ	左	1400	晴	良	16:10	楽天競馬で岩手競馬を		2021-7-20	2	盛岡	6			5	350	1	5	120	1	7	150	2	6.0	190	5.0	5-7	820	1	5-7	250	1	5-6	520	7	6-7	470	6	5=>7	1120	1	5-6-7	1580	3	5=>7=>6	6780	5			4695101137821	6,5,4,7,1,3,(2,9),11,8,10			5-6	440.0	1.0
202135072010	ダ	左	2000	晴	良	16:50	マーキュリーカップ	G3	2021-7-20	2	盛岡	6	(別定)		2	580	4	2	150	4	3	110	1	9.0	110	2.0	2-3	620	2	2-3	220	2	2-9	270	5	3-9	140	1	2=>3	1460	6	2-3-9	400	1	2=>3=>9	3310	7	13231198712146105	13231198712146105	13,2,3,11,9,8,7,1,12,4,10,6-5	2,3,13,9,11,7,4,1,8,12,10,6-5			2-3	550.0	2.0
202135072011	ダ	左	1600	晴	良	17:25	浜木綿特別 		2021-7-20	2	盛岡	6	(別定)		3	1750	6	3	330	5	1	1,170	11	7.0	180	2.0	1-3	25150	44	1-3	6,380	45	3-7	1,050	13	1-7	3,270	30	3=>1	45900	81	1-3-7	28940	71	3=>1=>7	255320	483			1110761935842	1,(11,10,7),6,4,3,9,8,5,2			1-3	23320.0	27.0
202135072012	ダ	左	1600	晴	良	18:05	文月特別 		2021-7-20	2	盛岡	6	(別定)		3	1290	5	3	240	3	4	330	6	2.0	170	2.0	3-4	5840	18	3-4	1,910	21	2-3	630	7	2-4	1,000	13	3=>4	17420	42	2-3-4	7870	25	3=>4=>2	96590	240			4610193751128.0	4312698571011.0			3-4	6530.0	18.0
202135072501	ダ	左	1200	晴	良	12:20	C2十組		2021-7-25	3	盛岡	1			4	120	1	4	120	1	5	170	3				4-5	140	1	4-5	110	2	3-4	100	1	3-5	140	3	4=>5	200	1	3-4-5	150	1	4=>5=>3	270	1			125734.0	125743.0					
202135072502	ダ	左	1200	晴	良	12:55	C2九組		2021-7-25	3	盛岡	1			7	890	4	7	210	4	3	110	1				3-7	400	2	3-7	250	3	5-7	450	8	3-5	260	4	7=>3	1520	6	3-5-7	1040	6	7=>3=>5	8810	30			2347615.0	3274651.0					
202135072503	ダ	左	1200	晴	良	13:30	C2八組		2021-7-25	3	盛岡	1			4	200	1	4	110	1	6	160	3	1.0	280	6.0	4-6	500	2	4-6	240	2	1-4	530	8	1-6	1,020	15	4=>6	660	2	1-4-6	2020	8	4=>6=>1	5430	17			48162573.0	41865273.0					
202135072504	ダ	左	1200	晴	良	14:05	C2七組		2021-7-25	3	盛岡	1			6	140	1	6	120	1	1	150	3	7.0	160	4.0	1-6	460	2	1-6	210	2	6-7	150	1	1-7	380	7	6=>1	640	2	1-6-7	410	1	6=>1=>7	1800	5			62187534.0	26178345.0					
202135072505	ダ	左	1400	晴	良	14:40	3歳B2二組		2021-7-25	3	盛岡	1			9	760	2	9	180	4	8	100	1	10.0	170	3.0	8-9	330	1	8-9	180	1	9-10	370	5	8-10	190	2	9=>8	1890	6	8-9-10	470	1	9=>8=>10	6040	17			5810917113462.0	8510911173624.0			7-7	370.0	2.0
202135072506	ダ	左	1400	晴	良	15:15	3歳B2一組		2021-7-25	3	盛岡	1			8	820	4	8	230	3	2	510	6	10.0	250	4.0	2-8	4170	12	2-8	1,260	12	8-10	620	6	2-10	1,280	14	8=>2	7990	24	2-8-10	8950	30	8=>2=>10	66800	213			3718511410629.0	3871251041169.0			2-7	4490.0	15.0
202135072507	ダ	左	1600	晴	良	15:55	B2二組		2021-7-25	3	盛岡	1			5	510	2	5	150	3	6	140	2	4.0	100	1.0	5-6	1200	6	5-6	450	6	4-5	360	2	4-6	400	4	5=>6	2840	13	4-5-6	920	1	5=>6=>4	9020	23			3,(2,9),7,1,4,5,8,6	932571648			5-6	1760.0	12.0
202135072508	ダ	左	1600	晴	良	16:35	B2一組		2021-7-25	3	盛岡	1			10	6690	10	10	640	9	1	160	2	7.0	130	1.0	1-10	10260	30	1-10	3,800	36	7-10	3,130	32	1-7	290	1	10=>1	39610	73	1-7-10	10170	38	10=>1=>7	143860	381			91031574826.0	91012756834.0			1-8	1920.0	7.0
202135072509	ダ	左	1400	晴	良	17:10	B1		2021-7-25	3	盛岡	1			3	280	1	3	150	2	2	190	4	5.0	190	5.0	2-3	1210	5	2-3	450	6	3-5	500	8	2-5	710	13	3=>2	2060	9	2-3-5	2720	14	3=>2=>5	12610	53			37682541.0	32718546.0					
202135072510	ダ	左	1200	晴	良	17:45	ハヤテスプリント	G	2021-7-25	3	盛岡	1	(定量)		5	150	1	5	120	1	11	160	2	4.0	250	6.0	5-11	510	1	5-11	260	2	4-5	480	5	4-11	1,870	20	5=>11	720	2	4-5-11	3940	14	5=>11=>4	8760	24			9145136841721231011	4,9,5,13,14,8,1,(6,2),3,7,12,11,10			4-7	690.0	2.0
202135072511	芝	左	1000	晴	良	18:20	B1		2021-7-25	3	盛岡	1			10	410	2	10	170	2	8	450	7	2.0	1,090	11.0	8-10	3340	17	8-10	980	14	2-10	2,460	33	2-8	5,980	51	10=>8	5370	24	2-8-10	35040	121	10=>8=>2	114910	402			5,6,10,2,8,11,4,1,9,3-7	5,6,2,10,8,11,4,9,1,3-7			7-8	780.0	2.0
202135072601	ダ	左	1200	晴	良	12:25	C2六組		2021-7-26	3	盛岡	2			5	120	1	5	100	1	1	150	2				1-5	380	2	1-5	150	1	3-5	160	2	1-3	290	5	5=>1	410	1	1-3-5	430	2	5=>1=>3	1130	2			546312.0	531642.0					
202135072602	ダ	左	1200	晴	良	12:55	C2五組		2021-7-26	3	盛岡	2			5	290	1	5	150	1	2	440	5				2-5	2730	13	2-5	470	7	1-5	180	1	1-2	610	10	5=>2	3740	16	1-2-5	2090	8	5=>2=>1	11880	46			4516732.0	5413726.0					
202135072603	ダ	左	1400	晴	良	13:25	C2四組		2021-7-26	3	盛岡	2			3	1810	6	3	490	5	6	220	2				3-6	4200	14	3-6	1,110	16	3-5	520	8	5-6	170	1	3=>6	11830	32	3-5-6	1820	9	3=>6=>5	33020	100			7635214.0	7165324.0					
202135072604	ダ	左	1400	晴	良	13:55	3歳C1三組		2021-7-26	3	盛岡	2			1	540	2	1	160	3	6	130	1	3.0	510	8.0	1-6	600	2	1-6	270	2	1-3	1,230	17	3-6	1,140	16	1=>6	1800	6	1-3-6	6130	24	1=>6=>3	27650	102			135798642.0	136527984.0			1-6	660.0	2.0
202135072605	ダ	左	1400	晴	良	14:25	3歳C1二組		2021-7-26	3	盛岡	2			9	110	1	9	100	1	1	100	2	6.0	140	3.0	1-9	140	1	1-9	120	1	6-9	230	2	1-6	380	5	9=>1	170	1	1-6-9	330	1	9=>1=>6	610	1			964712835.0	916742835.0			1-8	130.0	1.0
202135072606	ダ	左	1400	晴	良	15:00	3歳C1一組		2021-7-26	3	盛岡	2			5	240	2	5	130	2	9	120	1	8.0	430	7.0	5-9	220	1	5-9	160	1	5-8	1,570	17	8-9	900	10	5=>9	530	3	5-8-9	2570	7	5=>9=>8	7950	23			3591028164.0	5983261104.0			5-8	220.0	1.0
202135072607	ダ	左	1600	晴	良	15:35	B2四組		2021-7-26	3	盛岡	2			2	690	3	2	250	5	6	1,070	9	3.0	160	2.0	2-6	12700	32	2-6	3,290	28	2-3	470	5	3-6	2,440	25	2=>6	15480	52	2-3-6	12970	47	2=>6=>3	114430	321			5,6,3,2,(4,8),(1,7,9)	652347189			2-6	12410.0	28.0
202135072608	ダ	左	1600	晴	良	16:10	B2三組		2021-7-26	3	盛岡	2			3	900	4	3	250	5	4	200	4	8.0	120	1.0	3-4	4500	14	3-4	1,050	14	3-8	280	4	4-8	180	1	3=>4	7090	20	3-4-8	1430	7	3=>4=>8	25530	78			4,5,6,8,(1,2),9,3,10,7	46583297110			3-4	4980.0	15.0
202135072609	芝	左	1700	晴	良	16:45	アンバー賞 		2021-7-26	3	盛岡	2	(定量)		7	280	1	7	130	1	6	210	4	8.0	290	6.0	6-7	1950	6	6-7	730	8	7-8	720	7	6-8	1,760	17	7=>6	3340	11	6-7-8	7520	19	7=>6=>8	26340	75	671012951114823	671012159114832	671015128114932	678101541211923			5-6	1020.0	4.0
202135072610	ダ	左	1200	晴	良	17:20	ダンシングエンジェル		2021-7-26	3	盛岡	2			1	380	2	1	150	1	11	510	6	3.0	210	4.0	1-11	4780	12	1-11	1,170	12	1-3	460	5	3-11	1,490	16	1=>11	6490	22	1-3-11	5850	17	1=>11=>3	28420	88			9341101176852	9,4,3,7,1,11,10,8,(2,6),5			1-8	1620.0	9.0
202135072611	ダ	左	1600	晴	良	17:55	カリブラコア賞		2021-7-26	3	盛岡	2			4	2780	7	4	790	8	7	200	4	6.0	190	2.0	4-7	6100	20	4-7	1,380	16	4-6	1,750	24	6-7	250	1	4=>7	9090	34	4-6-7	5130	22	4=>7=>6	51740	193			246137895	(2,4),6,1,3,9,7,8,5			4-7	7710.0	26.0
202135072612	ダ	左	1600	晴	良	18:30	夢・希望未来へ前進		2021-7-26	3	盛岡	2			1	180	1	1	100	1	8	110	3	9.0	100	2.0	1-8	350	2	1-8	150	2	1-9	120	1	8-9	200	3	1=>8	540	2	1-8-9	220	1	1=>8=>9	980	2			89163725.0	89136275.0			1-8	130.0	1.0
202135072701	ダ	左	1000	曇	良	12:30	C2		2021-7-27	3	盛岡	3			8	200	1	8	120	1	6	200	5	2.0	170	4.0	6-8	460	1	6-8	250	3	2-8	220	2	2-6	360	6	8=>6	750	1	2-6-8	530	1	8=>6=>2	1840	1			41685237.0	46812537.0					
202135072702	ダ	左	1000	曇	良	13:05	C2		2021-7-27	3	盛岡	3			2	250	1	2	130	1	3	660	8	1.0	200	3.0	2-3	6630	20	2-3	1,860	20	1-2	400	4	1-3	3,900	27	2=>3	11740	35	1-2-3	15350	47	2=>3=>1	65310	196			3,(4,6),8,2,5,1,7	34261857					
202135072703	ダ	左	1400	小雨	良	13:40	C2三組		2021-7-27	3	盛岡	3			6	260	2	6	130	1	4	150	3				4-6	260	1	4-6	120	1	3-6	150	4	3-4	130	2	6=>4	440	1	3-4-6	220	1	6=>4=>3	780	1			45613.0	46135.0					
202135072704	ダ	左	1400	曇	良	14:15	C2二組		2021-7-27	3	盛岡	3			4	390	2	4	150	2	1	120	1				1-4	300	1	1-4	150	1	2-4	1,450	14	1-2	790	8	4=>1	950	5	1-2-4	3020	10	4=>1=>2	12970	38			146523.0	142563.0					
202135072705	ダ	左	1400	曇	良	14:55	C2一組		2021-7-27	3	盛岡	3			3	330	2	3	140	2	6	110	1				3-6	220	1	3-6	170	1	3-4	360	6	4-6	400	8	3=>6	600	2	3-4-6	860	3	3=>6=>4	3250	11			456312.0	463512.0					
202135072706	ダ	左	1600	晴	良	15:30	3歳B1		2021-7-27	3	盛岡	3			9	190	1	9	110	2	5	110	1	10.0	110	3.0	5-9	300	1	5-9	160	1	9-10	160	2	5-10	280	3	9=>5	520	1	5-9-10	370	1	9=>5=>10	1480	1			6258910731.0	6589102137.0			5-8	210.0	1.0
202135072707	ダ	左	1600	晴	良	16:05	3歳A		2021-7-27	3	盛岡	3			2	390	2	2	110	1	1	120	2	7.0	140	4.0	1-2	750	2	1-2	290	3	2-7	330	6	1-7	310	4	2=>1	1450	5	1-2-7	980	3	2=>1=>7	5550	17			2,3,6,7,(9,8),4,1,5,10	27631985410			1-2	780.0	4.0
202135072708	ダ	左	1200	晴	良	16:40	B2		2021-7-27	3	盛岡	3			9	260	1	9	150	1	2	170	4	8.0	160	3.0	2-9	740	2	2-9	300	2	8-9	290	1	2-8	460	7	9=>2	1390	4	2-8-9	1260	3	9=>2=>8	5570	10			698472153.0	968421753.0			2-8	500.0	2.0
202135072709	ダ	左	1400	晴	良	17:15	B1		2021-7-27	3	盛岡	3			9	590	3	9	150	3	4	290	6	2.0	140	1.0	4-9	2530	11	4-9	610	11	2-9	230	1	2-4	430	6	9=>4	5020	23	2-4-9	1590	6	9=>4=>2	13110	46			179248356	9,7,4,(1,2),5,8,3,6			4-8	1730.0	7.0
202135072710	ダ	左	1600	晴	良	17:50	B1三組		2021-7-27	3	盛岡	3			9	380	2	9	140	1	4	140	2	1.0	340	7.0	4-9	580	1	4-9	290	1	1-9	680	14	1-4	580	10	9=>4	1160	2	1-4-9	2230	9	9=>4=>1	7400	17			1810947526.0	1948710265.0			4-8	730.0	1.0
202135080101	ダ	左	1200	曇	稍重	12:20	3歳C2四組		2021-8-1	3	盛岡	4			4	870	5	4	200	5	3	150	3	5.0	130	1.0	3-4	1850	9	3-4	640	11	4-5	460	6	3-5	240	2	4=>3	5350	25	3-4-5	1200	4	4=>3=>5	17010	60			68517342.0	68571342.0					
202135080102	ダ	左	1200	曇	稍重	12:55	3歳C2四組		2021-8-1	3	盛岡	4			9	510	2	9	160	4	2	110	1	6.0	150	3.0	2-9	350	1	2-9	170	2	6-9	240	3	2-6	160	1	9=>2	810	3	2-6-9	380	1	9=>2=>6	2320	3			189625473.0	198625473.0			2-8	190.0	1.0
202135080103	ダ	左	1000	曇	稍重	13:30	ファーストステップ2		2021-8-1	3	盛岡	4			1	1090	4	1	760	4	3	450	3				1-3	1570	7	1-3	400	7	1-5	260	5	3-5	150	1	1=>3	4520	17	1-3-5	630	5	1=>3=>5	10000	34			13524.0	13524.0					
202135080104	ダ	左	1200	曇	稍重	14:05	C2十組		2021-8-1	3	盛岡	4			2	200	1	2	160	2	9	350	5	1.0	290	4.0	2-9	1630	5	2-9	480	6	1-2	560	7	1-9	1,970	16	2=>9	1880	6	1-2-9	6350	17	2=>9=>1	14240	46			298571364.0	298657134.0			2-8	480.0	3.0
202135080105	ダ	左	1200	曇	良	14:40	C2九組		2021-8-1	3	盛岡	4			4	130	1	4	110	2	7	110	1	2.0	210	5.0	4-7	390	1	4-7	200	1	2-4	270	4	2-7	730	12	4=>7	540	2	2-4-7	970	4	4=>7=>2	2350	4			47102189653.0	47102189563.0			4-7	220.0	1.0
202135080106	ダ	左	1200	曇	良	15:15	C2八組		2021-8-1	3	盛岡	4			8	1480	7	8	290	6	2	190	4	5.0	150	2.0	2-8	6090	22	2-8	1,650	20	5-8	1,320	17	2-5	410	4	8=>2	10950	39	2-5-8	8910	30	8=>2=>5	50170	145			824913675.0	824193576.0			2-8	2130.0	14.0
202135080107	ダ	左	1200	曇	良	15:50	C2七組		2021-8-1	3	盛岡	4			1	250	1	1	170	3	2	220	4	3.0	270	6.0	1-2	610	1	1-2	310	1	1-3	700	11	2-3	1,010	17	1=>2	1120	1	1-2-3	2420	9	1=>2=>3	7280	18			1,7,8,(2,9),4,6,3,5	128743965			1-2	550.0	1.0
202135080108	芝	左	1600	曇	良	16:25	2歳		2021-8-1	3	盛岡	4			8	2420	5	8	710	8	4	200	4	1.0	140	1.0	4-8	5750	18	4-8	1,240	17	1-8	1,160	13	1-4	440	6	8=>4	12160	35	1-4-8	5940	21	8=>4=>1	83000	167	85724136	85724136	8,5,7,(2,4),1,3,6	85247136					
202135080109	ダ	左	1400	曇	良	17:00	C1四組		2021-8-1	3	盛岡	4			3	2410	10	3	750	10	2	530	7	7.0	310	5.0	2-3	15150	43	2-3	4,290	41	3-7	3,070	35	2-7	2,020	27	3=>2	33290	90	2-3-7	33100	108	3=>2=>7	249570	671			3104296117851.0	3294610711851.0			2-3	13870.0	27.0
202135080110	ダ	左	1400	小雨	良	17:35	メンケント賞		2021-8-1	3	盛岡	4			4	830	3	4	230	2	10	330	5	11.0	340	6.0	4-10	2600	8	4-10	900	10	4-11	1,030	12	10-11	900	9	4=>10	5990	20	4-10-11	7350	27	4=>10=>11	38040	120			4,5,(7,10),8,12,2,9,1,11,6,3	4,10,5,8,9,7,(2,12),1,11,6,3			4-7	530.0	1.0
202135080201	ダ	左	1400	晴	良	12:00	2歳		2021-8-2	3	盛岡	5			11	110	1	11	100	1	7	120	2	10.0	220	5.0	7-11	290	1	7-11	170	1	10-11	280	4	7-10	530	6	11=>7	350	1	7-10-11	670	1	11=>7=>10	1350	1			7,(8,9),11,6,4,1,2,10,5,3	7119810426153			6-8	260.0	1.0
202135080202	ダ	左	1200	晴	良	12:30	3歳C2三組		2021-8-2	3	盛岡	5			9	150	1	9	130	1	5	170	5	7.0	160	4.0	5-9	510	3	5-9	230	3	7-9	360	4	5-7	700	10	9=>5	700	3	5-7-9	980	5	9=>5=>7	3000	9			679582134.0	679581243.0			5-8	540.0	3.0
202135080203	ダ	左	1200	晴	良	13:05	3歳C2二組		2021-8-2	3	盛岡	5			7	550	3	7	120	3	1	100	1	2.0	110	2.0	1-7	580	2	1-7	210	2	2-7	210	3	1-2	120	1	7=>1	1360	5	1-2-7	320	1	7=>1=>2	3550	11			24719836.0	27419386.0			1-7	790.0	3.0
202135080204	ダ	左	1200	晴	良	13:40	3歳C2一組		2021-8-2	3	盛岡	5			9	190	1	9	120	2	2	110	1	3.0	270	6.0	2-9	300	1	2-9	170	1	3-9	460	8	2-3	400	6	9=>2	630	1	2-3-9	950	3	9=>2=>3	3090	9			1,2,3,6,8,4,9,7-5	219348675			2-8	370.0	1.0
202135080205	ダ	左	1000	晴	良	14:15	C2		2021-8-2	3	盛岡	5			9	300	2	9	110	1	10	120	2	5.0	200	5.0	9-10	460	2	9-10	210	1	5-9	460	8	5-10	400	5	9=>10	940	2	5-9-10	820	3	9=>10=>5	4280	12			49101685273.0	49101658273.0			8-8	400.0	2.0
202135080206	ダ	左	1200	曇	良	14:50	C2六組		2021-8-2	3	盛岡	5			4	120	1	4	100	1	6	130	2				4-6	270	1	4-6	130	1	4-5	160	3	5-6	210	4	4=>6	270	1	4-5-6	250	1	4=>6=>5	740	2			46512.0	46512.0					
202135080207	ダ	左	1400	曇	良	15:25	C2五組		2021-8-2	3	盛岡	5			3	500	3	3	150	2	5	120	1				3-5	280	1	3-5	120	1	3-4	210	5	4-5	160	2	3=>5	900	4	3-4-5	220	1	3=>5=>4	1370	3			345261.0	345216.0					
202135080208	ダ	左	1400	曇	良	16:00	C2四組		2021-8-2	3	盛岡	5			6	1520	3	6	180	3	5	100	1				5-6	290	2	5-6	160	1	6-7	1,100	14	5-7	370	7	6=>5	2380	8	5-6-7	1560	8	6=>5=>7	21890	42			5673421	(5,6),7,4,2,1,3					
202135080209	ダ	左	1400	曇	良	16:35	C1		2021-8-2	3	盛岡	5			3	170	1	3	140	1	4	180	3	10.0	1,030	11.0	3-4	800	3	3-4	310	1	3-10	1,460	22	4-10	2,510	32	3=>4	1070	3	3-4-10	10760	44	3=>4=>10	21670	73			3,5,8,(4,9),11,1,10,6,2,7	3,5,4,8,11,(6,10),9,1,2,7			3-4	790.0	3.0
202135080210	ダ	左	1400	曇	良	17:10	スカビオサ賞		2021-8-2	3	盛岡	5			5	710	4	5	200	4	10	290	6	6.0	170	3.0	5-10	2590	11	5-10	770	11	5-6	480	8	6-10	460	7	5=>10	5160	21	5-6-10	2600	10	5=>10=>6	19370	76			5101976342.0	5101697342.0			5-8	2080.0	11.0
202135080211	芝	左	1700	曇	良	17:50	区界高原賞 		2021-8-2	3	盛岡	5	(定量)		8	9340	12	8	1,370	12	11	460	7	6.0	130	1.0	8-11	39230	56	8-11	8,260	58	6-8	1,550	16	6-11	690	7	8=>11	122740	119	6-8-11	17760	59	8=>11=>6	469280	723	111628391241057	111263812941057	11,6,9,(2,1),8,12,3,10,4,5-7	11,6,9,2,8,12,4,1,3,10,5-7			6-8	9280.0	24.0
202135080212	ダ	左	1600	曇	良	18:30	大暑特別 		2021-8-2	3	盛岡	5	(別定)		9	1980	6	9	220	5	3	170	3	7.0	130	1.0	3-9	5600	14	3-9	1,390	15	7-9	780	11	3-7	380	5	9=>3	16060	34	3-7-9	4350	14	9=>3=>7	63270	142			7,8,5,9,(1,2),3,6,4	789512364			3-8	3120.0	14.0
202135080301	ダ	左	1200	曇	良	12:25	2歳		2021-8-3	3	盛岡	6			10	250	1	10	130	1	7	170	3	5.0	450	7.0	7-10	1050	4	7-10	510	5	5-10	930	12	5-7	1,830	22	10=>7	1370	4	5-7-10	5370	23	10=>7=>5	17040	60			3410217118569	(3,4),10,1,7,5,11,8,2,6,9			6-8	710.0	3.0
202135080302	ダ	左	1000	曇	良	13:00	C2		2021-8-3	3	盛岡	6			2	160	1	2	110	1	5	150	2				2-5	350	1	2-5	190	1	2-6	360	7	5-6	720	12	2=>5	480	1	2-5-6	1530	7	2=>5=>6	3460	9			2473651.0	2735461.0					
202135080303	ダ	左	1400	晴	良	13:35	C2三組		2021-8-3	3	盛岡	6			6	370	2	6	210	2	7	740	6				6-7	2560	12	6-7	700	13	5-6	220	1	5-7	430	9	6=>7	3860	22	5-6-7	1510	7	6=>7=>5	13610	65			5647231	(5,6),7,4,3,2,1					
