horse_id	年度	順位	出走頭数	勝馬頭数	出走回数	勝利回数	出走/重賞	勝利/重賞	出走/特別	特別/勝利	出走/平場	平場/勝利	出走/芝	芝/勝利	出走/ダート	ダート/勝利	勝馬率	EI	入着賞金(万円)	平均距離(芝)	平均距離(ダ)	代表馬	勝利/特別	勝利/平場	勝利/芝	重賞/出走	重賞/勝利	特別/出走	平場/出走	芝/出走	ダート/出走	勝利/ダート
000a00166f	2003	867	1	0	2	0	0.0	0.0	1.0	0.0	1.0	0.0	1.0	0.0	1.0	0.0	0.0	0.0	0.0	0.0	0.0	1998110080.0										
000a00166f	2002	879	1	0	2	0	0.0	0.0	0.0	0.0	2.0	0.0	1.0	0.0	1.0	0.0	0.0	0.0	0.0	0.0	0.0	1998110080.0										
000a00166f	2001	820	1	0	7	0	0.0	0.0	3.0	0.0	4.0	0.0	6.0	0.0	1.0	0.0	0.0	0.22	170.0	0.0	0.0	1998110080.0										
000a00166f	2000	493	2	1	7	1	2.0	0.0	3.0	0.0	2.0	1.0	6.0	1.0	1.0	0.0	0.5	1.01	1644.2	1000.0	0.0	1994109648.0										
000a00166f	1999	881	1	0	3	0	0.0	0.0	3.0	0.0	0.0	0.0	0.0	0.0	3.0	0.0	0.0	0.0	0.0	0.0	0.0	1994109648.0										
000a00166f	1998	440	1	1	9	1	2.0	0.0	7.0	1.0	0.0	0.0	2.0	0.0	7.0	1.0	1.0	2.51	2184.5	0.0	1200.0	1994109648.0										
000a00166f	1997	256	2	1	11	3	1.0	0.0	9.0	3.0	1.0	0.0	4.0	0.0	7.0	3.0	0.5	3.2	5582.4	0.0	1500.0	1994109648.0										
000a00166f	1996	266	4	2	27	3	1.0	0.0	11.0	0.0	15.0	3.0	6.0	1.0	21.0	2.0	0.5	1.3	4600.5	1400.0	1100.0	1993109901.0										
000a00166f	1995	366	1	1	11	1	1.0	0.0	10.0	1.0	0.0	0.0	5.0	0.0	6.0	1.0	1.0	3.18	2765.2	0.0	1000.0	1992110169.0										
000a00166f	1994	460	1	1	3	2	0.0	0.0	2.0	1.0	1.0	1.0	1.0	0.0	2.0	2.0	1.0	1.8	1560.6	0.0	1300.0	1992110169.0										
000a000d87	2009	436	1	0	5	0	0.0	0.0	4.0	0.0	1.0	0.0	5.0	0.0	0.0	0.0	0.0	0.0	0.0	0.0	0.0	1997105426.0										
000a000d87	2008	464	2	0	2	0	1.0	0.0	0.0	0.0	1.0	0.0	2.0	0.0	0.0	0.0	0.0	0.0	0.0	0.0	0.0	1997105426.0										
000a000d87	2007	352	2	0	16	0	0.0	0.0	2.0	0.0	14.0	0.0	6.0	0.0	10.0	0.0	0.0	0.71	932.5	0.0	0.0	2002110156.0										
000a000d87	2006	106	4	1	15	1	2.0	1.0	7.0	0.0	6.0	0.0	5.0	1.0	10.0	0.0	0.25	4.02	10558.0	1600.0	0.0	1999190016.0										
000a000d87	2005	180	5	1	31	1	7.0	0.0	12.0	0.0	12.0	1.0	8.0	0.0	16.0	1.0	0.2	1.28	4248.0	0.0	1200.0	1999190016.0										
000a000d87	2004	202	7	1	29	1	2.0	0.0	15.0	1.0	12.0	0.0	10.0	0.0	17.0	1.0	0.143	0.89	4265.8	0.0	1400.0	1997105426.0										
000a000d87	2003	80	15	3	96	5	14.0	1.0	55.0	4.0	27.0	0.0	48.0	4.0	40.0	1.0	0.2	1.72	18005.8	1150.0	1400.0	1997104609.0										
000a000d87	2002	43	26	13	158	17	6.0	1.0	70.0	12.0	82.0	4.0	82.0	10.0	66.0	7.0	0.5	2.0	37871.0	1590.0	1642.9	1997106977.0										
000a000d87	2001	49	28	13	198	19	3.0	0.0	69.0	6.0	126.0	13.0	84.0	4.0	107.0	14.0	0.464	1.58	33860.6	2050.0	1392.9	1997106977.0										
000a000d87	2000	54	53	22	350	27	3.0	0.0	51.0	0.0	296.0	27.0	169.0	8.0	181.0	19.0	0.415	0.75	32390.1	1562.5	1389.5	1997106934.0										
000a000d87	1999	116	31	8	127	8	6.0	0.0	15.0	0.0	106.0	8.0	73.0	3.0	54.0	5.0	0.258	0.53	13852.4	1400.0	1180.0	1997106698.0										
000a000d87	1998	131	7	3	39	4	5.0	1.0	6.0	0.0	28.0	3.0	26.0	4.0	10.0	0.0	0.429	2.05	12455.5	1825.0	0.0	1993109979.0										
000a000d87	1997	146	7	1	30	1	6.0	1.0	3.0	0.0	21.0	0.0	20.0	1.0	10.0	0.0	0.143	1.91	11671.5	1600.0	0.0	1993109979.0										
000a000d87	1996	157	7	2	59	5	3.0	0.0	18.0	2.0	38.0	3.0	27.0	4.0	32.0	1.0	0.286	1.75	10850.2	1300.0	1400.0	1993109979.0										
000a000d87	1995	129	8	5	56	8	2.0	0.0	17.0	3.0	37.0	5.0	30.0	4.0	26.0	4.0	0.625	1.84	12831.4	1400.0	1375.0	1992110217.0										
000a000d87	1994	521	1	1	2	1	0.0	0.0	0.0	0.0	2.0	1.0	1.0	1.0	1.0	0.0	1.0	0.78	679.0	1200.0	0.0	1992110217.0										
000a001ce7	2007	451	1	0	4	0	0.0	0.0	0.0	0.0	4.0	0.0	0.0	0.0	4.0	0.0	0.0	0.28	184.0	0.0	0.0	2002100896.0										
000a001ce7	2006	485	1	0	3	0	0.0	0.0	0.0	0.0	3.0	0.0	1.0	0.0	2.0	0.0	0.0	0.0	0.0	0.0	0.0	2002100896.0										
000a001ce7	2005	294	3	1	12	2	2.0	0.0	2.0	0.0	8.0	2.0	6.0	0.0	6.0	2.0	0.333	0.68	1360.0	0.0	1550.0	2002100896.0										
000a001ce7	2004	414	1	0	2	0	0.0	0.0	0.0	0.0	2.0	0.0	2.0	0.0	0.0	0.0	0.0	0.37	255.0	0.0	0.0	2002100896.0										
000a001ce7	1999	248	4	2	24	3	0.0	0.0	8.0	1.0	16.0	2.0	16.0	2.0	4.0	1.0	0.5	1.25	4206.8	1500.0	1200.0	1994109556.0										
000a001ce7	1998	317	4	0	13	0	2.0	0.0	3.0	0.0	8.0	0.0	11.0	0.0	2.0	0.0	0.0	0.75	2598.3	0.0	0.0	1995108684.0										
000a001ce7	1997	216	5	4	18	5	2.0	0.0	6.0	1.0	10.0	4.0	14.0	4.0	4.0	1.0	0.8	1.45	6312.3	1700.0	1000.0	1995108684.0										
000a001ce7	1996	382	3	0	18	0	0.0	0.0	7.0	0.0	11.0	0.0	13.0	0.0	4.0	0.0	0.0	0.64	1697.8	0.0	0.0	1991109913.0										
000a001ce7	1995	614	3	0	7	0	0.0	0.0	1.0	0.0	6.0	0.0	4.0	0.0	3.0	0.0	0.0	0.03	74.0	0.0	0.0	1991109913.0										
000a001ce7	1994	387	1	1	5	2	0.0	0.0	3.0	0.0	2.0	2.0	5.0	2.0	0.0	0.0	1.0	2.08	1803.7	1200.0	0.0	1991109913.0										
000a000013	2017	352	1	0	6	0	0.0	0.0	0.0	0.0	6.0	0.0	0.0	0.0	6.0	0.0	0.0	0.12	75.0	0.0	0.0	2009105651.0										
000a000013	2016	262	5	0	28	0	4.0	0.0	6.0	0.0	18.0	0.0	0.0	0.0	28.0	0.0	0.0	0.33	1020.0	0.0	0.0	2010103656.0										
000a000013	2015	155	9	2	31	2	3.0	0.0	14.0	1.0	14.0	1.0	3.0	0.0	27.0	2.0	0.222	0.69	3795.9	0.0	1275.0	2006102967.0										
000a000013	2014	85	21	5	81	6	2.0	0.0	35.0	4.0	44.0	2.0	9.0	0.0	66.0	6.0	0.238	1.0	12817.6	0.0	1583.3	2009105651.0										
000a000013	2013	44	55	16	267	22	2.0	0.0	93.0	6.0	172.0	16.0	30.0	0.0	228.0	21.0	0.291	1.05	34376.8	0.0	1514.3	2007102241.0										
000a000013	2012	37	76	23	339	30	7.0	0.0	103.0	6.0	229.0	24.0	54.0	3.0	278.0	26.0	0.303	0.87	39291.0	1233.3	1400.0	2008103756.0										
000a000013	2011	33	102	25	465	33	23.0	0.0	132.0	9.0	310.0	24.0	125.0	3.0	331.0	30.0	0.245	0.89	55566.4	1133.3	1363.3	2007105813.0										
000a000013	2010	29	121	30	558	41	24.0	1.0	132.0	12.0	402.0	28.0	138.0	9.0	405.0	30.0	0.248	0.92	69056.0	1755.6	1506.7	2004103249.0										
000a000013	2009	21	131	40	648	58	22.0	1.0	152.0	19.0	474.0	38.0	138.0	12.0	501.0	46.0	0.305	1.28	105631.2	1483.3	1433.7	2004103249.0										
000a000013	2008	18	129	37	609	56	23.0	0.0	150.0	20.0	436.0	36.0	132.0	11.0	465.0	44.0	0.287	1.25	101795.2	1418.2	1501.1	2003104100.0										
000a000013	2007	17	146	52	705	64	24.0	1.0	174.0	12.0	507.0	51.0	182.0	14.0	503.0	47.0	0.356	1.04	99189.3	1850.0	1507.5	2002104852.0										
000a000013	2006	13	169	52	839	68	17.0	0.0	217.0	14.0	605.0	54.0	161.0	6.0	652.0	61.0	0.308	1.01	112369.1	1600.0	1494.3	2003104100.0										
000a000013	2005	10	164	54	837	74	26.0	1.0	154.0	5.0	657.0	68.0	128.0	1.0	696.0	72.0	0.3289999999999999	1.11	120491.5	1200.0	1448.6	2000101588.0										
000a000013	2004	7	179	53	858	79	19.0	0.0	172.0	17.0	667.0	62.0	172.0	5.0	669.0	74.0	0.296	1.05	128459.2	1480.0	1402.0	1999102949.0										
000a000013	2003	8	180	64	947	81	32.0	1.0	210.0	12.0	705.0	68.0	221.0	10.0	704.0	70.0	0.356	1.03	130216.6	1200.0	1431.4	2000104896.0										
000a000013	2002	4	168	68	976	98	32.0	3.0	314.0	27.0	630.0	68.0	270.0	20.0	688.0	77.0	0.405	1.44	176696.1	1500.0	1435.1	1997106560.0										
000a000013	2001	4	182	83	1113	122	26.0	1.0	284.0	29.0	803.0	92.0	335.0	19.0	771.0	102.0	0.456	1.38	192064.1	1463.2	1479.4	1997102034.0										
000a000013	2000	5	155	76	953	97	17.0	0.0	227.0	20.0	709.0	77.0	331.0	19.0	610.0	77.0	0.49	1.1	139048.9	1494.7	1448.1	1997102034.0										
000a000013	1999	8	104	56	607	70	29.0	1.0	121.0	12.0	457.0	57.0	269.0	24.0	335.0	46.0	0.5379999999999999	1.19	104056.1	1600.0	1452.2	1996101283.0										
000a000013	1998	49	31	12	130	20	4.0	1.0	33.0	6.0	93.0	13.0	57.0	3.0	73.0	17.0	0.387	1.28	34621.3	1400.0	1323.5	1995109028.0										
000a000013	1997	154	9	5	50	7	3.0	0.0	19.0	3.0	28.0	4.0	31.0	1.0	19.0	6.0	0.556	1.33	10401.7	1200.0	1500.0	1993110020.0										
000a000013	1996	159	7	3	40	4	7.0	0.0	18.0	2.0	15.0	2.0	29.0	1.0	11.0	3.0	0.429	1.72	10644.3	1800.0	1400.0	1991105227.0										
000a000013	1995	186	6	4	22	5	5.0	0.0	4.0	0.0	13.0	5.0	18.0	2.0	4.0	3.0	0.667	1.44	7539.4	1200.0	1533.3	1991105227.0										
000a000013	1994	80	1	1	12	3	8.0	2.0	3.0	0.0	1.0	1.0	9.0	2.0	3.0	1.0	1.0	23.34	20207.9	1600.0	1200.0	1991105227.0										
000a000d53	2002	507	1	0	2	0	0.0	0.0	0.0	0.0	2.0	0.0	1.0	0.0	1.0	0.0	0.0	0.0	0.0	0.0	0.0	1997103761.0										
000a000d53	2001	520	2	0	3	0	1.0	0.0	0.0	0.0	2.0	0.0	2.0	0.0	1.0	0.0	0.0	0.0	0.0	0.0	0.0	1994108104.0										
000a000d53	2000	315	4	0	20	0	4.0	0.0	2.0	0.0	14.0	0.0	18.0	0.0	2.0	0.0	0.0	0.65	2113.0	0.0	0.0	1995107404.0										
000a000d53	1999	57	6	4	44	7	10.0	2.0	9.0	3.0	25.0	2.0	30.0	6.0	10.0	1.0	0.667	6.01	30273.2	2150.0	1700.0	1995107393.0										
000a000d53	1998	26	12	2	80	8	7.0	3.0	18.0	3.0	55.0	2.0	44.0	8.0	36.0	0.0	0.1669999999999999	4.82	50242.1	2162.5	0.0	1995107393.0										
000a000d53	1997	234	22	4	108	4	0.0	0.0	10.0	0.0	98.0	4.0	41.0	0.0	67.0	4.0	0.182	0.29	5513.9	0.0	1600.0	1993108639.0										
000a000d53	1996	200	20	4	109	5	1.0	0.0	4.0	0.0	104.0	5.0	31.0	1.0	78.0	4.0	0.2	0.43	7603.5	1200.0	1375.0	1993109353.0										
000a000d53	1995	320	12	2	63	2	0.0	0.0	4.0	0.0	59.0	2.0	22.0	0.0	41.0	2.0	0.1669999999999999	0.27	2840.0	0.0	1100.0	1992108844.0										
000a000d53	1994	462	3	1	7	1	0.0	0.0	0.0	0.0	7.0	1.0	5.0	1.0	2.0	0.0	0.3329999999999999	0.42	1099.0	1000.0	0.0	1992108829.0										
1979109007	2000	526	1	0	1	0	0.0	0.0	1.0	0.0	0.0	0.0	0.0	0.0	1.0	0.0	0.0	0.0	0.0	0.0	0.0	1996110217.0										
1979109007	1999	489	1	0	5	0	0.0	0.0	0.0	0.0	5.0	0.0	2.0	0.0	3.0	0.0	0.0	0.58	484.0	0.0	0.0	1996110217.0										
1979109007	1996	581	2	0	5	0	0.0	0.0	0.0	0.0	5.0	0.0	3.0	0.0	2.0	0.0	0.0	0.04	75.0	0.0	0.0	1993109973.0										
1979109007	1994	651	1	0	1	0	1.0	0.0	0.0	0.0	0.0	0.0	1.0	0.0	0.0	0.0	0.0	0.0	0.0	0.0	0.0	1988109112.0										
000a0001a7	2014	363	1	0	2	0	0.0	0.0	2.0	0.0	0.0	0.0	2.0	0.0	0.0	0.0	0.0	0.0	0.0	0.0	0.0	2005106641.0										
000a0001a7	2013	382	2	0	4	0	0.0	0.0	2.0	0.0	2.0	0.0	3.0	0.0	0.0	0.0	0.0	0.0	0.0	0.0	0.0	2005106641.0										
000a0001a7	2012	390	1	0	2	0	0.0	0.0	0.0	0.0	2.0	0.0	0.0	0.0	0.0	0.0	0.0	0.0	0.0	0.0	0.0	2005106641.0										
000a0001a7	2011	224	6	0	24	0	0.0	0.0	17.0	0.0	7.0	0.0	5.0	0.0	17.0	0.0	0.0	0.48	1764.1	0.0	0.0	2005104817.0										
000a0001a7	2010	104	11	2	64	2	0.0	0.0	30.0	1.0	34.0	1.0	10.0	0.0	51.0	2.0	0.182	1.6	10952.4	0.0	1300.0	2005106476.0										
000a0001a7	2009	106	21	5	97	6	3.0	0.0	35.0	1.0	59.0	5.0	30.0	1.0	62.0	4.0	0.238	0.79	10440.7	2600.0	1500.0	2005104817.0										
000a0001a7	2008	56	48	11	234	19	5.0	1.0	51.0	5.0	178.0	13.0	77.0	6.0	149.0	13.0	0.2289999999999999	0.97	29337.4	1700.0	1661.5	2005106924.0										
000a0001a7	2007	69	51	6	218	8	7.0	1.0	65.0	2.0	146.0	5.0	69.0	5.0	147.0	3.0	0.118	0.71	23562.6	1640.0	1533.3	2002102739.0										
000a0001a7	2006	31	67	20	330	23	10.0	0.0	108.0	7.0	212.0	16.0	70.0	8.0	251.0	15.0	0.299	1.08	47642.6	1600.0	1650.0	2001103274.0										
000a0001a7	2005	19	129	33	618	41	25.0	0.0	132.0	8.0	461.0	33.0	143.0	9.0	454.0	32.0	0.256	0.78	66851.4	1833.3	1539.1	2001103274.0										
000a0001a7	2004	14	171	48	752	61	12.0	0.0	151.0	12.0	589.0	49.0	200.0	11.0	525.0	44.0	0.281	0.81	94387.5	1681.8	1620.5	2000105563.0										
000a0001a7	2003	10	185	50	911	67	16.0	0.0	181.0	11.0	714.0	56.0	287.0	16.0	581.0	48.0	0.27	0.86	111855.7	1650.0	1456.3	1997106688.0										
000a0001a7	2002	10	170	56	846	71	24.0	1.0	157.0	9.0	665.0	61.0	264.0	22.0	542.0	43.0	0.3289999999999999	0.92	113736.3	1640.9	1567.4	1997100403.0										
000a0001a7	2001	8	167	60	828	70	29.0	1.0	190.0	9.0	609.0	60.0	273.0	17.0	531.0	49.0	0.359	0.88	112672.7	1600.0	1526.5	1997100403.0										
000a0001a7	2000	7	168	49	856	70	36.0	4.0	170.0	8.0	650.0	58.0	258.0	15.0	561.0	52.0	0.292	0.98	133499.0	1473.3	1442.3	1994102837.0										
000a0001a7	1999	4	145	57	857	75	33.0	3.0	183.0	12.0	641.0	60.0	278.0	13.0	553.0	58.0	0.3929999999999999	1.11	135536.2	1507.7	1512.1	1994102837.0										
000a0001a7	1998	5	141	54	675	67	43.0	2.0	149.0	17.0	483.0	48.0	238.0	17.0	424.0	47.0	0.3829999999999999	1.04	127438.6	1494.1	1476.6	1992109729.0										
000a0001a7	1997	4	120	47	621	71	44.0	1.0	151.0	24.0	426.0	46.0	277.0	32.0	332.0	38.0	0.392	1.19	124935.9	1475.0	1429.0	1992109729.0										
000a0001a7	1996	6	87	47	455	66	23.0	2.0	114.0	15.0	318.0	49.0	223.0	26.0	223.0	36.0	0.54	1.38	106429.2	1580.8	1436.1	1993104349.0										
000a0001a7	1995	18	58	27	292	37	25.0	1.0	61.0	8.0	206.0	28.0	165.0	18.0	127.0	19.0	0.466	1.17	59139.9	1555.6	1494.7	1992103929.0										
000a0001a7	1994	115	18	12	68	13	2.0	0.0	15.0	1.0	51.0	12.0	47.0	10.0	21.0	3.0	0.667	0.86	13419.7	1360.0	1266.7	1992109454.0										
000a001dbb	2005	476	1	0	4	0	0.0	0.0	4.0	0.0	0.0	0.0	2.0	0.0	2.0	0.0	0.0	0.0	0.0	0.0	0.0	1997110086.0										
000a001dbb	2004	465	1	0	2	0	0.0	0.0	2.0	0.0	0.0	0.0	2.0	0.0	0.0	0.0	0.0	0.0	0.0	0.0	0.0	1997110086.0										
000a001dbb	2003	216	1	0	16	0	0.0	0.0	16.0	0.0	0.0	0.0	15.0	0.0	1.0	0.0	0.0	5.19	3629.3	0.0	0.0	1997110086.0										
000a001dbb	2001	431	1	0	6	0	4.0	0.0	2.0	0.0	0.0	0.0	5.0	0.0	1.0	0.0	0.0	0.85	650.0	0.0	0.0	1997110086.0										
000a001dbb	2000	192	1	0	7	0	6.0	0.0	1.0	0.0	0.0	0.0	6.0	0.0	1.0	0.0	0.0	7.35	5981.4	0.0	0.0	1997110086.0										
000a001dbb	1999	230	3	1	18	2	3.0	0.0	2.0	1.0	13.0	1.0	13.0	2.0	5.0	0.0	0.333	1.98	4974.5	1700.0	0.0	1997110086.0										
000a001dbb	1998	581	1	0	2	0	0.0	0.0	0.0	0.0	2.0	0.0	1.0	0.0	1.0	0.0	0.0	0.0	0.0	0.0	0.0	1996110207.0										
000a001dbb	1997	603	1	0	4	0	0.0	0.0	0.0	0.0	4.0	0.0	0.0	0.0	3.0	0.0	0.0	0.0	0.0	0.0	0.0	1992110197.0										
000a001dbb	1996	542	1	0	8	0	0.0	0.0	1.0	0.0	7.0	0.0	1.0	0.0	7.0	0.0	0.0	0.3	264.0	0.0	0.0	1992110197.0										
000a001dbb	1995	451	1	1	8	1	0.0	0.0	0.0	0.0	8.0	1.0	0.0	0.0	8.0	1.0	1.0	1.2	1040.0	0.0	1000.0	1992110197.0										
000a001dbb	1994	545	1	1	4	1	0.0	0.0	1.0	0.0	3.0	1.0	2.0	0.0	2.0	1.0	1.0	0.58	500.0	0.0	1200.0	1992110197.0										
000a001815	2008	464	3	0	8	0	0.0	0.0	2.0	0.0	6.0	0.0	3.0	0.0	5.0	0.0	0.0	0.0	0.0	0.0	0.0	2006104512.0										
000a001815	2007	195	2	2	11	2	0.0	0.0	9.0	1.0	2.0	1.0	6.0	0.0	5.0	2.0	1.0	3.14	4116.1	0.0	1100.0	2001110241.0										
000a001815	2006	181	3	2	15	2	1.0	0.0	5.0	1.0	9.0	1.0	4.0	1.0	11.0	1.0	0.667	2.46	4833.9	1200.0	1000.0	2001110241.0										
000a001815	2005	263	5	1	19	1	0.0	0.0	9.0	0.0	10.0	1.0	8.0	0.0	11.0	1.0	0.2	0.56	1845.7	0.0	1000.0	2001110241.0										
000a001815	2004	216	8	2	28	3	4.0	0.0	9.0	0.0	15.0	3.0	20.0	0.0	8.0	3.0	0.25	0.68	3720.0	0.0	1066.7	1999107138.0										
000a001815	2003	129	7	2	28	5	1.0	0.0	15.0	5.0	12.0	0.0	23.0	5.0	5.0	0.0	0.286	1.81	8872.3	1620.0	0.0	1999107138.0										
000a001815	2002	193	11	3	60	4	0.0	0.0	18.0	0.0	42.0	4.0	39.0	3.0	20.0	1.0	0.273	0.76	6050.4	1466.7	1200.0	1999107138.0										
000a001815	2001	234	12	3	53	3	0.0	0.0	11.0	0.0	42.0	3.0	27.0	1.0	19.0	2.0	0.25	0.43	3915.0	1400.0	1350.0	1997101958.0										
000a001815	2000	167	14	5	81	6	9.0	0.0	17.0	1.0	55.0	5.0	58.0	4.0	17.0	1.0	0.357	0.67	7646.9	1850.0	1800.0	1997110216.0										
000a001815	1999	302	10	1	58	1	6.0	0.0	15.0	0.0	37.0	1.0	46.0	1.0	12.0	0.0	0.1	0.34	2835.1	1000.0	0.0	1997101958.0										
000a001815	1998	199	9	3	48	3	11.0	0.0	10.0	1.0	27.0	2.0	39.0	2.0	9.0	1.0	0.333	0.89	6991.1	1300.0	1400.0	1995108800.0										
000a001815	1997	66	8	3	35	4	17.0	1.0	7.0	1.0	11.0	2.0	30.0	4.0	5.0	0.0	0.375	3.85	26850.4	1100.0	0.0	1993109995.0										
000a001815	1996	44	5	4	50	11	11.0	4.0	11.0	3.0	28.0	4.0	40.0	10.0	10.0	1.0	0.8	7.74	34190.9	1730.0	1600.0	1993109995.0										
000a001815	1995	314	4	1	24	2	0.0	0.0	2.0	1.0	22.0	1.0	17.0	2.0	7.0	0.0	0.25	0.88	3053.0	1300.0	0.0	1993109995.0										
000a001815	1994	607	2	0	6	0	0.0	0.0	0.0	0.0	6.0	0.0	5.0	0.0	1.0	0.0	0.0	0.09	150.0	0.0	0.0	1992105317.0										
000a00191b	1995	825	1	0	1	0	1.0	0.0	0.0	0.0	0.0	0.0	1.0	0.0	0.0	0.0	0.0	0.0	0.0	0.0	0.0	1992190002.0										
000a00191b	1994	813	1	0	1	0	1.0	0.0	0.0	0.0	0.0	0.0	1.0	0.0	0.0	0.0	0.0	0.0	0.0	0.0	0.0	1989109108.0										
000a0016bd	2009	671	1	0	8	0	0.0	0.0	0.0	0.0	8.0	0.0	2.0	0.0	6.0	0.0	0.0	0.41	255.0	0.0	0.0	2006110038.0										
000a0016bd	2008	804	2	0	6	0	0.0	0.0	0.0	0.0	6.0	0.0	2.0	0.0	4.0	0.0	0.0	0.0	0.0	0.0	0.0	2005110021.0										
000a0016bd	2007	461	3	1	18	2	0.0	0.0	4.0	0.0	14.0	2.0	13.0	2.0	4.0	0.0	0.333	0.86	1690.0	1200.0	0.0	2003110029.0										
000a0016bd	2006	531	2	1	10	1	0.0	0.0	3.0	0.0	7.0	1.0	10.0	1.0	0.0	0.0	0.5	0.91	1195.3	1200.0	0.0	2003110029.0										
000a0016bd	2005	551	1	1	7	1	0.0	0.0	4.0	1.0	3.0	0.0	7.0	1.0	0.0	0.0	1.0	1.66	1106.0	1200.0	0.0	2001110168.0										
000a0016bd	2004	505	1	0	8	0	0.0	0.0	5.0	0.0	3.0	0.0	8.0	0.0	0.0	0.0	0.0	2.28	1551.2	0.0	0.0	2001110168.0										
000a0016bd	2003	504	1	1	5	1	1.0	0.0	2.0	0.0	2.0	1.0	5.0	1.0	0.0	0.0	1.0	2.27	1585.3	1200.0	0.0	2001110168.0										
000a0016bd	2002	879	2	0	11	0	0.0	0.0	4.0	0.0	7.0	0.0	7.0	0.0	4.0	0.0	0.0	0.0	0.0	0.0	0.0	1999110094.0										
000a0016bd	2001	737	3	0	16	0	0.0	0.0	5.0	0.0	11.0	0.0	8.0	0.0	6.0	0.0	0.0	0.21	491.0	0.0	0.0	1998110252.0										
000a0016bd	2000	241	2	1	15	3	8.0	0.0	3.0	0.0	4.0	3.0	11.0	0.0	4.0	3.0	0.5	3.68	5990.3	0.0	1333.3	1996110209.0										
000a0016bd	1999	224	2	1	9	1	6.0	1.0	1.0	0.0	2.0	0.0	8.0	1.0	1.0	0.0	0.5	3.8	6374.1	1600.0	0.0	1996110209.0										
000a0016bd	1998	123	2	1	10	3	8.0	1.0	1.0	1.0	1.0	1.0	9.0	2.0	1.0	1.0	0.5	7.52	13073.1	1600.0	1400.0	1996110209.0										
000a0016bd	1997	102	1	1	8	2	8.0	2.0	0.0	0.0	0.0	0.0	8.0	2.0	0.0	0.0	1.0	16.91	14745.0	1500.0	0.0	1991109943.0										
000a0016bd	1996	185	3	2	18	4	5.0	0.0	6.0	2.0	7.0	2.0	13.0	3.0	5.0	1.0	0.667	3.07	8143.6	1600.0	1400.0	1991109943.0										
000a0016bd	1995	188	2	2	12	6	0.0	0.0	8.0	4.0	4.0	2.0	10.0	5.0	2.0	1.0	1.0	4.28	7458.0	1640.0	1000.0	1991109943.0										
000a0016bd	1994	571	1	1	2	1	0.0	0.0	1.0	0.0	1.0	1.0	2.0	1.0	0.0	0.0	1.0	0.95	820.0	1600.0	0.0	1991109943.0										
000a001674	2007	829	1	0	4	0	0.0	0.0	0.0	0.0	4.0	0.0	1.0	0.0	3.0	0.0	0.0	0.0	0.0	0.0	0.0	2002101489.0										
000a001674	2006	665	2	0	8	0	0.0	0.0	0.0	0.0	8.0	0.0	0.0	0.0	8.0	0.0	0.0	0.49	640.0	0.0	0.0	2003101520.0										
000a001674	2005	722	3	0	8	0	0.0	0.0	0.0	0.0	8.0	0.0	3.0	0.0	5.0	0.0	0.0	0.18	350.0	0.0	0.0	2003101520.0										
000a001674	2004	565	2	1	11	1	0.0	0.0	0.0	0.0	11.0	1.0	0.0	0.0	11.0	1.0	0.5	0.81	1100.0	0.0	1000.0	2001102113.0										
000a001674	2003	687	3	0	21	0	0.0	0.0	6.0	0.0	15.0	0.0	5.0	0.0	16.0	0.0	0.0	0.25	525.0	0.0	0.0	1998101494.0										
000a001674	2002	494	4	1	25	1	0.0	0.0	2.0	0.0	23.0	1.0	2.0	0.0	23.0	1.0	0.25	0.56	1625.0	0.0	1700.0	1998101494.0										
000a001674	2001	388	5	1	40	2	3.0	0.0	5.0	1.0	32.0	1.0	21.0	2.0	19.0	0.0	0.2	0.73	2795.2	1300.0	0.0	1999104180.0										
000a001674	2000	461	6	1	37	1	1.0	0.0	1.0	0.0	35.0	1.0	20.0	0.0	17.0	1.0	0.1669999999999999	0.38	1877.0	0.0	1200.0	1997110124.0										
000a001674	1999	250	8	2	45	3	0.0	0.0	22.0	0.0	23.0	3.0	35.0	1.0	10.0	2.0	0.25	0.78	5210.9	1400.0	1300.0	1994108568.0										
000a001674	1998	207	5	2	29	4	0.0	0.0	16.0	1.0	13.0	3.0	17.0	1.0	12.0	3.0	0.4	1.61	6998.8	1200.0	1133.3	1994109579.0										
000a001674	1997	206	8	4	40	4	1.0	0.0	18.0	1.0	21.0	3.0	25.0	2.0	15.0	2.0	0.5	1.03	7219.7	1600.0	1100.0	1992102077.0										
000a001674	1996	147	10	5	58	6	1.0	0.0	27.0	2.0	30.0	4.0	48.0	3.0	10.0	3.0	0.5	1.19	10485.0	1800.0	1333.3	1991103553.0										
000a001674	1995	177	5	3	25	5	5.0	0.0	8.0	2.0	12.0	3.0	20.0	3.0	5.0	2.0	0.6	1.82	7914.5	1466.7	1650.0	1992102077.0										
000a001674	1994	276	4	3	16	4	1.0	0.0	6.0	1.0	9.0	3.0	13.0	4.0	3.0	0.0	0.75	1.22	4227.8	1400.0	0.0	1992103613.0										
000a000d5d	2021	319	1	0	2	0	0.0	0.0	0.0	0.0	2.0	0.0	0.0	0.0	0.0	0.0	0.0	0.0	0.0	0.0	0.0	2013106436.0										
000a000d5d	2018	344	1	0	1	0	1.0	0.0	0.0	0.0	0.0	0.0	0.0	0.0	1.0	0.0	0.0	0.0	0.0	0.0	0.0	2013102272.0										
000a000d5d	2017	363	5	0	16	0	0.0	0.0	2.0	0.0	14.0	0.0	3.0	0.0	12.0	0.0	0.0	0.0	0.0	0.0	0.0	2013106436.0										
000a000d5d	2016	161	7	3	35	3	2.0	0.0	10.0	0.0	23.0	3.0	1.0	0.0	30.0	3.0	0.429	0.93	4039.2	0.0	1633.3	2009100547.0										
000a000d5d	2015	158	8	0	34	0	4.0	0.0	6.0	0.0	24.0	0.0	1.0	0.0	30.0	0.0	0.0	0.75	3711.2	0.0	0.0	2013106436.0										
000a000d5d	2014	83	10	3	58	5	3.0	1.0	17.0	2.0	38.0	2.0	6.0	0.0	49.0	5.0	0.3	2.16	13139.7	0.0	1500.0	2009106697.0										
000a000d5d	2013	116	14	4	62	6	0.0	0.0	11.0	0.0	51.0	6.0	3.0	0.0	57.0	6.0	0.286	0.84	7002.2	0.0	1600.0	2009106697.0										
000a000d5d	2012	83	28	6	151	7	3.0	0.0	33.0	0.0	115.0	7.0	18.0	0.0	132.0	6.0	0.214	0.81	13512.8	0.0	1516.7	2009106697.0										
000a000d5d	2011	95	35	7	137	8	0.0	0.0	31.0	2.0	106.0	6.0	30.0	1.0	104.0	7.0	0.2	0.56	12040.9	1600.0	1671.4	2006104087.0										
000a000d5d	2010	105	41	5	202	7	7.0	0.0	42.0	1.0	153.0	6.0	44.0	0.0	156.0	7.0	0.122	0.43	10940.3	0.0	1642.9	2006104087.0										
000a000d5d	2009	62	51	10	217	15	0.0	0.0	45.0	4.0	172.0	11.0	36.0	3.0	175.0	12.0	0.196	0.7	22481.0	1800.0	1591.7	2006104007.0										
000a000d5d	2008	63	66	10	282	16	2.0	0.0	52.0	4.0	228.0	12.0	67.0	2.0	210.0	14.0	0.152	0.65	26847.7	1900.0	1557.1	2004100804.0										
000a000d5d	2007	76	78	10	323	12	1.0	0.0	56.0	1.0	266.0	11.0	61.0	0.0	257.0	12.0	0.128	0.4	20268.9	0.0	1658.3	2001104554.0										
000a000d5d	2006	41	89	20	378	25	4.0	0.0	55.0	4.0	319.0	21.0	61.0	3.0	313.0	22.0	0.225	0.64	37322.3	1200.0	1479.6	2001104554.0										
000a000d5d	2005	56	71	14	320	16	3.0	0.0	39.0	1.0	278.0	15.0	52.0	1.0	266.0	15.0	0.197	0.63	29610.4	1200.0	1473.3	2001104554.0										
000a000d5d	2004	56	75	14	356	17	7.0	0.0	85.0	0.0	264.0	17.0	75.0	2.0	278.0	15.0	0.187	0.54	27478.6	1800.0	1360.0	2001104554.0										
000a000d5d	2003	48	77	18	341	23	10.0	1.0	44.0	1.0	287.0	21.0	70.0	4.0	268.0	19.0	0.234	0.67	35931.2	1600.0	1368.4	1996100756.0										
000a000d5d	2002	37	94	22	457	27	7.0	0.0	61.0	3.0	389.0	24.0	113.0	8.0	335.0	19.0	0.234	0.62	42658.2	1612.5	1373.7	1997105367.0										
000a000d5d	2001	39	76	21	362	27	5.0	0.0	82.0	3.0	275.0	24.0	121.0	5.0	238.0	21.0	0.276	0.76	44321.2	1280.0	1423.8	1998100770.0										
000a000d5d	2000	40	56	16	298	21	6.0	0.0	103.0	7.0	189.0	14.0	96.0	5.0	196.0	16.0	0.286	0.88	40114.8	1480.0	1381.3	1997102619.0										
000a000d5d	1999	39	50	18	266	24	10.0	2.0	66.0	3.0	190.0	19.0	59.0	4.0	203.0	19.0	0.36	0.94	39605.8	1150.0	1415.8	1995103789.0										
000a000d5d	1998	27	64	24	393	32	11.0	0.0	71.0	4.0	311.0	28.0	95.0	7.0	298.0	25.0	0.375	0.89	49270.1	1285.7	1424.0	1993109495.0										
000a000d5d	1997	46	54	15	290	20	7.0	0.0	47.0	1.0	236.0	19.0	96.0	3.0	191.0	17.0	0.278	0.76	35998.7	1133.3	1358.8	1995106502.0										
000a000d5d	1996	36	50	19	257	26	7.0	0.0	43.0	3.0	207.0	23.0	76.0	3.0	181.0	23.0	0.38	0.86	38127.8	1400.0	1443.5	1993109495.0										
000a000d5d	1995	73	39	14	186	18	5.0	1.0	23.0	2.0	158.0	15.0	64.0	6.0	122.0	12.0	0.359	0.73	24754.2	1433.3	1408.3	1993104292.0										
000a000d5d	1994	269	10	4	31	4	1.0	0.0	4.0	0.0	26.0	4.0	23.0	0.0	8.0	4.0	0.4	0.51	4434.2	0.0	1350.0	1992104156.0										
1986109001	2015	334	1	0	3	0	0.0	0.0	3.0	0.0	0.0	0.0	0.0	0.0	3.0	0.0	0.0	0.3	182.0	0.0	0.0	2008104287.0										
1986109001	2014	363	1	0	9	0	0.0	0.0	9.0	0.0	0.0	0.0	0.0	0.0	9.0	0.0	0.0	0.0	0.0	0.0	0.0	2008106091.0										
1986109001	2013	211	3	1	16	1	0.0	0.0	11.0	0.0	5.0	1.0	0.0	0.0	15.0	1.0	0.3329999999999999	1.19	2141.7	0.0	1800.0	2007109067.0										
1986109001	2012	333	4	0	16	0	0.0	0.0	9.0	0.0	7.0	0.0	1.0	0.0	12.0	0.0	0.0	0.16	390.0	0.0	0.0	2008106091.0										
1986109001	2011	208	5	1	16	1	0.0	0.0	5.0	1.0	11.0	0.0	1.0	0.0	14.0	1.0	0.2	0.71	2172.7	0.0	1700.0	2007109067.0										
1986109001	2010	277	7	1	31	1	1.0	0.0	7.0	0.0	23.0	1.0	6.0	1.0	24.0	0.0	0.143	0.33	1419.1	1200.0	0.0	2007109067.0										
1986109001	2009	280	14	2	40	2	0.0	0.0	3.0	0.0	37.0	2.0	14.0	1.0	25.0	1.0	0.143	0.15	1280.0	1200.0	1800.0	2006105373.0										
1986109001	2008	182	25	2	96	2	0.0	0.0	15.0	1.0	81.0	1.0	26.0	0.0	69.0	2.0	0.08	0.28	4392.8	0.0	1450.0	2004103973.0										
1986109001	2007	133	24	3	88	5	1.0	0.0	15.0	1.0	72.0	4.0	20.0	0.0	66.0	5.0	0.125	0.51	7966.1	0.0	1360.0	2005105620.0										
1986109001	2006	178	18	2	67	4	4.0	0.0	10.0	0.0	53.0	4.0	24.0	0.0	40.0	4.0	0.111	0.43	5035.0	0.0	1400.0	2003103420.0										
1986109001	2005	124	25	5	98	5	6.0	0.0	17.0	0.0	75.0	5.0	27.0	1.0	64.0	3.0	0.2	0.56	9340.6	1400.0	1633.3	2002101666.0										
1986109001	2004	113	25	3	94	5	4.0	0.0	23.0	2.0	67.0	3.0	33.0	2.0	61.0	3.0	0.12	0.68	11507.1	2500.0	1600.0	1999109221.0										
1986109001	2003	94	17	7	88	10	2.0	0.0	30.0	2.0	56.0	8.0	37.0	4.0	51.0	6.0	0.412	1.25	14826.1	1925.0	1583.3	1999109221.0										
1986109001	2002	98	31	7	140	8	5.0	0.0	46.0	3.0	89.0	5.0	58.0	3.0	77.0	5.0	0.226	0.69	15566.3	1933.3	1540.0	1998104910.0										
1986109001	2001	78	37	12	175	14	7.0	0.0	40.0	3.0	128.0	11.0	59.0	4.0	97.0	8.0	0.324	0.8	22548.5	1450.0	1487.5	1998106928.0										
1986109001	2000	76	40	11	189	13	3.0	0.0	51.0	3.0	135.0	10.0	42.0	3.0	144.0	9.0	0.275	0.68	22222.2	1333.3	1477.8	1995101485.0										
1986109001	1999	61	39	14	205	19	4.0	1.0	64.0	4.0	137.0	14.0	71.0	3.0	129.0	14.0	0.359	0.86	28302.2	1200.0	1485.7	1995101916.0										
1986109001	1998	40	40	22	239	28	4.0	0.0	63.0	5.0	172.0	23.0	79.0	5.0	155.0	23.0	0.55	1.15	39831.8	1080.0	1487.0	1992108088.0										
1986109001	1997	45	36	15	235	16	8.0	0.0	89.0	4.0	138.0	12.0	125.0	4.0	110.0	12.0	0.417	1.15	36254.8	1750.0	1725.0	1992108088.0										
1986109001	1996	35	36	15	165	26	7.0	1.0	48.0	5.0	110.0	20.0	95.0	10.0	68.0	16.0	0.417	1.21	38394.7	1740.0	1618.8	1992108088.0										
1986109001	1995	110	26	6	135	9	2.0	0.0	14.0	0.0	119.0	9.0	70.0	2.0	64.0	7.0	0.231	0.71	15988.8	1300.0	1442.9	1992108088.0										
1986109001	1994	317	5	3	19	4	0.0	0.0	3.0	1.0	16.0	3.0	16.0	3.0	3.0	1.0	0.6	0.78	3381.5	1600.0	1200.0	1992106937.0										
000a001daf	1995	722	1	0	7	0	0.0	0.0	2.0	0.0	5.0	0.0	1.0	0.0	6.0	0.0	0.0	0.34	300.0	0.0	0.0	1992110180.0										
000a001daf	1994	640	1	1	3	1	0.0	0.0	0.0	0.0	3.0	1.0	2.0	0.0	1.0	1.0	1.0	0.65	559.0	0.0	1200.0	1992110180.0										
000a001db6	1997	832	1	0	6	0	0.0	0.0	4.0	0.0	2.0	0.0	0.0	0.0	4.0	0.0	0.0	0.0	0.0	0.0	0.0	1992110190.0										
000a001db6	1996	268	2	1	17	2	0.0	0.0	3.0	1.0	14.0	1.0	4.0	0.0	13.0	2.0	0.5	2.54	4495.9	0.0	1300.0	1992110190.0										
000a001db6	1995	484	1	1	7	2	0.0	0.0	3.0	0.0	4.0	2.0	3.0	0.0	4.0	2.0	1.0	1.69	1470.0	0.0	1000.0	1992110190.0										
000a001db6	1994	720	1	0	2	0	0.0	0.0	0.0	0.0	2.0	0.0	0.0	0.0	2.0	0.0	0.0	0.28	240.0	0.0	0.0	1992110190.0										
000a001c0e	2009	436	1	0	1	0	0.0	0.0	0.0	0.0	1.0	0.0	0.0	0.0	1.0	0.0	0.0	0.0	0.0	0.0	0.0	2001110150.0										
000a001c0e	2008	464	1	0	6	0	0.0	0.0	1.0	0.0	5.0	0.0	1.0	0.0	5.0	0.0	0.0	0.0	0.0	0.0	0.0	2004110066.0										
000a001c0e	2007	421	3	0	22	0	0.0	0.0	10.0	0.0	12.0	0.0	11.0	0.0	11.0	0.0	0.0	0.19	366.0	0.0	0.0	1999110237.0										
000a001c0e	2006	265	2	1	15	1	0.0	0.0	9.0	0.0	6.0	1.0	4.0	0.0	11.0	1.0	0.5	1.54	2019.7	0.0	1200.0	1999110237.0										
000a001c0e	2005	422	5	0	21	0	0.0	0.0	15.0	0.0	6.0	0.0	8.0	0.0	13.0	0.0	0.0	0.09	290.0	0.0	0.0	1998110138.0										
000a001c0e	2004	304	4	1	27	1	0.0	0.0	13.0	0.0	14.0	1.0	2.0	0.0	25.0	1.0	0.25	0.46	1250.0	0.0	1000.0	2001110150.0										
000a001c0e	2003	307	4	0	18	0	3.0	0.0	10.0	0.0	5.0	0.0	5.0	0.0	13.0	0.0	0.0	0.58	1619.7	0.0	0.0	1996110334.0										
000a001c0e	2002	153	6	2	32	4	4.0	0.0	19.0	3.0	9.0	1.0	9.0	0.0	23.0	4.0	0.3329999999999999	1.83	7988.7	0.0	1575.0	1998110138.0										
000a001c0e	2001	144	8	4	40	7	5.0	1.0	13.0	2.0	22.0	4.0	7.0	1.0	32.0	6.0	0.5	1.58	9646.2	1400.0	1316.7	1999110237.0										
000a001c0e	2000	159	8	4	38	8	1.0	0.0	17.0	2.0	20.0	6.0	8.0	0.0	30.0	8.0	0.5	1.28	8313.2	0.0	1562.5	1996110189.0										
000a001c0e	1999	149	10	5	61	5	0.0	0.0	24.0	2.0	37.0	3.0	15.0	1.0	46.0	4.0	0.5	1.28	10701.6	1200.0	1000.0	1995108919.0										
000a001c0e	1998	132	10	6	56	6	1.0	0.0	18.0	2.0	37.0	4.0	13.0	1.0	43.0	5.0	0.6	1.42	12354.3	1200.0	1220.0	1994109540.0										
000a001c0e	1997	165	7	5	46	9	0.0	0.0	13.0	2.0	33.0	7.0	14.0	1.0	32.0	8.0	0.7140000000000001	1.52	9291.8	1200.0	1275.0	1995108919.0										
000a001c0e	1996	452	3	1	10	1	0.0	0.0	6.0	0.0	4.0	1.0	2.0	0.0	8.0	1.0	0.3329999999999999	0.4	1048.0	0.0	1400.0	1994109536.0										
000a001c0e	1995	254	2	2	8	4	0.0	0.0	5.0	2.0	3.0	2.0	1.0	0.0	7.0	4.0	1.0	2.73	4751.4	0.0	1475.0	1992110163.0										
000a001c0e	1994	490	1	1	2	1	0.0	0.0	0.0	0.0	2.0	1.0	2.0	1.0	0.0	0.0	1.0	0.96	830.0	1700.0	0.0	1992110163.0										
000a001d8b	2003	434	1	0	4	0	1.0	0.0	3.0	0.0	0.0	0.0	1.0	0.0	3.0	0.0	0.0	0.51	360.0	0.0	0.0	1994109369.0										
000a001d8b	2002	197	2	1	12	2	5.0	0.0	5.0	2.0	2.0	0.0	1.0	0.0	11.0	2.0	0.5	3.96	5761.5	0.0	1550.0	1994109369.0										
000a001d8b	2001	300	5	0	22	0	3.0	0.0	4.0	0.0	15.0	0.0	9.0	0.0	9.0	0.0	0.0	0.59	2243.7	0.0	0.0	1994109369.0										
000a001d8b	2000	119	7	2	27	3	3.0	1.0	13.0	2.0	11.0	0.0	10.0	1.0	17.0	2.0	0.286	2.26	12883.1	1200.0	1700.0	1994109369.0										
000a001d8b	1999	127	10	5	56	6	2.0	0.0	32.0	3.0	22.0	3.0	24.0	2.0	32.0	4.0	0.5	1.5	12576.7	1200.0	1550.0	1994109369.0										
000a001d8b	1998	97	12	8	87	12	3.0	1.0	33.0	3.0	51.0	8.0	27.0	4.0	60.0	8.0	0.667	1.84	19162.3	1375.0	1175.0	1994109369.0										
000a001d8b	1997	170	12	4	78	4	0.0	0.0	24.0	0.0	54.0	4.0	32.0	1.0	46.0	3.0	0.333	0.87	9077.8	1000.0	1266.7	1993110014.0										
000a001d8b	1996	137	9	7	59	9	1.0	0.0	22.0	3.0	36.0	6.0	22.0	3.0	37.0	6.0	0.778	1.7	13489.1	1333.3	1166.7	1994109369.0										
000a001d8b	1995	276	5	3	22	3	3.0	0.0	9.0	1.0	10.0	2.0	14.0	1.0	8.0	2.0	0.6	0.95	4119.6	1600.0	1400.0	1992110249.0										
000a001d8b	1994	465	2	1	4	1	0.0	0.0	0.0	0.0	4.0	1.0	2.0	0.0	2.0	1.0	0.5	0.62	1069.0	0.0	1400.0	1992110249.0										
000a000076	2009	436	1	0	3	0	0.0	0.0	0.0	0.0	3.0	0.0	0.0	0.0	0.0	0.0	0.0	0.0	0.0	0.0	0.0	2001101458.0										
000a000076	2008	433	2	0	5	0	0.0	0.0	0.0	0.0	5.0	0.0	0.0	0.0	1.0	0.0	0.0	0.1	130.0	0.0	0.0	2001101458.0										
000a000076	2007	327	4	0	18	0	0.0	0.0	0.0	0.0	18.0	0.0	2.0	0.0	6.0	0.0	0.0	0.47	1235.0	0.0	0.0	2001101458.0										
000a000076	2006	337	8	0	38	0	0.0	0.0	10.0	0.0	28.0	0.0	8.0	0.0	22.0	0.0	0.0	0.2	1057.0	0.0	0.0	2001101458.0										
000a000076	2005	134	12	3	51	5	1.0	0.0	6.0	0.0	44.0	5.0	2.0	0.0	40.0	3.0	0.25	0.98	7831.2	0.0	1566.7	1999102105.0										
000a000076	2004	168	19	3	107	4	0.0	0.0	4.0	0.0	103.0	4.0	23.0	1.0	84.0	3.0	0.158	0.46	5995.0	1700.0	1066.7	1999102105.0										
000a000076	2003	126	31	5	146	6	0.0	0.0	9.0	0.0	137.0	6.0	43.0	2.0	102.0	4.0	0.161	0.43	9254.0	1200.0	1650.0	1999104020.0										
000a000076	2002	183	28	5	152	5	0.0	0.0	8.0	0.0	144.0	5.0	62.0	1.0	90.0	4.0	0.179	0.31	6293.0	1200.0	1450.0	1999101156.0										
000a000076	2001	332	21	1	51	1	0.0	0.0	3.0	0.0	48.0	1.0	31.0	0.0	20.0	1.0	0.048	0.11	1801.0	0.0	1400.0	1999102105.0										
000a000076	1998	581	4	0	11	0	1.0	0.0	6.0	0.0	4.0	0.0	8.0	0.0	3.0	0.0	0.0	0.0	0.0	0.0	0.0	1995108909.0										
000a000076	1997	222	3	3	24	3	1.0	0.0	14.0	1.0	9.0	2.0	18.0	2.0	6.0	1.0	1.0	2.26	5914.0	1400.0	1700.0	1992110255.0										
000a000076	1996	282	2	2	11	2	1.0	0.0	9.0	1.0	1.0	1.0	11.0	2.0	0.0	0.0	1.0	2.2	3886.2	1800.0	0.0	1992110255.0										
000a000076	1995	318	2	1	19	2	0.0	0.0	2.0	0.0	17.0	2.0	16.0	2.0	3.0	0.0	0.5	1.68	2923.9	1900.0	0.0	1992110255.0										
000a000076	1994	607	2	0	4	0	0.0	0.0	0.0	0.0	4.0	0.0	4.0	0.0	0.0	0.0	0.0	0.09	150.0	0.0	0.0	1992110255.0										
000a001cfb	2000	875	1	0	4	0	3.0	0.0	1.0	0.0	0.0	0.0	3.0	0.0	1.0	0.0	0.0	0.0	0.0	0.0	0.0	1993109979.0										
000a001cfb	1999	594	1	0	2	0	2.0	0.0	0.0	0.0	0.0	0.0	2.0	0.0	0.0	0.0	0.0	1.32	1108.2	0.0	0.0	1993109979.0										
000a001cfb	1998	169	2	1	7	1	5.0	1.0	2.0	0.0	0.0	0.0	7.0	1.0	0.0	0.0	0.5	4.95	8613.9	1400.0	0.0	1993109979.0										
000a001cfb	1997	111	2	2	18	2	6.0	1.0	12.0	1.0	0.0	0.0	18.0	2.0	0.0	0.0	1.0	7.71	13447.9	1500.0	0.0	1993109979.0										
000a001cfb	1996	196	2	2	16	4	1.0	0.0	14.0	3.0	1.0	1.0	15.0	4.0	1.0	0.0	1.0	4.33	7652.3	1400.0	0.0	1993109979.0										
000a001cfb	1995	239	2	2	12	3	1.0	0.0	6.0	1.0	5.0	2.0	9.0	2.0	3.0	1.0	1.0	2.95	5137.6	1700.0	1400.0	1991109973.0										
000a001cfb	1994	630	1	1	3	1	0.0	0.0	0.0	0.0	3.0	1.0	3.0	1.0	0.0	0.0	1.0	0.68	590.0	1600.0	0.0	1991109973.0										
000a0016a5	2005	859	1	0	2	0	0.0	0.0	1.0	0.0	1.0	0.0	2.0	0.0	0.0	0.0	0.0	0.0	0.0	0.0	0.0	2000101582.0										
000a0016a5	2004	871	1	0	11	0	0.0	0.0	4.0	0.0	7.0	0.0	11.0	0.0	0.0	0.0	0.0	0.0	0.0	0.0	0.0	1999106984.0										
000a0016a5	2003	540	2	1	15	1	0.0	0.0	0.0	0.0	15.0	1.0	13.0	1.0	2.0	0.0	0.5	0.93	1298.0	1800.0	0.0	2000101582.0										
000a0016a5	2002	703	3	0	23	0	0.0	0.0	9.0	0.0	14.0	0.0	21.0	0.0	2.0	0.0	0.0	0.26	560.0	0.0	0.0	1997103636.0										
000a0016a5	2000	507	2	2	8	2	0.0	0.0	2.0	0.0	6.0	2.0	5.0	1.0	3.0	1.0	1.0	0.97	1572.4	1400.0	1000.0	1997103636.0										
000a0016a5	1998	808	1	0	5	0	0.0	0.0	0.0	0.0	5.0	0.0	4.0	0.0	1.0	0.0	0.0	0.15	128.0	0.0	0.0	1995108573.0										
000a0016a5	1997	798	2	0	4	0	0.0	0.0	1.0	0.0	3.0	0.0	3.0	0.0	1.0	0.0	0.0	0.06	110.0	0.0	0.0	1992110108.0										
000a0016a5	1996	517	3	1	11	1	0.0	0.0	1.0	0.0	10.0	1.0	9.0	0.0	2.0	1.0	0.3329999999999999	0.48	1265.0	0.0	1000.0	1992110108.0										
000a0016a5	1995	523	2	1	8	1	0.0	0.0	4.0	0.0	4.0	1.0	7.0	1.0	1.0	0.0	0.5	0.65	1123.8	1200.0	0.0	1992110108.0										
000a0016a5	1994	787	1	0	5	0	0.0	0.0	0.0	0.0	5.0	0.0	5.0	0.0	0.0	0.0	0.0	0.09	75.0	0.0	0.0	1992103652.0										
000a001b47	2002	357	1	0	4	0	0.0	0.0	4.0	0.0	0.0	0.0	0.0	0.0	4.0	0.0	0.0	1.37	1001.2	0.0	0.0	1995108880.0										
000a001b47	2001	296	1	1	4	1	0.0	0.0	4.0	1.0	0.0	0.0	0.0	0.0	4.0	1.0	1.0	3.0	2292.3	0.0	1200.0	1995108880.0										
000a001b47	2000	250	1	1	9	1	0.0	0.0	5.0	0.0	4.0	1.0	1.0	0.0	8.0	1.0	1.0	4.37	3559.3	0.0	1200.0	1995108880.0										
000a001b47	1999	387	1	0	4	0	0.0	0.0	3.0	0.0	1.0	0.0	0.0	0.0	4.0	0.0	0.0	1.67	1401.8	0.0	0.0	1995108880.0										
000a001b47	1998	284	1	1	3	2	1.0	0.0	1.0	1.0	1.0	1.0	0.0	0.0	3.0	2.0	1.0	3.84	3338.9	0.0	1800.0	1995108880.0										
000a001b47	1997	470	2	1	9	1	0.0	0.0	0.0	0.0	9.0	1.0	2.0	0.0	7.0	1.0	0.5	0.43	745.0	0.0	1200.0	1994109511.0										
000a001b47	1995	407	1	0	2	0	2.0	0.0	0.0	0.0	0.0	0.0	2.0	0.0	0.0	0.0	0.0	1.76	1530.0	0.0	0.0	1992110155.0										
000a001b47	1994	227	1	1	3	3	1.0	1.0	1.0	1.0	1.0	1.0	1.0	1.0	2.0	2.0	1.0	6.23	5390.7	1400.0	1300.0	1992110155.0										
000a001c2b	2012	703	1	0	1	0	0.0	0.0	0.0	0.0	1.0	0.0	0.0	0.0	1.0	0.0	0.0	0.0	0.0	0.0	0.0	2004110017.0										
000a001c2b	2011	723	1	0	4	0	0.0	0.0	1.0	0.0	3.0	0.0	0.0	0.0	4.0	0.0	0.0	0.0	0.0	0.0	0.0	2004110017.0										
000a001c2b	2010	643	1	0	5	0	0.0	0.0	0.0	0.0	5.0	0.0	0.0	0.0	5.0	0.0	0.0	0.52	325.0	0.0	0.0	2004110017.0										
000a001c2b	2008	484	1	0	7	0	0.0	0.0	1.0	0.0	6.0	0.0	0.0	0.0	7.0	0.0	0.0	2.1	1320.0	0.0	0.0	2004110017.0										
000a001c2b	2007	448	2	0	12	0	0.0	0.0	2.0	0.0	10.0	0.0	1.0	0.0	11.0	0.0	0.0	1.4	1830.0	0.0	0.0	2004110017.0										
000a001c2b	2006	780	2	0	3	0	0.0	0.0	1.0	0.0	2.0	0.0	2.0	0.0	1.0	0.0	0.0	0.14	180.0	0.0	0.0	2004110017.0										
000a001c2b	2005	813	2	0	4	0	0.0	0.0	1.0	0.0	3.0	0.0	2.0	0.0	2.0	0.0	0.0	0.08	110.0	0.0	0.0	2001102546.0										
000a001c2b	2004	590	2	1	6	1	0.0	0.0	0.0	0.0	6.0	1.0	3.0	0.0	3.0	1.0	0.5	0.68	920.0	0.0	1000.0	2002100024.0										
000a001c2b	2003	833	2	0	3	0	0.0	0.0	1.0	0.0	2.0	0.0	3.0	0.0	0.0	0.0	0.0	0.07	100.0	0.0	0.0	1998107311.0										
000a001c2b	2002	680	1	1	5	1	0.0	0.0	1.0	0.0	4.0	1.0	5.0	1.0	0.0	0.0	1.0	0.91	660.0	1600.0	0.0	2000110078.0										
000a001c2b	2001	815	2	0	14	0	0.0	0.0	5.0	0.0	9.0	0.0	12.0	0.0	2.0	0.0	0.0	0.12	187.0	0.0	0.0	1998106571.0										
000a001c2b	2000	875	1	0	1	0	0.0	0.0	0.0	0.0	1.0	0.0	1.0	0.0	0.0	0.0	0.0	0.0	0.0	0.0	0.0	1998107311.0										
000a001c2b	1999	853	2	0	10	0	0.0	0.0	1.0	0.0	9.0	0.0	1.0	0.0	9.0	0.0	0.0	0.04	75.0	0.0	0.0	1996103136.0										
000a001c2b	1998	244	2	0	28	0	3.0	0.0	4.0	0.0	21.0	0.0	8.0	0.0	20.0	0.0	0.0	3.27	5688.1	0.0	0.0	1993110096.0										
000a001c2b	1997	104	3	1	18	3	4.0	2.0	4.0	1.0	10.0	0.0	9.0	3.0	9.0	0.0	0.3329999999999999	5.58	14599.8	1733.3	0.0	1993110096.0										
000a001c2b	1996	201	3	2	21	5	0.0	0.0	9.0	2.0	12.0	3.0	11.0	4.0	10.0	1.0	0.667	2.77	7350.7	1600.0	1000.0	1993110096.0										
000a001c2b	1995	656	1	1	4	1	0.0	0.0	0.0	0.0	4.0	1.0	1.0	0.0	3.0	1.0	1.0	0.66	575.0	0.0	1700.0	1992107168.0										
000a001c2b	1994	813	1	0	1	0	0.0	0.0	0.0	0.0	1.0	0.0	1.0	0.0	0.0	0.0	0.0	0.0	0.0	0.0	0.0	1991109995.0										
000a001c5d	2006	485	1	0	3	0	0.0	0.0	0.0		3.0		0.0		3.0	0.0	0.0	0.0	0.0	0.0	0.0	2000110241.0	0.0	0.0	0.0							
000a001c5d	2005	301	1	1	7	1	0.0	0.0	0.0		7.0		1.0		6.0	1.0	1.0	1.98	1315.0	0.0	1200.0	2000110241.0	0.0	1.0	0.0							
000a001c5d	2004	378	2	0	15	0	0.0	0.0	8.0		7.0		10.0		5.0	0.0	0.0	0.46	620.0	0.0	0.0	2000110241.0	0.0	0.0	0.0							
000a001c5d	2003	333	2	2	12	2	0.0	0.0	3.0		9.0		9.0		3.0	1.0	1.0	0.94	1321.0	1200.0	1200.0	2000110241.0	0.0	2.0	1.0							
000a001c5d	2002	507	4	0	17	0	0.0	0.0	11.0		6.0		7.0		10.0	0.0	0.0	0.0	0.0	0.0	0.0	1996110103.0	0.0	0.0	0.0							
000a001c5d	2001	264	2	1	19	2	0.0	0.0	10.0		9.0		1.0		18.0	2.0	0.5	1.95	2985.3	0.0	1200.0	1997110113.0	0.0	2.0	0.0							
000a001c5d	2000	241	3	2	22	3	0.0	0.0	7.0		15.0		5.0		17.0	3.0	0.667	1.6	3909.0	0.0	1433.3	1996110103.0	1.0	2.0	0.0							
000a001c5d	1999	407	2	0	9	0	0.0	0.0	2.0		7.0		7.0		2.0	0.0	0.0	0.69	1156.4	0.0	0.0	1996110103.0	0.0	0.0	0.0							
000a001c5d	1998	364	3	1	23	1	1.0	0.0	7.0		15.0		16.0		7.0	0.0	0.333	0.66	1726.9	1200.0	0.0	1993109891.0	0.0	1.0	1.0							
000a001c5d	1997	402	2	0	11	0	0.0	0.0	4.0		7.0		9.0		2.0	0.0	0.0	0.79	1377.0	0.0	0.0	1993109891.0	0.0	0.0	0.0							
000a001c5d	1996	358	3	1	11	1	0.0	0.0	5.0		6.0		8.0		3.0	0.0	0.333	0.78	2073.4	1200.0	0.0	1993109891.0	0.0	1.0	1.0							
000a001c5d	1995	394	2	1	9	2	0.0	0.0	2.0		7.0		8.0		1.0	0.0	0.5	0.97	1687.9	1550.0	0.0	1992105218.0	0.0	2.0	2.0							
000a001c5d	1994	651	1	0	1	0	0.0	0.0	0.0		1.0		0.0		1.0	0.0	0.0	0.0	0.0	0.0	0.0	1992110193.0	0.0	0.0	0.0							
000a001a96	2003	467	1	0	3	0	0.0	0.0	1.0		2.0		2.0		1.0	0.0	0.0	0.11	75.0	0.0	0.0	1994109737.0	0.0	0.0	0.0							
000a001a96	2001	405	2	0	14	0	0.0	0.0	0.0		14.0		3.0		11.0	0.0	0.0	0.61	925.0	0.0	0.0	1994109737.0	0.0	0.0	0.0							
000a001a96	2000	526	1	0	3	0	0.0	0.0	0.0		3.0		0.0		3.0	0.0	0.0	0.0	0.0	0.0	0.0	1994109737.0	0.0	0.0	0.0							
000a001a96	1999	272	2	2	11	3	0.0	0.0	3.0		8.0		1.0		10.0	3.0	1.0	2.13	3582.7	0.0	1766.7	1994109737.0	1.0	2.0	0.0							
000a001a96	1998	406	2	0	6	0	0.0	0.0	2.0		4.0		0.0		6.0	0.0	0.0	0.68	1187.6	0.0	0.0	1994109737.0	0.0	0.0	0.0							
000a001a96	1997	347	3	2	10	3	0.0	0.0	0.0		10.0		1.0		9.0	3.0	0.667	0.83	2165.0	0.0	1866.7	1994109737.0	0.0	3.0	0.0							
000a001a96	1996	511	1	1	6	1	0.0	0.0	1.0		5.0		1.0		5.0	1.0	1.0	0.57	500.0	0.0	1800.0	1990108478.0	0.0	1.0	0.0							
000a001a96	1995	630	1	0	2	0	0.0	0.0	0.0		2.0		0.0		2.0	0.0	0.0	0.0	0.0	0.0	0.0	1990108478.0	0.0	0.0	0.0							
000a001a96	1994	432	1	1	4	2	0.0	0.0	0.0		4.0		0.0		4.0	2.0	1.0	1.51	1310.0	0.0	1800.0	1991100646.0	0.0	2.0	0.0							
000a001c17	1996	596	1	0	1	0	0.0	0.0	1.0		0.0		1.0		0.0	0.0	0.0	0.0	0.0	0.0	0.0	1991109971.0	0.0	0.0	0.0							
000a001c17	1995	307	1	1	17	2	0.0	0.0	7.0		10.0		8.0		9.0	1.0	1.0	3.75	3266.4	1000.0	1200.0	1991109971.0	0.0	2.0	1.0							
000a001c17	1994	479	1	1	6	1	0.0	0.0	1.0		5.0		3.0		3.0	0.0	1.0	1.05	905.0	1200.0	0.0	1991109971.0	0.0	1.0	1.0							
1986102514	1999	558	2	0	10	0	0.0	0.0	6.0		4.0		4.0		6.0	0.0	0.0	0.0	0.0	0.0	0.0	1996103182.0	0.0	0.0	0.0							
1986102514	1998	395	1	1	9	1	0.0	0.0	0.0		9.0		6.0		3.0	1.0	1.0	1.56	1358.0	0.0	1000.0	1993107348.0	0.0	1.0	0.0							
1986102514	1997	603	1	0	1	0	0.0	0.0	1.0		0.0		1.0		0.0	0.0	0.0	0.0	0.0	0.0	0.0	1993107348.0	0.0	0.0	0.0							
1986102514	1995	630	1	0	2	0	0.0	0.0	0.0		2.0		1.0		1.0	0.0	0.0	0.0	0.0	0.0	0.0	1992108232.0	0.0	0.0	0.0							
1986102514	1994	651	1	0	2	0	0.0	0.0	0.0		2.0		2.0		0.0	0.0	0.0	0.0	0.0	0.0	0.0	1992107705.0	0.0	0.0	0.0							
000a001cce	2001	520	2	0	2	0	0.0	0.0	0.0		2.0		0.0		1.0	0.0	0.0	0.0	0.0	0.0	0.0	1993109241.0	0.0	0.0	0.0							
000a001cce	2000	275	3	1	18	1	0.0	0.0	7.0		11.0		1.0		11.0	1.0	0.333	1.18	2879.2	0.0	1200.0	1993109241.0	1.0	0.0	0.0							
000a001cce	1999	449	4	0	15	0	0.0	0.0	2.0		13.0		4.0		11.0	0.0	0.0	0.22	736.6	0.0	0.0	1993109241.0	0.0	0.0	0.0							
000a001cce	1998	187	8	4	45	4	0.0	0.0	20.0		25.0		13.0		32.0	2.0	0.5	1.08	7513.9	1600.0	1300.0	1994109717.0	2.0	2.0	2.0							
000a001cce	1997	151	6	4	30	6	1.0	0.0	13.0		16.0		10.0		20.0	3.0	0.667	2.07	10810.4	1733.3	1566.7	1994109717.0	5.0	1.0	3.0							
000a001cce	1996	311	6	3	22	3	0.0	0.0	2.0		20.0		8.0		14.0	2.0	0.5	0.59	3102.0	1600.0	1300.0	1994109717.0	0.0	3.0	1.0							
000a001cce	1995	298	2	2	8	2	1.0	0.0	3.0		4.0		5.0		3.0	1.0	1.0	1.97	3433.6	2000.0	1400.0	1992110183.0	1.0	1.0	1.0							
000a001cce	1994	490	1	1	2	1	0.0	0.0	0.0		2.0		0.0		2.0	1.0	1.0	0.96	830.0	0.0	1000.0	1992110183.0	0.0	1.0	0.0							
000a0017d6	1996	494	1	0	5	0	0.0	0.0	1.0		4.0		2.0		3.0	0.0	0.0	0.81	712.6	0.0	0.0	1991101006.0	0.0	0.0	0.0							
000a0017d6	1995	471	1	0	11	0	0.0	0.0	8.0		3.0		5.0		6.0	0.0	0.0	1.05	914.0	0.0	0.0	1991101006.0	0.0	0.0	0.0							
000a0017d6	1994	403	1	1	9	2	0.0	0.0	4.0		5.0		3.0		6.0	2.0	1.0	1.87	1616.1	0.0	1100.0	1991101006.0	0.0	2.0	0.0							
000a001c67	1999	558	1	0	3	0	0.0	0.0	0.0		3.0		1.0		2.0	0.0	0.0	0.0	0.0	0.0	0.0	1996110024.0	0.0	0.0	0.0							
000a001c67	1996	573	1	0	4	0	0.0	0.0	0.0		4.0		3.0		1.0	0.0	0.0	0.12	110.0	0.0	0.0	1992110204.0	0.0	0.0	0.0							
000a001c67	1995	514	2	1	4	1	0.0	0.0	1.0		3.0		3.0		1.0	0.0	0.5	0.29	500.0	2000.0	0.0	1992110204.0	0.0	1.0	1.0							
000a001c67	1994	590	1	0	1	0	0.0	0.0	0.0		1.0		0.0		1.0	0.0	0.0	0.28	240.0	0.0	0.0	1992107182.0	0.0	0.0	0.0							
000a001a6a	2005	859	1	0	3	0											0.0	0.0	0.0	0.0	0.0	2000105910.0	0.0	0.0	0.0	0.0	0.0	0.0	3.0	0.0	3.0	0.0
000a001a6a	2004	634	1	1	3	1											1.0	1.1	750.0	0.0	1600.0	2000105910.0	0.0	1.0	0.0	0.0	0.0	0.0	3.0	0.0	3.0	1.0
000a001a6a	2003	633	2	0	8	0											0.0	0.54	760.0	0.0	0.0	2000105910.0	0.0	0.0	0.0	0.0	0.0	1.0	7.0	4.0	4.0	0.0
000a001a6a	2002	713	1	1	4	1											1.0	0.7	510.0	1600.0	0.0	1999102562.0	0.0	1.0	1.0	0.0	0.0	2.0	2.0	3.0	1.0	0.0
000a001a6a	2000	875	1	0	1	0											0.0	0.0	0.0	0.0	0.0	1997106263.0	0.0	0.0	0.0	0.0	0.0	1.0	0.0	0.0	1.0	0.0
000a001a6a	1999	881	1	0	4	0											0.0	0.0	0.0	0.0	0.0	1997106263.0	0.0	0.0	0.0	0.0	0.0	0.0	4.0	2.0	2.0	0.0
000a001a6a	1998	546	2	1	13	1											0.5	0.73	1263.0	1200.0	0.0	1995102686.0	0.0	1.0	1.0	0.0	0.0	1.0	12.0	10.0	3.0	0.0
000a001a6a	1994	813	1	0	1	0											0.0	0.0	0.0	0.0	0.0	1991104939.0	0.0	0.0	0.0	0.0	0.0	0.0	1.0	1.0	0.0	0.0
000a001e07	1994	651	1	0	1	0											0.0	0.0	0.0	0.0	0.0	1989109111.0	0.0	0.0	0.0	1.0	0.0	0.0	0.0	1.0	0.0	0.0
1985109001	2003	485	1	0	1	0											0.0	0.0	0.0	0.0	0.0	1996100868.0	0.0	0.0	0.0	0.0	0.0	1.0	0.0	1.0	0.0	0.0
1985109001	2002	281	5	1	27	2											0.2	0.53	1930.0	0.0	1000.0	1996107034.0	0.0	2.0	0.0	0.0	0.0	16.0	11.0	16.0	10.0	2.0
1985109001	2001	169	12	4	61	4											0.333	0.75	6899.9	1466.7	1700.0	1995103126.0	1.0	3.0	3.0	0.0	0.0	26.0	35.0	35.0	21.0	1.0
1985109001	2000	104	35	7	212	8											0.2	0.55	15569.0	1550.0	1375.0	1995103126.0	2.0	6.0	4.0	0.0	0.0	43.0	169.0	108.0	96.0	4.0
1985109001	1999	67	60	12	305	16											0.2	0.54	27274.7	1450.0	1266.7	1993108896.0	2.0	14.0	6.0	6.0	0.0	58.0	241.0	146.0	148.0	6.0
1985109001	1998	43	70	18	372	19											0.257	0.61	37157.3	1600.0	1650.0	1993103656.0	5.0	14.0	5.0	7.0	0.0	73.0	292.0	130.0	233.0	14.0
1985109001	1997	20	65	19	408	27											0.292	1.06	59926.9	1955.6	1694.1	1992105000.0	7.0	20.0	9.0	18.0	0.0	103.0	287.0	192.0	210.0	17.0
1985109001	1996	31	51	21	330	28											0.412	1.0	45165.0	1545.5	1676.5	1993108896.0	3.0	25.0	11.0	13.0	0.0	69.0	248.0	189.0	137.0	17.0
1985109001	1995	52	42	15	207	19											0.357	0.83	30368.3	1745.5	1575.0	1992109587.0	3.0	16.0	11.0	13.0	0.0	46.0	148.0	133.0	74.0	8.0
1985109001	1994	149	16	6	52	7											0.375	0.71	9816.8	1300.0	1533.3	1992105000.0	0.0	6.0	4.0	3.0	1.0	6.0	43.0	41.0	11.0	3.0
000a001cea	2004	871	1	0	1	0											0.0	0.0	0.0	0.0	0.0	2000110278.0	0.0	0.0	0.0	0.0	0.0	1.0	0.0	0.0	1.0	0.0
000a001cea	2003	857	1	0	9	0											0.0	0.07	50.0	0.0	0.0	2000110278.0	0.0	0.0	0.0	0.0	0.0	0.0	9.0	4.0	5.0	0.0
000a001cea	1996	589	1	1	5	1											1.0	0.95	841.0	0.0	1200.0	1991109928.0	0.0	1.0	0.0	0.0	0.0	2.0	3.0	0.0	5.0	1.0
000a001cea	1995	417	1	1	8	1											1.0	2.46	2139.0	0.0	1200.0	1991109928.0	0.0	1.0	0.0	0.0	0.0	3.0	5.0	1.0	7.0	1.0
000a001cea	1994	523	1	1	10	1											1.0	1.22	1060.0	0.0	1200.0	1991109928.0	0.0	1.0	0.0	0.0	0.0	1.0	9.0	3.0	7.0	1.0
000a001af4	2004	871	1	0	3	0											0.0	0.0	0.0	0.0	0.0	1996106313.0	0.0	0.0	0.0	0.0	0.0	0.0	3.0	1.0	2.0	0.0
000a001af4	2003	867	1	0	4	0											0.0	0.0	0.0	0.0	0.0	1998107079.0	0.0	0.0	0.0	0.0	0.0	0.0	4.0	0.0	4.0	0.0
000a001af4	2002	831	1	0	2	0											0.0	0.18	128.0	0.0	0.0	1999105205.0	0.0	0.0	0.0	0.0	0.0	0.0	2.0	0.0	2.0	0.0
000a001af4	2001	840	2	0	11	0											0.0	0.08	120.0	0.0	0.0	1996106313.0	0.0	0.0	0.0	0.0	0.0	1.0	10.0	6.0	5.0	0.0
000a001af4	2000	875	3	0	12	0											0.0	0.0	0.0	0.0	0.0	1996106313.0	0.0	0.0	0.0	0.0	0.0	11.0	1.0	11.0	1.0	0.0
000a001af4	1999	463	2	1	13	2											0.5	1.2	2011.6	1200.0	0.0	1995104970.0	0.0	2.0	2.0	0.0	0.0	5.0	8.0	9.0	4.0	0.0
000a001af4	1998	398	2	2	9	2											1.0	1.5	2602.6	1200.0	0.0	1992110033.0	1.0	1.0	2.0	0.0	0.0	5.0	4.0	9.0	0.0	0.0
000a001af4	1997	420	1	1	6	2											1.0	2.38	2072.8	1200.0	0.0	1992110033.0	1.0	1.0	2.0	0.0	0.0	4.0	2.0	6.0	0.0	0.0
000a001af4	1996	560	1	0	3	0											0.0	1.11	981.2	0.0	0.0	1992110033.0	0.0	0.0	0.0	0.0	0.0	3.0	0.0	3.0	0.0	0.0
000a001af4	1995	505	1	1	6	1											1.0	1.42	1233.5	1200.0	0.0	1992110033.0	0.0	1.0	1.0	0.0	0.0	2.0	4.0	6.0	0.0	0.0
000a001af4	1994	720	1	0	1	0											0.0	0.28	240.0	0.0	0.0	1992110033.0	0.0	0.0	0.0	0.0	0.0	0.0	1.0	1.0	0.0	0.0
000a001be3	1998	378	2	0	20	0	0.0	0.0	7.0		13.0		14.0		6.0		0.0	0.9	1558.0	0.0	0.0	1995107109.0	0.0	0.0	0.0							0.0
000a001be3	1997	552	2	0	9	0	0.0	0.0	7.0		2.0		7.0		2.0		0.0	0.14	240.0	0.0	0.0	1995107109.0	0.0	0.0	0.0							0.0
000a001be3	1996	297	1	1	10	1	0.0	0.0	10.0		0.0		7.0		3.0		1.0	3.86	3410.8	1200.0	0.0	1992110239.0	1.0	0.0	1.0							0.0
000a001be3	1995	237	2	2	17	2	5.0	0.0	7.0		5.0		14.0		3.0		1.0	3.08	5367.7	1400.0	0.0	1992110239.0	1.0	1.0	2.0							0.0
000a001be3	1994	455	2	1	10	1	0.0	0.0	0.0		10.0		4.0		6.0		0.5	0.66	1145.0	1600.0	0.0	1992110239.0	0.0	1.0	1.0							0.0
000a000d55	2006	485	1	0	1	0	0.0	0.0	0.0		1.0		1.0		0.0		0.0	0.0	0.0	0.0	0.0	1998100385.0	0.0	0.0	0.0							0.0
000a000d55	2005	392	4	0	21	0	0.0	0.0	13.0		8.0		16.0		4.0		0.0	0.19	511.1	0.0	0.0	1996106265.0	0.0	0.0	0.0							0.0
000a000d55	2004	312	3	0	16	0	0.0	0.0	8.0		8.0		8.0		7.0		0.0	0.58	1185.0	0.0	0.0	1996106265.0	0.0	0.0	0.0							0.0
000a000d55	2003	174	10	2	59	2	0.0	0.0	26.0		33.0		36.0		21.0		0.2	0.76	5329.1	2400.0	1800.0	1997100669.0	0.0	2.0	1.0							1.0
000a000d55	2002	165	17	4	117	5	0.0	0.0	22.0		95.0		61.0		53.0		0.235	0.6	7457.0	1800.0	1633.3	1997100669.0	0.0	5.0	2.0							3.0
000a000d55	2001	151	18	5	103	5	2.0	0.0	15.0		86.0		56.0		44.0		0.278	0.64	8840.9	1666.7	1500.0	1996106265.0	0.0	5.0	3.0							2.0
000a000d55	2000	155	21	4	120	5	0.0	0.0	33.0		87.0		74.0		46.0		0.19	0.5	8529.2	1450.0	1200.0	1997106956.0	0.0	5.0	4.0							1.0
000a000d55	1999	93	31	5	177	6	2.0	0.0	51.0		124.0		110.0		55.0		0.161	0.65	16846.6	2000.0	1300.0	1995105821.0	2.0	4.0	3.0							2.0
000a000d55	1998	42	54	18	341	25	7.0	0.0	74.0		260.0		200.0		125.0		0.333	0.84	39318.1	1880.0	1600.0	1993102097.0	4.0	21.0	15.0							8.0
000a000d55	1997	22	52	14	369	25	7.0	2.0	97.0		265.0		243.0		114.0		0.269	1.22	55451.1	1778.3	1400.0	1993109202.0	10.0	13.0	23.0							2.0
000a000d55	1996	54	58	15	355	20	8.0	0.0	67.0		280.0		211.0		124.0		0.259	0.62	31585.9	1746.7	1540.0	1993109202.0	4.0	16.0	15.0							5.0
000a000d55	1995	60	53	17	265	22	5.0	1.0	23.0		237.0		167.0		97.0		0.321	0.61	28061.8	1741.2	1725.0	1992101662.0	5.0	16.0	17.0							4.0
000a000d55	1994	330	9	3	31	3	0.0	0.0	3.0		28.0		22.0		9.0		0.333	0.38	2991.0	1466.7	0.0	1992105529.0	0.0	3.0	3.0							0.0
000a0017a0	2010	752	1	0	4	0	0.0	0.0	0.0		4.0		2.0		2.0		0.0	0.0	0.0	0.0	0.0	2005105291.0	0.0	0.0	0.0							0.0
000a0017a0	2008	804	2	0	7	0	0.0	0.0	0.0		7.0		4.0		3.0		0.0	0.0	0.0	0.0	0.0	2004100566.0	0.0	0.0	0.0							0.0
000a0017a0	2007	726	3	0	10	0	0.0	0.0	0.0		10.0		2.0		8.0		0.0	0.14	279.0	0.0	0.0	2004100566.0	0.0	0.0	0.0							0.0
000a0017a0	2006	742	2	0	6	0	0.0	0.0	0.0		6.0		1.0		5.0		0.0	0.21	280.0	0.0	0.0	2004100566.0	0.0	0.0	0.0							0.0
000a0017a0	2005	850	1	0	2	0	0.0	0.0	0.0		2.0		0.0		2.0		0.0	0.08	50.0	0.0	0.0	1998100601.0	0.0	0.0	0.0							0.0
000a0017a0	2004	790	2	0	4	0	0.0	0.0	0.0		4.0		2.0		2.0		0.0	0.15	200.0	0.0	0.0	2002103439.0	0.0	0.0	0.0							0.0
000a0017a0	2003	751	1	0	4	0	0.0	0.0	0.0		4.0		3.0		1.0		0.0	0.39	275.0	0.0	0.0	2001102059.0	0.0	0.0	0.0							0.0
000a0017a0	2001	869	1	0	9	0	0.0	0.0	0.0		9.0		4.0		5.0		0.0	0.07	51.0	0.0	0.0	1999104126.0	0.0	0.0	0.0							0.0
000a0017a0	2000	749	2	0	7	0	0.0	0.0	0.0		7.0		5.0		2.0		0.0	0.23	370.0	0.0	0.0	1998100601.0	0.0	0.0	0.0							0.0
000a0017a0	1999	679	1	1	8	1	0.0	0.0	4.0		4.0		7.0		1.0		1.0	0.76	640.0	2200.0	0.0	1996101523.0	0.0	1.0	1.0							0.0
000a0017a0	1998	792	1	0	5	0	0.0	0.0	0.0		5.0		5.0		0.0		0.0	0.19	167.0	0.0	0.0	1996101523.0	0.0	0.0	0.0							0.0
000a0017a0	1995	768	2	0	8	0	0.0	0.0	0.0		8.0		2.0		5.0		0.0	0.1	175.0	0.0	0.0	1992104019.0	0.0	0.0	0.0							0.0
000a0017a0	1994	516	1	1	11	1	0.0	0.0	1.0		10.0		3.0		7.0		1.0	1.27	1103.0	1200.0	0.0	1991108766.0	0.0	1.0	1.0							0.0
1987100579	2007	494	1	0	1	0	0.0	0.0	0.0		1.0		0.0		1.0		0.0	0.0	0.0	0.0	0.0	2001100062.0	0.0	0.0	0.0							0.0
1987100579	2006	250	2	1	16	1	0.0	0.0	1.0		15.0		4.0		12.0		0.5	1.74	2278.0	0.0	1000.0	2002104214.0	0.0	1.0	0.0							1.0
1987100579	2005	353	3	1	23	1	0.0	0.0	4.0		19.0		6.0		17.0		0.333	0.41	825.0	0.0	1000.0	2002104214.0	0.0	1.0	0.0							1.0
1987100579	2004	442	2	0	2	0	0.0	0.0	1.0		1.0		1.0		1.0		0.0	0.08	110.0	0.0	0.0	2002104315.0	0.0	0.0	0.0							0.0
1987100579	2003	485	7	0	30	0	0.0	0.0	12.0		18.0		13.0		12.0		0.0	0.0	0.0	0.0	0.0	1998107128.0	0.0	0.0	0.0							0.0
1987100579	2002	232	12	1	37	2	0.0	0.0	12.0		25.0		13.0		20.0		0.083	0.39	3407.9	0.0	1400.0	1997101880.0	0.0	2.0	0.0							2.0
1987100579	2001	154	19	2	104	3	4.0	0.0	22.0		78.0		34.0		54.0		0.105	0.59	8520.2	1800.0	1800.0	1994103266.0	1.0	2.0	1.0							1.0
1987100579	2000	71	31	9	166	10	4.0	1.0	30.0		132.0		36.0		124.0		0.29	0.95	23916.6	1400.0	1650.0	1994103266.0	0.0	9.0	1.0							8.0
1987100579	1999	62	41	10	231	14	2.0	0.0	50.0		179.0		89.0		140.0		0.244	0.82	28246.9	1740.0	1655.6	1994103266.0	5.0	9.0	5.0							9.0
1987100579	1998	62	40	10	229	12	0.0	0.0	51.0		178.0		67.0		156.0		0.25	0.78	27077.6	1866.7	1311.1	1993107394.0	3.0	9.0	3.0							9.0
1987100579	1997	49	37	16	238	22	3.0	0.0	22.0		213.0		54.0		180.0		0.432	1.04	33663.0	1550.0	1570.6	1992105861.0	2.0	20.0	4.0							17.0
1987100579	1996	49	41	15	251	21	7.0	0.0	48.0		196.0		85.0		166.0		0.366	0.91	33003.0	1500.0	1400.0	1992105861.0	6.0	15.0	4.0							17.0
1987100579	1995	100	29	8	151	12	2.0	0.0	25.0		124.0		67.0		84.0		0.276	0.67	16865.9	1300.0	1412.5	1992105861.0	1.0	11.0	4.0							8.0
1987100579	1994	294	12	3	35	4	0.0	0.0	2.0		33.0		21.0		14.0		0.25	0.36	3773.8	0.0	1200.0	1992101287.0	0.0	4.0	0.0							4.0
000a001a50	1995	630	1	0	7	0	0.0	0.0	6.0		1.0		7.0		0.0		0.0	0.0	0.0	0.0	0.0	1991110009.0	0.0	0.0	0.0							0.0
000a001a50	1994	651	1	0	4	0	0.0	0.0	0.0		4.0		3.0		1.0		0.0	0.0	0.0	0.0	0.0	1991110009.0	0.0	0.0	0.0							0.0
000a001ce5	2004	871	1	0	1	0	0.0	0.0	0.0		1.0		0.0		1.0		0.0	0.0	0.0	0.0	0.0	2001110068.0	0.0	0.0	0.0							0.0
000a001ce5	1994	724	1	0	4	0	0.0	0.0	0.0		4.0		2.0		2.0		0.0	0.26	225.0	0.0	0.0	1991109953.0	0.0	0.0	0.0							0.0
000a0016c9	2002	448	1	1	6	1	0.0	0.0	1.0		5.0		0.0		6.0		1.0	2.68	1950.0	0.0	1200.0	1996105590.0	0.0	1.0	0.0							1.0
000a0016c9	2001	877	2	0	4	0	0.0	0.0	3.0		1.0		2.0		2.0		0.0	0.0	0.0	0.0	0.0	1996101811.0	0.0	0.0	0.0							0.0
000a0016c9	2000	436	2	1	13	1	0.0	0.0	8.0		5.0		8.0		5.0		0.5	1.35	2201.2	0.0	1200.0	1996105590.0	0.0	1.0	0.0							1.0
000a0016c9	1999	284	3	2	27	3	4.0	0.0	6.0		17.0		15.0		12.0		0.667	1.77	4461.9	0.0	1200.0	1996105590.0	0.0	3.0	0.0							3.0
000a0016c9	1998	292	2	1	20	2	2.0	0.0	6.0		12.0		15.0		5.0		0.5	2.57	4465.2	2100.0	0.0	1995108932.0	2.0	0.0	2.0							0.0
000a0016c9	1997	472	5	1	19	1	0.0	0.0	6.0		13.0		15.0		4.0		0.2	0.38	1671.7	2000.0	0.0	1995108932.0	0.0	1.0	1.0							0.0
000a0016c9	1996	258	3	1	24	3	0.0	0.0	9.0		15.0		19.0		5.0		0.333	1.85	4911.5	1800.0	0.0	1992100016.0	2.0	1.0	3.0							0.0
000a0016c9	1995	637	3	1	17	1	0.0	0.0	1.0		16.0		8.0		9.0		0.333	0.24	619.0	1600.0	0.0	1992100016.0	0.0	1.0	1.0							0.0
000a0016c9	1994	565	2	1	7	1	2.0	0.0	2.0		3.0		6.0		1.0		0.5	0.48	830.0	1000.0	0.0	1992102755.0	0.0	1.0	1.0							0.0
000a0000bd	2009	436	1	0	2	0	0.0	0.0	0.0		2.0		0.0		2.0		0.0	0.0	0.0	0.0	0.0	2003101075.0	0.0	0.0	0.0							0.0
000a0000bd	2008	419	2	0	9	0	0.0	0.0	1.0		8.0		1.0		6.0		0.0	0.15	190.0	0.0	0.0	2000102144.0	0.0	0.0	0.0							0.0
000a0000bd	2007	481	2	0	14	0	0.0	0.0	0.0		14.0		0.0		12.0		0.0	0.06	74.0	0.0	0.0	2000102144.0	0.0	0.0	0.0							0.0
000a0000bd	2006	378	3	1	14	1	0.0	0.0	0.0		14.0		0.0		13.0		0.333	0.36	705.0	0.0	1700.0	2003101075.0	0.0	1.0	0.0							1.0
000a0000bd	2005	476	1	0	5	0	0.0	0.0	0.0		5.0		2.0		3.0		0.0	0.0	0.0	0.0	0.0	2000103518.0	0.0	0.0	0.0							0.0
000a0000bd	2004	235	6	2	30	2	1.0	0.0	5.0		24.0		7.0		21.0		0.333	0.72	2948.3	2600.0	1400.0	1998106888.0	0.0	2.0	1.0							1.0
000a0000bd	2003	208	17	1	75	1	1.0	0.0	7.0		67.0		12.0		63.0		0.059	0.32	3855.1	0.0	1800.0	1999104686.0	0.0	1.0	0.0							1.0
000a0000bd	2002	79	25	4	135	7	3.0	2.0	19.0		113.0		26.0		90.0		0.16	1.09	19927.4	0.0	1533.3	1997103882.0	0.0	5.0	0.0							3.0
000a0000bd	2001	105	33	7	177	8	3.0	0.0	31.0		143.0		64.0		89.0		0.212	0.55	13926.4	1800.0	1700.0	1995102739.0	0.0	8.0	2.0							4.0
000a0000bd	2000	66	50	10	295	13	1.0	0.0	62.0		232.0		103.0		165.0		0.2	0.67	27121.5	1700.0	1655.6	1995103390.0	2.0	11.0	2.0							9.0
000a0000bd	1999	34	59	17	370	23	6.0	0.0	76.0		288.0		154.0		198.0		0.288	0.93	46260.4	1720.0	1668.8	1995104957.0	4.0	19.0	5.0							16.0
000a0000bd	1998	46	58	17	356	18	4.0	0.0	68.0		284.0		130.0		222.0		0.293	0.71	35919.1	1850.0	1668.8	1994104034.0	4.0	14.0	2.0							16.0
000a0000bd	1997	59	49	15	287	20	6.0	0.0	45.0		236.0		143.0		144.0		0.306	0.67	28733.5	1672.7	1600.0	1994108950.0	5.0	15.0	11.0							9.0
000a0000bd	1996	217	23	5	82	5	1.0	0.0	7.0		74.0		39.0		43.0		0.217	0.33	6616.7	1200.0	1700.0	1992110170.0	1.0	4.0	2.0							3.0
000a0000bd	1995	327	5	2	34	2	0.0	0.0	4.0		30.0		7.0		27.0		0.4	0.63	2744.0	0.0	1450.0	1992110170.0	0.0	2.0	0.0							2.0
000a0000bd	1994	593	1	0	2	0	0.0	0.0	0.0		2.0		2.0		0.0		0.0	0.28	239.0	0.0	0.0	1992110170.0	0.0	0.0	0.0							0.0
000a001b12	1994	596	1	0	1	0	0.0	0.0	0.0		1.0		0.0		1.0		0.0	0.23	200.0	0.0	0.0	1991109988.0	0.0	0.0	0.0							0.0
000a001772	2010	752	1	0	7	0	7.0	0.0	0.0		0.0		7.0		0.0		0.0	0.0	0.0	0.0	0.0	2006102865.0	0.0	0.0	0.0							0.0
000a001772	2009	226	2	1	13	1	6.0	1.0	1.0		6.0		7.0		6.0		0.5	4.06	5107.2	1800.0	0.0	2005102182.0	0.0	0.0	1.0							0.0
000a001772	2008	178	1	1	9	1	7.0	0.0	1.0		1.0		9.0		0.0		1.0	12.97	8163.4	2000.0	0.0	2005102182.0	1.0	0.0	1.0							0.0
000a001772	2007	632	2	1	4	1	0.0	0.0	1.0		3.0		4.0		0.0		0.5	0.53	700.0	1800.0	0.0	2005102182.0	0.0	1.0	1.0							0.0
000a001772	2006	443	2	0	17	0	0.0	0.0	11.0		6.0		16.0		1.0		0.0	1.4	1831.4	0.0	0.0	2000101356.0	0.0	0.0	0.0							0.0
000a001772	2005	583	5	0	13	0	2.0	0.0	3.0		8.0		7.0		6.0		0.0	0.27	905.0	0.0	0.0	2000101356.0	0.0	0.0	0.0							0.0
000a001772	2004	165	5	1	31	1	7.0	0.0	5.0		19.0		19.0		12.0		0.2	2.72	9253.1	1600.0	0.0	1999106927.0	1.0	0.0	1.0							0.0
000a001772	2003	496	3	1	18	1	3.0	0.0	1.0		14.0		11.0		7.0		0.333	0.78	1630.0	1000.0	0.0	2000101356.0	0.0	1.0	1.0							0.0
000a001772	2002	184	4	2	14	2	6.0	0.0	1.0		7.0		10.0		4.0		0.5	2.86	8341.4	1600.0	1200.0	1999106927.0	1.0	1.0	1.0							1.0
000a001772	2001	576	2	1	7	1	1.0	0.0	2.0		4.0		5.0		0.0		0.5	0.73	1120.0	1400.0	0.0	1999106927.0	0.0	1.0	1.0							0.0
000a001772	2000	385	2	1	21	2	0.0	0.0	7.0		14.0		4.0		14.0		0.5	1.66	2702.2	0.0	1000.0	1996110091.0	0.0	2.0	0.0							1.0
000a001772	1999	405	3	1	21	2	2.0	0.0	4.0		15.0		11.0		10.0		0.333	1.0	2507.0	1400.0	1400.0	1996110091.0	0.0	2.0	1.0							1.0
000a001772	1998	560	3	1	13	1	2.0	0.0	4.0		7.0		7.0		6.0		0.333	0.45	1165.0	0.0	1000.0	1995108010.0	0.0	1.0	0.0							1.0
000a001772	1997	585	1	0	4	0	2.0	0.0	2.0		0.0		4.0		0.0		0.0	1.06	928.4	0.0	0.0	1991110002.0	0.0	0.0	0.0							0.0
000a001772	1996	288	1	1	5	1	0.0	0.0	5.0		0.0		5.0		0.0		1.0	4.62	4078.3	2000.0	0.0	1991110002.0	1.0	0.0	1.0							0.0
000a001772	1995	312	1	1	8	1	1.0	0.0	7.0		0.0		8.0		0.0		1.0	4.09	3555.5	2000.0	0.0	1991110002.0	1.0	0.0	1.0							0.0
000a001772	1994	287	1	1	8	3	0.0	0.0	7.0		1.0		8.0		0.0		1.0	4.67	4039.9	1800.0	0.0	1991110002.0	2.0	1.0	3.0							0.0
1984109006	2006	485	1	0	1	0	0.0	0.0	0.0		1.0		0.0		0.0		0.0	0.0	0.0	0.0	0.0	2001103743.0	0.0	0.0	0.0							0.0
1984109006	2005	472	2	0	13	0	0.0	0.0	1.0		12.0		5.0		7.0		0.0	0.04	50.0	0.0	0.0	1999104790.0	0.0	0.0	0.0							0.0
1984109006	2004	388	2	0	13	0	0.0	0.0	0.0		13.0		2.0		11.0		0.0	0.4	540.0	0.0	0.0	2000109414.0	0.0	0.0	0.0							0.0
1984109006	2003	260	5	2	22	2	0.0	0.0	2.0		20.0		8.0		12.0		0.4	0.73	2549.0	0.0	1400.0	2000109414.0	0.0	2.0	0.0							1.0
1984109006	2002	499	5	0	14	0	0.0	0.0	2.0		12.0		7.0		7.0		0.0	0.02	60.0	0.0	0.0	1996104118.0	0.0	0.0	0.0							0.0
1984109006	2001	176	7	2	31	2	0.0	0.0	16.0		15.0		14.0		17.0		0.286	1.18	6310.1	2100.0	0.0	1996107880.0	1.0	1.0	2.0							0.0
1984109006	2000	338	14	0	52	0	3.0	0.0	17.0		32.0		23.0		26.0		0.0	0.15	1676.8	0.0	0.0	1996104118.0	0.0	0.0	0.0							0.0
1984109006	1999	75	26	8	148	11	8.0	0.0	50.0		90.0		51.0		88.0		0.308	1.05	22814.7	1533.3	1700.0	1996106515.0	5.0	6.0	3.0							8.0
1984109006	1998	55	34	14	225	19	12.0	0.0	63.0		150.0		101.0		113.0		0.412	1.08	31922.0	1666.7	1707.1	1996107880.0	3.0	16.0	3.0							14.0
1984109006	1997	60	44	14	293	19	4.0	0.0	50.0		239.0		142.0		149.0		0.318	0.73	28051.4	1833.3	1438.5	1994106267.0	2.0	17.0	6.0							13.0
1984109006	1996	66	42	13	262	20	8.0	0.0	51.0		203.0		130.0		132.0		0.31	0.71	26421.1	1628.6	1515.4	1993104080.0	4.0	16.0	7.0							13.0
1984109006	1995	136	36	5	195	5	8.0	0.0	12.0		175.0		120.0		73.0		0.139	0.38	12061.3	1500.0	1800.0	1992107164.0	0.0	5.0	4.0							1.0
1984109006	1994	183	10	5	42	6	6.0	0.0	9.0		27.0		34.0		8.0		0.5	0.87	7502.3	1300.0	1000.0	1992107164.0	1.0	5.0	4.0							2.0
000a000027	2005	360	1	0	3	0	0.0	0.0	0.0		3.0		0.0		0.0		0.0	1.15	765.0	0.0	0.0	1997106381.0	0.0	0.0	0.0							0.0
000a000027	2004	351	1	0	5	0	0.0	0.0	0.0		5.0		0.0		0.0		0.0	1.19	810.0	0.0	0.0	1997106381.0	0.0	0.0	0.0							0.0
000a000027	2003	278	2	1	8	1	1.0	0.0	4.0		3.0		2.0		1.0		0.5	1.51	2111.5	0.0	0.0	1996100467.0	1.0	0.0	0.0							0.0
000a000027	2002	333	2	0	4	0	1.0	0.0	2.0		1.0		2.0		0.0		0.0	0.82	1200.0	0.0	0.0	1996100467.0	0.0	0.0	0.0							0.0
000a000027	2001	153	4	1	15	4	2.0	0.0	5.0		8.0		5.0		4.0		0.25	2.81	8594.4	0.0	0.0	1996100467.0	1.0	3.0	0.0							0.0
000a000027	2000	202	8	2	46	2	1.0	0.0	14.0		31.0		23.0		11.0		0.25	0.83	5427.4	2000.0	1700.0	1996100467.0	1.0	1.0	1.0							1.0
000a000027	1999	187	12	3	55	3	0.0	0.0	19.0		36.0		22.0		29.0		0.25	0.73	7362.0	1400.0	0.0	1994106113.0	3.0	0.0	3.0							0.0
000a000027	1998	201	20	2	141	3	1.0	0.0	33.0		107.0		79.0		59.0		0.1	0.4	6988.3	2000.0	1800.0	1995102790.0	1.0	2.0	2.0							1.0
000a000027	1997	155	25	5	148	7	1.0	0.0	37.0		110.0		95.0		50.0		0.2	0.46	10079.0	1366.7	1700.0	1994106113.0	1.0	6.0	6.0							1.0
000a000027	1996	172	25	6	131	7	0.0	0.0	26.0		105.0		67.0		60.0		0.24	0.44	9651.9	1500.0	1300.0	1992107520.0	1.0	6.0	2.0							4.0
000a000027	1995	120	30	9	172	11	1.0	0.0	14.0		157.0		98.0		74.0		0.3	0.54	14111.5	1533.3	1420.0	1992106146.0	1.0	10.0	6.0							5.0
000a000027	1994	542	7	0	19	0	0.0	0.0	0.0		19.0		15.0		4.0		0.0	0.09	529.0	0.0	0.0	1992107109.0	0.0	0.0	0.0							0.0
000a001cba	2001	520	1	0	2	0	0.0	0.0	0.0		2.0		0.0		2.0		0.0	0.0	0.0	0.0	0.0	1997110310.0	0.0	0.0	0.0							0.0
000a001cba	2000	523	1	0	3	0	0.0	0.0	0.0		3.0		2.0		1.0		0.0	0.06	51.0	0.0	0.0	1997110310.0	0.0	0.0	0.0							0.0
000a001cba	1994	651	1	0	1	0	1.0	0.0	0.0		0.0		1.0		0.0		0.0	0.0	0.0	0.0	0.0	1990109708.0	0.0	0.0	0.0							0.0
000a0000ca	2008	370	1	0	8	0	0.0	0.0	8.0		0.0		8.0		0.0		0.0	0.94	594.7	0.0	0.0	2000106135.0	0.0	0.0	0.0							0.0
000a0000ca	2007	309	1	0	6	0	0.0	0.0	6.0		0.0		6.0		0.0		0.0	2.13	1398.4	0.0	0.0	2000106135.0	0.0	0.0	0.0							0.0
000a0000ca	2006	306	2	1	5	1	0.0	0.0	2.0		3.0		4.0		1.0		0.5	1.03	1348.9	2000.0	0.0	2000106135.0	1.0	0.0	1.0							0.0
000a0000ca	2005	304	2	1	11	1	0.0	0.0	8.0		3.0		11.0		0.0		0.5	0.97	1289.2	2200.0	0.0	2000106135.0	0.0	1.0	1.0							0.0
000a0000ca	2004	191	4	2	17	3	0.0	0.0	6.0		11.0		16.0		1.0		0.5	1.77	4816.5	2033.3	0.0	1999105982.0	1.0	2.0	3.0							0.0
000a0000ca	2003	291	7	1	25	1	1.0	0.0	10.0		14.0		20.0		3.0		0.143	0.38	1842.1	2200.0	0.0	1999105982.0	0.0	1.0	1.0							0.0
000a0000ca	2002	131	17	4	65	5	10.0	0.0	17.0		38.0		52.0		13.0		0.235	0.82	10133.8	2300.0	0.0	1997106455.0	3.0	2.0	5.0							0.0
000a0000ca	2001	79	30	6	139	6	8.0	1.0	43.0		88.0		93.0		45.0		0.2	0.98	22453.7	1750.0	1750.0	1996104508.0	3.0	2.0	4.0							2.0
000a0000ca	2000	61	34	7	174	12	5.0	2.0	29.0		140.0		106.0		52.0		0.206	1.04	28714.1	1927.3	0.0	1996104508.0	4.0	6.0	11.0							0.0
000a0000ca	1999	77	46	11	199	17	7.0	0.0	27.0		165.0		105.0		86.0		0.239	0.59	22747.8	1925.0	1666.7	1996107673.0	4.0	13.0	12.0							3.0
000a0000ca	1998	89	30	7	173	7	9.0	0.0	45.0		119.0		103.0		66.0		0.233	0.78	20413.4	1800.0	1733.3	1993106144.0	1.0	6.0	3.0							3.0
000a0000ca	1997	68	27	9	167	13	7.0	0.0	30.0		130.0		98.0		62.0		0.333	1.09	25762.9	2100.0	1728.6	1993106131.0	3.0	10.0	4.0							7.0
000a0000ca	1996	74	27	7	131	8	4.0	1.0	35.0		92.0		86.0		43.0		0.259	0.97	23203.3	2016.7	1500.0	1993106131.0	2.0	5.0	6.0							2.0
000a0000ca	1995	87	18	9	90	13	5.0	0.0	26.0		59.0		72.0		18.0		0.5	1.24	19395.0	1833.3	1525.0	1992110317.0	3.0	10.0	9.0							4.0
000a0000ca	1994	210	7	4	31	6	0.0	0.0	9.0		22.0		25.0		6.0		0.571	1.03	6224.9	1800.0	1000.0	1991110002.0	2.0	4.0	5.0							1.0
000a001d00	2005	476	1	0	1	0	1.0	0.0	0.0		0.0		0.0		1.0		0.0	0.0	0.0	0.0	0.0	2001190007.0	0.0	0.0	0.0							0.0
000a001d00	1995	444	1	0	14	0	0.0	0.0	0.0		14.0		14.0		0.0		0.0	1.34	1165.0	0.0	0.0	1992110103.0	0.0	0.0	0.0							0.0
000a001d00	1994	526	1	0	6	0	0.0	0.0	0.0		6.0		4.0		2.0		0.0	0.73	628.0	0.0	0.0	1992110103.0	0.0	0.0	0.0							0.0
000a001c14	1994	643	1	0	3	0	0.0	0.0	0.0		3.0		2.0		1.0		0.0	0.06	50.0	0.0	0.0	1991109378.0	0.0	0.0	0.0							0.0
1984104818	2000	526	2	0	4	0	0.0	0.0	0.0		4.0		0.0		1.0		0.0	0.0	0.0	0.0	0.0	1997109150.0	0.0	0.0	0.0							0.0
1984104818	1999	509	4	0	15	0	0.0	0.0	5.0		10.0		6.0		1.0		0.0	0.1	335.0	0.0	0.0	1995104584.0	0.0	0.0	0.0							0.0
1984104818	1998	494	9	0	37	0	0.0	0.0	4.0		33.0		14.0		17.0		0.0	0.06	503.0	0.0	0.0	1995104584.0	0.0	0.0	0.0							0.0
1984104818	1997	580	2	0	2	0	0.0	0.0	0.0		2.0		1.0		1.0		0.0	0.06	110.0	0.0	0.0	1995104582.0	0.0	0.0	0.0							0.0
1984104818	1996	443	6	0	36	0	0.0	0.0	1.0		35.0		10.0		26.0		0.0	0.21	1119.0	0.0	0.0	1993108722.0	0.0	0.0	0.0							0.0
1984104818	1995	457	4	1	23	1	0.0	0.0	1.0		22.0		9.0		14.0		0.25	0.29	994.0	0.0	1200.0	1992102270.0	0.0	1.0	0.0							1.0
1984104818	1994	651	2	0	4	0	0.0	0.0	0.0		4.0		4.0		0.0		0.0	0.0	0.0	0.0	0.0	1992101840.0	0.0	0.0	0.0							0.0
000a001dcb	2003	485	1	0	2	0	0.0	0.0	0.0		2.0		0.0		0.0		0.0	0.0	0.0	0.0	0.0	1997110217.0	0.0	0.0	0.0							0.0
000a001dcb	2002	454	4	0	17	0	1.0	0.0	10.0		6.0		13.0		0.0		0.0	0.09	255.0	0.0	0.0	1996110264.0	0.0	0.0	0.0							0.0
000a001dcb	2001	214	4	1	16	1	1.0	0.0	13.0		2.0		13.0		3.0		0.25	1.48	4523.9	1800.0	0.0	1994109557.0	1.0	0.0	1.0							0.0
000a001dcb	2000	165	7	3	45	3	4.0	0.0	21.0		20.0		31.0		14.0		0.429	1.37	7777.2	1400.0	0.0	1996110266.0	2.0	1.0	3.0							0.0
000a001dcb	1999	190	5	4	36	7	7.0	0.0	12.0		17.0		25.0		11.0		0.8	1.73	7258.4	1460.0	1500.0	1996110266.0	1.0	6.0	5.0							2.0
000a001dcb	1998	505	5	0	11	0	1.0	0.0	3.0		7.0		6.0		5.0		0.0	0.09	390.0	0.0	0.0	1996110266.0	0.0	0.0	0.0							0.0
000a001dcb	1997	176	4	1	18	1	6.0	1.0	5.0		7.0		15.0		3.0		0.25	2.54	8865.8	1800.0	0.0	1994109557.0	0.0	0.0	1.0							0.0
000a001dcb	1996	253	2	2	13	2	0.0	0.0	11.0		2.0		12.0		1.0		1.0	2.62	4621.5	1400.0	0.0	1992110227.0	1.0	1.0	2.0							0.0
000a001dcb	1995	199	2	2	18	4	1.0	0.0	11.0		6.0		15.0		3.0		1.0	4.05	7043.2	1300.0	0.0	1992110227.0	3.0	1.0	4.0							0.0
000a001dcb	1994	444	1	1	3	1	0.0	0.0	1.0		2.0		3.0		0.0		1.0	1.4	1212.8	1600.0	0.0	1992110227.0	0.0	1.0	1.0							0.0
000a001be8	1996	596	1	0	5	0	0.0	0.0	1.0		4.0		2.0		3.0		0.0	0.0	0.0	0.0	0.0	1991106908.0	0.0	0.0	0.0							0.0
000a001be8	1994	450	1	1	2	2	0.0	0.0	0.0		2.0		2.0		0.0		1.0	1.36	1180.0	2000.0	0.0	1991106908.0	0.0	2.0	2.0							0.0
1984106229	2005	476	1	0	2	0		0.0									0.0	0.0	0.0	0.0	0.0	2002101512.0	0.0	0.0	0.0	0.0		0.0	2.0	0.0	2.0	0.0
1984106229	2004	428	3	0	12	0		0.0									0.0	0.09	180.0	0.0	0.0	1997101521.0	0.0	0.0	0.0	0.0		1.0	11.0	4.0	6.0	0.0
1984106229	2003	421	5	0	20	0		0.0									0.0	0.12	425.0	0.0	0.0	1998105355.0	0.0	0.0	0.0	1.0		0.0	19.0	2.0	14.0	0.0
1984106229	2002	379	5	0	24	0		0.0									0.0	0.23	830.0	0.0	0.0	1997104815.0	0.0	0.0	0.0	2.0		3.0	19.0	6.0	12.0	0.0
1984106229	2001	293	9	1	28	2		0.0									0.111	0.35	2380.0	2350.0	0.0	1996105437.0	0.0	2.0	2.0	0.0		8.0	20.0	13.0	13.0	0.0
1984106229	2000	270	15	1	67	1		0.0									0.067	0.25	3017.0	1200.0	0.0	1995107080.0	0.0	1.0	1.0	4.0		7.0	56.0	21.0	33.0	0.0
1984106229	1999	104	21	2	125	2		0.0									0.095	0.85	14943.0	0.0	1200.0	1995107080.0	0.0	2.0	0.0	11.0		27.0	87.0	51.0	60.0	1.0
1984106229	1998	141	16	3	108	3		0.0									0.188	0.84	11677.1	2000.0	1300.0	1992107563.0	0.0	3.0	1.0	8.0		28.0	72.0	52.0	56.0	2.0
1984106229	1997	116	31	5	140	7		0.0									0.161	0.54	14657.3	1766.7	1633.3	1992107563.0	0.0	7.0	3.0	7.0		21.0	112.0	89.0	50.0	3.0
1984106229	1996	80	28	6	166	9		0.0									0.214	0.91	22427.9	2200.0	1750.0	1992107563.0	5.0	4.0	5.0	7.0		30.0	129.0	82.0	74.0	2.0
1984106229	1995	194	27	3	113	5		0.0									0.111	0.31	7300.2	1850.0	1700.0	1992106715.0	2.0	3.0	4.0	0.0		17.0	96.0	61.0	52.0	1.0
1984106229	1994	478	4	1	7	1		0.0									0.25	0.27	919.0	1200.0	0.0	1992106715.0	0.0	1.0	1.0	0.0		0.0	7.0	6.0	1.0	0.0
000a000229	2006	485	1	0	1	0			0.0			0.0	0.0	0.0	1.0		0.0	0.0	0.0	0.0	0.0	2001109201.0	0.0			1.0	0.0		0.0			0.0
000a000229	2005	476	2	0	9	0			4.0			0.0	1.0	0.0	7.0		0.0	0.0	0.0	0.0	0.0	1998106522.0	0.0			0.0	0.0		5.0			0.0
000a000229	2004	257	9	1	43	1			6.0			0.0	3.0	0.0	40.0		0.111	0.37	2282.1	0.0	1700.0	1999109219.0	1.0			1.0	0.0		36.0			1.0
000a000229	2003	319	10	1	25	1			4.0			1.0	5.0	0.0	17.0		0.1	0.21	1485.0	0.0	1800.0	1996101663.0	0.0			2.0	0.0		19.0			1.0
000a000229	2002	141	11	2	61	2			17.0			2.0	18.0	0.0	36.0		0.182	1.15	9220.0	0.0	1800.0	1996101663.0	0.0			5.0	0.0		39.0			1.0
000a000229	2001	241	15	1	67	1			14.0			1.0	16.0	1.0	45.0		0.067	0.32	3690.0	1200.0	0.0	1998106522.0	0.0			1.0	0.0		52.0			0.0
000a000229	2000	47	28	10	170	17			37.0			10.0	44.0	3.0	97.0		0.357	1.66	37752.1	1666.7	1445.5	1994103308.0	6.0			12.0	1.0		121.0			11.0
000a000229	1999	84	43	10	213	13			28.0			12.0	53.0	2.0	131.0		0.233	0.57	20673.7	1300.0	1611.1	1996103636.0	1.0			0.0	0.0		185.0			9.0
000a000229	1998	93	42	9	199	13			38.0			12.0	40.0	0.0	159.0		0.214	0.54	19670.6	0.0	1661.5	1993108003.0	1.0			1.0	0.0		160.0			13.0
000a000229	1997	51	36	15	229	23			35.0			22.0	60.0	0.0	164.0		0.417	1.03	32321.9	0.0	1652.2	1991109222.0	1.0			2.0	0.0		192.0			23.0
000a000229	1996	98	29	7	170	11			34.0			8.0	72.0	1.0	98.0		0.241	0.76	19529.7	1200.0	1530.0	1991109222.0	3.0			2.0	0.0		134.0			10.0
000a000229	1995	183	9	4	35	5			15.0			4.0	20.0	1.0	15.0		0.444	1.0	7803.9	1000.0	1300.0	1991109222.0	1.0			1.0	0.0		19.0			4.0
000a000229	1994	368	1	1	7	2			1.0			2.0	0.0	0.0	7.0		1.0	2.48	2148.0	0.0	1200.0	1991109222.0	0.0			0.0	0.0		6.0			2.0
1986109003	2004	465	1	0	1	0			1.0			0.0	0.0	0.0	1.0		0.0	0.0	0.0	0.0	0.0	1999107432.0	0.0			0.0	0.0		0.0			0.0
1986109003	2003	422	3	0	17	0			2.0			0.0	5.0	0.0	11.0		0.0	0.2	420.0	0.0	0.0	1999107432.0	0.0			4.0	0.0		11.0			0.0
1986109003	2002	198	4	1	35	2			15.0			1.0	20.0	0.0	13.0		0.25	1.97	5733.4	0.0	1750.0	1995101825.0	1.0			9.0	0.0		11.0			2.0
1986109003	2001	102	9	2	56	4			18.0			1.0	25.0	3.0	28.0		0.222	2.08	14300.9	1866.7	1800.0	1995102642.0	3.0			6.0	0.0		32.0			1.0
1986109003	2000	115	16	2	113	2			39.0			1.0	78.0	2.0	35.0		0.125	1.07	13932.8	1900.0	0.0	1995107863.0	0.0			4.0	1.0		70.0			0.0
1986109003	1999	98	21	4	91	8			46.0			4.0	60.0	5.0	30.0		0.19	0.91	16075.9	1400.0	1733.3	1995107863.0	4.0			1.0	0.0		44.0			3.0
1986109003	1998	99	32	10	195	11			38.0			10.0	87.0	5.0	99.0		0.313	0.67	18737.6	1760.0	1540.0	1994104855.0	1.0			4.0	0.0		153.0			5.0
1986109003	1997	67	29	10	196	15			41.0			10.0	96.0	8.0	89.0		0.345	1.03	26104.0	1675.0	1514.3	1994104855.0	5.0			2.0	0.0		153.0			7.0
1986109003	1996	68	32	12	183	14			36.0			12.0	111.0	9.0	72.0		0.375	0.91	25684.2	1711.1	1360.0	1992105836.0	2.0			7.0	0.0		140.0			5.0
1986109003	1995	70	28	14	167	16			28.0			14.0	103.0	9.0	64.0		0.5	1.04	25333.5	1700.0	1471.4	1992100045.0	2.0			8.0	0.0		131.0			7.0
1986109003	1994	378	5	3	10	3			0.0			3.0	10.0	3.0	0.0		0.6	0.45	1944.0	1600.0	0.0	1992109622.0	0.0			1.0	0.0		9.0			0.0
000a00016d	2003	485	1	0	2	0			2.0			0.0	2.0	0.0	0.0		0.0	0.0	0.0	0.0	0.0	1994103285.0	0.0			0.0	0.0		0.0			0.0
000a00016d	2002	394	2	0	7	0			3.0			0.0	3.0	0.0	1.0		0.0	0.48	702.2	0.0	0.0	1996106433.0	0.0			0.0	0.0		4.0			0.0
000a00016d	2001	225	3	1	17	3			7.0			1.0	11.0	3.0	6.0		0.333	1.81	4150.6	1200.0	0.0	1996106433.0	2.0			0.0	0.0		10.0			0.0
000a00016d	2000	203	9	1	63	1			21.0			0.0	24.0	0.0	39.0		0.111	0.73	5381.7	0.0	1400.0	1994101865.0	1.0			0.0	0.0		42.0			1.0
000a00016d	1999	215	15	3	81	3			16.0			3.0	23.0	1.0	58.0		0.2	0.45	5688.2	1200.0	1000.0	1994102740.0	0.0			0.0	0.0		65.0			2.0
000a00016d	1998	202	21	3	114	4			26.0			4.0	36.0	0.0	76.0		0.143	0.38	6985.0	0.0	1650.0	1994101865.0	0.0			0.0	0.0		88.0			4.0
000a00016d	1997	206	13	2	77	4			8.0			4.0	39.0	2.0	38.0		0.154	0.61	6939.0	1300.0	1000.0	1994103285.0	0.0			0.0	0.0		69.0			2.0
000a00016d	1996	193	14	5	85	5			14.0			5.0	45.0	3.0	40.0		0.357	0.64	7935.1	1733.3	1450.0	1991109992.0	0.0			1.0	0.0		70.0			2.0
000a00016d	1995	182	17	5	95	7			12.0			6.0	29.0	3.0	66.0		0.294	0.53	7815.2	1400.0	1200.0	1991109992.0	1.0			1.0	0.0		82.0			4.0
000a00016d	1994	300	6	2	23	3			10.0			2.0	21.0	3.0	2.0		0.333	0.7	3639.3	1400.0	0.0	1991109992.0	1.0			0.0	0.0		13.0			0.0
000a001b1d	2004	798	1	0	2	0			0.0			0.0	0.0	0.0	2.0		0.0	0.28	190.0	0.0	0.0	1998110163.0	0.0			0.0	0.0		2.0			0.0
000a001b1d	2003	867	1	0	2	0			0.0			0.0	0.0	0.0	2.0		0.0	0.0	0.0	0.0	0.0	1998110163.0	0.0			0.0	0.0		2.0			0.0
000a001b1d	2002	837	1	0	4	0			2.0			0.0	0.0	0.0	4.0		0.0	0.15	110.0	0.0	0.0	1998110163.0	0.0			0.0	0.0		2.0			0.0
000a001b1d	2001	642	1	1	6	1			1.0			1.0	0.0	0.0	6.0		1.0	1.1	840.0	0.0	1200.0	1998110163.0	0.0			0.0	0.0		5.0			1.0
000a001b1d	2000	875	1	0	2	0			2.0			0.0	2.0	0.0	0.0		0.0	0.0	0.0	0.0	0.0	1993104224.0	0.0			0.0	0.0		0.0			0.0
000a001b1d	1999	233	3	2	24	4			13.0			2.0	10.0	2.0	14.0		0.667	2.42	6086.4	1400.0	1550.0	1994109349.0	2.0			1.0	0.0		10.0			2.0
000a001b1d	1998	346	4	2	25	3			3.0			3.0	4.0	0.0	20.0		0.5	0.98	3419.6	0.0	1433.3	1994109349.0	0.0			0.0	0.0		22.0			3.0
000a001b1d	1997	776	2	0	6	0			4.0			0.0	5.0	0.0	1.0		0.0	0.1	180.0	0.0	0.0	1994109349.0	0.0			1.0	0.0		1.0			0.0
000a001b1d	1996	420	2	1	12	2			0.0			2.0	9.0	0.0	3.0		0.5	1.19	2110.0	0.0	1400.0	1994109349.0	0.0			1.0	0.0		11.0			2.0
000a001b1d	1995	662	2	0	25	0			1.0			0.0	12.0	0.0	13.0		0.0	0.32	559.0	0.0	0.0	1991109392.0	0.0			0.0	0.0		24.0			0.0
000a001b1d	1994	513	1	1	7	1			0.0			1.0	3.0	0.0	4.0		1.0	1.34	1159.0	0.0	1200.0	1991109392.0	0.0			0.0	0.0		7.0			1.0
000a000d60	2003	485	1	0	1	0			1.0			0.0	1.0	0.0	0.0		0.0	0.0	0.0	0.0	0.0	1997103259.0	0.0			0.0	0.0		0.0			0.0
000a000d60	2002	203	5	1	12	2			7.0			2.0	8.0	0.0	2.0		0.2	1.44	5258.9	0.0	0.0	1997109090.0	0.0			3.0	0.0		2.0			0.0
000a000d60	2001	163	8	2	41	2			26.0			1.0	24.0	1.0	6.0		0.25	1.28	7824.5	1200.0	0.0	1997109215.0	1.0			1.0	0.0		14.0			0.0
000a000d60	2000	103	21	4	116	4			57.0			2.0	83.0	3.0	29.0		0.19	0.94	15997.2	1200.0	1800.0	1994101239.0	2.0			11.0	0.0		48.0			1.0
000a000d60	1999	49	36	9	151	11			52.0			6.0	112.0	10.0	38.0		0.25	1.13	34286.4	1380.0	1600.0	1992108198.0	4.0			24.0	1.0		75.0			1.0
000a000d60	1998	36	35	11	193	19			85.0			9.0	121.0	15.0	72.0		0.314	1.41	42886.6	1513.3	1300.0	1994103332.0	9.0			7.0	1.0		101.0			4.0
000a000d60	1997	39	34	14	217	25			64.0			17.0	86.0	8.0	131.0		0.412	1.36	40297.2	1650.0	1423.5	1993103444.0	8.0			5.0	0.0		148.0			17.0
000a000d60	1996	48	33	12	185	18			28.0			15.0	75.0	8.0	110.0		0.364	1.13	33017.8	1987.5	1240.0	1992108198.0	2.0			5.0	1.0		152.0			10.0
000a000d60	1995	57	29	12	176	16			28.0			13.0	89.0	9.0	87.0		0.414	1.16	29184.3	1488.9	1457.1	1992108198.0	3.0			7.0	0.0		141.0			7.0
000a000d60	1994	266	5	2	21	3			6.0			2.0	13.0	3.0	8.0		0.4	1.06	4567.5	1466.7	0.0	1992108198.0	1.0			0.0	0.0		15.0			0.0
1985104409	2000	509	3	0	6	0			1.0			0.0	1.0	0.0	5.0		0.0	0.03	77.0	0.0	0.0	1996102485.0	0.0			0.0	0.0		5.0			0.0
1985104409	1999	369	10	1	47	1			8.0			1.0	24.0	0.0	23.0		0.1	0.2	1640.0	0.0	1700.0	1996102485.0	0.0			0.0	0.0		39.0			1.0
1985104409	1998	195	17	1	106	2			16.0			2.0	32.0	0.0	66.0		0.059	0.48	7154.4	0.0	1800.0	1993102043.0	0.0			0.0	0.0		90.0			2.0
1985104409	1997	191	28	7	148	7			17.0			7.0	81.0	3.0	62.0		0.25	0.33	7944.4	1900.0	1475.0	1993102043.0	0.0			0.0	0.0		131.0			4.0
1985104409	1996	148	30	6	188	7			26.0			7.0	102.0	3.0	86.0		0.2	0.45	11874.4	1933.3	1725.0	1993102043.0	0.0			2.0	0.0		160.0			4.0
1985104409	1995	221	29	7	146	7			6.0			7.0	94.0	6.0	51.0		0.241	0.23	5823.0	1716.7	1000.0	1992106176.0	0.0			0.0	0.0		140.0			1.0
1985104409	1994	544	5	0	17	0			0.0			0.0	13.0	0.0	4.0		0.0	0.12	503.0	0.0	0.0	1992108032.0	0.0			0.0	0.0		17.0			0.0
000a000d5b	2003	337	3	0	11	0			2.0			0.0	10.0	0.0	1.0		0.0	0.58	1219.6	0.0	0.0	1998106535.0	0.0			3.0	0.0		6.0			0.0
000a000d5b	2002	465	2	0	9	0			1.0			0.0	9.0	0.0	0.0		0.0	0.13	190.0	0.0	0.0	1998106535.0	0.0			3.0	0.0		5.0			0.0
000a000d5b	2001	208	3	1	23	1			2.0			0.0	16.0	1.0	7.0		0.333	2.07	4754.1	2000.0	0.0	1995102540.0	1.0			3.0	0.0		18.0			0.0
000a000d5b	2000	124	8	3	52	6			17.0			2.0	27.0	5.0	25.0		0.375	1.86	12102.5	1840.0	1000.0	1995102540.0	4.0			1.0	0.0		34.0			1.0
000a000d5b	1999	203	19	4	98	4			18.0			3.0	30.0	2.0	56.0		0.211	0.41	6555.0	1700.0	1550.0	1995102540.0	1.0			1.0	0.0		79.0			2.0
000a000d5b	1998	125	30	6	162	9			28.0			6.0	66.0	4.0	90.0		0.2	0.52	13541.3	1650.0	1240.0	1995102540.0	3.0			0.0	0.0		134.0			5.0
000a000d5b	1997	107	26	7	131	8			21.0			8.0	64.0	6.0	67.0		0.269	0.71	16127.3	1500.0	1100.0	1992108065.0	0.0			5.0	0.0		105.0			2.0
000a000d5b	1996	79	18	7	110	9			16.0			6.0	61.0	5.0	49.0		0.389	1.42	22576.7	1600.0	1775.0	1992108065.0	3.0			6.0	0.0		88.0			4.0
000a000d5b	1995	98	17	8	133	10			10.0			9.0	71.0	7.0	62.0		0.471	1.17	17269.9	1628.6	1633.3	1992108065.0	1.0			4.0	0.0		119.0			3.0
000a000d5b	1994	373	5	1	14	1			2.0			1.0	11.0	1.0	3.0		0.2	0.49	2112.5	1000.0	0.0	1992101363.0	0.0			0.0	0.0		12.0			0.0
